date,open,high,low,close,volume
2024-02-26 09:15:00,1413.55,1426.0,1413.55,1425.95,1176830
2024-02-26 09:25:00,1425.95,1425.95,1422.7,1423.35,432094
2024-02-26 09:35:00,1423.8,1426.95,1423.15,1426.9,275168
2024-02-26 09:45:00,1426.9,1427.7,1422.05,1423.7,296679
2024-02-26 09:55:00,1423.7,1423.95,1420.7,1422.7,422034
2024-02-26 10:05:00,1422.65,1423.95,1421.55,1422.7,170839
2024-02-26 10:15:00,1422.7,1424.9,1422.1,1423.95,122284
2024-02-26 10:25:00,1423.55,1425.65,1423.2,1425.1,166505
2024-02-26 10:35:00,1425.1,1426.75,1424.0,1424.7,158453
2024-02-26 10:45:00,1424.7,1425.45,1423.6,1424.05,123874
2024-02-26 10:55:00,1424.0,1424.6,1422.3,1424.2,124156
2024-02-26 11:05:00,1424.25,1424.8,1423.85,1424.7,121543
2024-02-26 11:15:00,1424.7,1426.5,1424.15,1425.95,124021
2024-02-26 11:25:00,1425.95,1427.0,1425.3,1426.0,186181
2024-02-26 11:35:00,1426.15,1427.9,1426.0,1427.75,172039
2024-02-26 11:45:00,1427.8,1429.0,1425.15,1425.45,212596
2024-02-26 11:55:00,1425.4,1427.8,1424.5,1426.95,181481
2024-02-26 12:05:00,1427.1,1427.6,1425.2,1425.35,159684
2024-02-26 12:15:00,1425.55,1426.5,1423.0,1426.3,158777
2024-02-26 12:25:00,1426.4,1428.35,1426.05,1427.75,180449
2024-02-26 12:35:00,1427.75,1428.6,1427.0,1428.25,214471
2024-02-26 12:45:00,1428.35,1429.0,1426.6,1429.0,256290
2024-02-26 12:55:00,1429.0,1431.0,1428.5,1429.5,302321
2024-02-26 13:05:00,1429.6,1432.95,1429.3,1431.85,1119176
2024-02-26 13:15:00,1431.85,1434.0,1431.1,1431.9,262783
2024-02-26 13:25:00,1431.9,1433.0,1430.65,1431.3,163070
2024-02-26 13:35:00,1431.35,1431.95,1429.1,1430.55,228042
2024-02-26 13:45:00,1430.55,1434.85,1430.55,1433.95,325871
2024-02-26 13:55:00,1434.2,1434.4,1431.7,1433.25,214655
2024-02-26 14:05:00,1433.45,1434.6,1433.1,1433.7,175580
2024-02-26 14:15:00,1433.75,1434.0,1432.6,1433.85,140284
2024-02-26 14:25:00,1433.9,1434.35,1431.1,1431.35,227820
2024-02-26 14:35:00,1431.4,1432.35,1428.55,1429.95,270597
2024-02-26 14:45:00,1429.95,1430.0,1425.3,1426.55,240372
2024-02-26 14:55:00,1426.55,1428.25,1424.05,1424.95,405427
2024-02-26 15:05:00,1424.85,1424.95,1422.05,1422.45,734520
2024-02-26 15:15:00,1422.4,1422.5,1420.0,1420.6,834637
2024-02-26 15:25:00,1420.65,1422.5,1420.05,1421.95,269062
2024-02-27 09:15:00,1415.9,1419.5,1413.55,1419.45,1396091
2024-02-27 09:25:00,1419.2,1419.65,1415.25,1417.2,489366
2024-02-27 09:35:00,1417.3,1418.2,1415.5,1417.15,304906
2024-02-27 09:45:00,1417.15,1420.3,1416.35,1418.6,575021
2024-02-27 09:55:00,1418.9,1419.45,1417.7,1418.95,197973
2024-02-27 10:05:00,1419.0,1419.25,1414.3,1415.0,619427
2024-02-27 10:15:00,1415.2,1416.25,1413.05,1414.3,506897
2024-02-27 10:25:00,1414.3,1418.0,1414.1,1417.75,474370
2024-02-27 10:35:00,1417.75,1419.85,1417.35,1419.85,311634
2024-02-27 10:45:00,1419.9,1420.65,1419.2,1420.35,507612
2024-02-27 10:55:00,1420.35,1421.7,1418.8,1420.5,251466
2024-02-27 11:05:00,1420.5,1421.0,1419.0,1419.4,192032
2024-02-27 11:15:00,1419.2,1422.55,1419.0,1421.7,275253
2024-02-27 11:25:00,1421.7,1422.15,1420.0,1420.65,209521
2024-02-27 11:35:00,1420.95,1421.45,1419.0,1419.9,222458
2024-02-27 11:45:00,1419.85,1420.9,1419.0,1420.25,125075
2024-02-27 11:55:00,1420.65,1421.05,1419.55,1419.9,184702
2024-02-27 12:05:00,1419.95,1420.15,1418.6,1419.75,219125
2024-02-27 12:15:00,1419.9,1420.0,1418.3,1419.7,164087
2024-02-27 12:25:00,1419.7,1420.5,1419.0,1419.95,148378
2024-02-27 12:35:00,1419.95,1420.7,1419.05,1420.35,138743
2024-02-27 12:45:00,1420.4,1422.0,1420.0,1421.85,232768
2024-02-27 12:55:00,1421.9,1423.25,1421.4,1422.05,458642
2024-02-27 13:05:00,1422.2,1423.7,1420.4,1423.05,371599
2024-02-27 13:15:00,1423.1,1424.0,1421.8,1422.85,475282
2024-02-27 13:25:00,1422.85,1425.3,1422.0,1424.5,413481
2024-02-27 13:35:00,1424.35,1425.1,1423.3,1424.9,461893
2024-02-27 13:45:00,1424.55,1424.8,1421.4,1423.85,559912
2024-02-27 13:55:00,1424.1,1424.1,1422.0,1423.95,270123
2024-02-27 14:05:00,1424.0,1426.05,1423.05,1426.05,545384
2024-02-27 14:15:00,1426.0,1426.7,1418.7,1419.35,577573
2024-02-27 14:25:00,1419.4,1422.8,1419.0,1421.8,393492
2024-02-27 14:35:00,1421.6,1423.45,1421.0,1422.25,358471
2024-02-27 14:45:00,1422.45,1422.95,1420.5,1421.2,312767
2024-02-27 14:55:00,1421.2,1421.9,1419.35,1420.95,530483
2024-02-27 15:05:00,1421.05,1421.5,1418.1,1419.75,913190
2024-02-27 15:15:00,1419.75,1421.5,1419.15,1421.5,809044
2024-02-27 15:25:00,1421.45,1421.75,1419.15,1420.85,380526
2024-02-28 09:15:00,1421.0,1424.15,1417.5,1419.9,841005
2024-02-28 09:25:00,1419.9,1422.4,1418.65,1422.25,281288
2024-02-28 09:35:00,1422.25,1422.85,1420.05,1422.0,205959
2024-02-28 09:45:00,1421.9,1423.0,1421.55,1421.7,173604
2024-02-28 09:55:00,1421.7,1421.75,1419.0,1420.1,174421
2024-02-28 10:05:00,1420.2,1424.05,1420.0,1423.45,237363
2024-02-28 10:15:00,1423.45,1424.0,1422.5,1423.75,191790
2024-02-28 10:25:00,1423.6,1424.2,1422.85,1423.8,445184
2024-02-28 10:35:00,1423.75,1423.8,1422.0,1422.2,160165
2024-02-28 10:45:00,1422.25,1422.3,1415.75,1416.1,309979
2024-02-28 10:55:00,1415.9,1417.1,1405.1,1409.3,921077
2024-02-28 11:05:00,1409.0,1411.4,1408.1,1410.55,252926
2024-02-28 11:15:00,1410.5,1414.35,1410.05,1413.55,418820
2024-02-28 11:25:00,1413.55,1416.7,1413.2,1415.35,259481
2024-02-28 11:35:00,1415.35,1416.0,1411.0,1411.15,206406
2024-02-28 11:45:00,1411.35,1416.05,1410.9,1416.0,172226
2024-02-28 11:55:00,1416.1,1416.5,1413.7,1414.5,276288
2024-02-28 12:05:00,1414.9,1418.8,1414.4,1418.0,265103
2024-02-28 12:15:00,1418.35,1419.4,1417.05,1418.7,205716
2024-02-28 12:25:00,1418.5,1418.75,1415.6,1416.7,160031
2024-02-28 12:35:00,1416.65,1418.2,1416.05,1418.0,106868
2024-02-28 12:45:00,1418.25,1418.6,1414.35,1415.0,130001
2024-02-28 12:55:00,1414.9,1416.0,1412.55,1413.95,192920
2024-02-28 13:05:00,1413.65,1414.65,1407.05,1407.8,589465
2024-02-28 13:15:00,1408.5,1412.8,1408.05,1412.4,362905
2024-02-28 13:25:00,1412.35,1416.65,1411.35,1415.05,304082
2024-02-28 13:35:00,1415.0,1417.65,1415.0,1415.95,154373
2024-02-28 13:45:00,1415.95,1417.4,1414.4,1416.75,180426
2024-02-28 13:55:00,1416.6,1417.4,1414.7,1415.8,195373
2024-02-28 14:05:00,1415.8,1416.2,1414.4,1415.0,245987
2024-02-28 14:15:00,1415.0,1416.0,1413.8,1414.9,292025
2024-02-28 14:25:00,1415.0,1417.0,1412.6,1413.2,269456
2024-02-28 14:35:00,1413.3,1414.55,1411.0,1411.65,319468
2024-02-28 14:45:00,1411.65,1415.0,1411.4,1414.0,239840
2024-02-28 14:55:00,1414.0,1414.4,1411.7,1413.0,518276
2024-02-28 15:05:00,1413.05,1413.9,1410.0,1410.5,1000863
2024-02-28 15:15:00,1410.55,1411.0,1405.0,1406.75,885844
2024-02-28 15:25:00,1406.7,1406.8,1404.0,1406.15,425801
2024-02-29 09:15:00,1402.4,1406.45,1398.45,1401.45,1639339
2024-02-29 09:25:00,1401.45,1403.4,1399.55,1403.2,627384
2024-02-29 09:35:00,1403.2,1403.65,1399.4,1401.25,602181
2024-02-29 09:45:00,1401.75,1407.9,1400.8,1407.4,533711
2024-02-29 09:55:00,1407.4,1409.85,1407.05,1407.1,299754
2024-02-29 10:05:00,1407.05,1407.2,1400.0,1401.85,917265
2024-02-29 10:15:00,1401.6,1404.55,1399.75,1402.75,548263
2024-02-29 10:25:00,1403.0,1403.85,1401.8,1403.35,352320
2024-02-29 10:35:00,1403.35,1405.0,1402.35,1403.1,310429
2024-02-29 10:45:00,1403.1,1404.3,1401.25,1401.8,473794
2024-02-29 10:55:00,1401.6,1402.7,1401.0,1402.0,348636
2024-02-29 11:05:00,1402.0,1403.95,1401.8,1403.95,283431
2024-02-29 11:15:00,1404.0,1405.0,1402.2,1403.0,332636
2024-02-29 11:25:00,1403.2,1403.4,1401.8,1403.1,317778
2024-02-29 11:35:00,1403.1,1404.25,1403.0,1403.7,189845
2024-02-29 11:45:00,1403.45,1404.1,1402.0,1402.95,305697
2024-02-29 11:55:00,1402.85,1403.35,1401.75,1403.2,287135
2024-02-29 12:05:00,1403.25,1403.35,1401.55,1402.0,227735
2024-02-29 12:15:00,1402.0,1402.5,1400.15,1400.55,299232
2024-02-29 12:25:00,1400.35,1400.85,1398.65,1398.95,589008
2024-02-29 12:35:00,1399.0,1402.9,1398.5,1402.45,625210
2024-02-29 12:45:00,1402.45,1403.0,1401.3,1401.85,273733
2024-02-29 12:55:00,1401.9,1402.75,1401.55,1402.5,298425
2024-02-29 13:05:00,1402.5,1405.0,1401.95,1404.8,371774
2024-02-29 13:15:00,1404.85,1405.7,1402.0,1403.55,595415
2024-02-29 13:25:00,1403.35,1405.6,1402.85,1405.0,455761
2024-02-29 13:35:00,1405.15,1405.9,1401.7,1403.25,534174
2024-02-29 13:45:00,1403.15,1405.95,1401.35,1405.45,765934
2024-02-29 13:55:00,1405.2,1405.9,1403.0,1403.6,365051
2024-02-29 14:05:00,1403.55,1405.4,1403.4,1405.3,332183
2024-02-29 14:15:00,1405.25,1405.5,1403.5,1404.5,315431
2024-02-29 14:25:00,1404.35,1406.5,1403.0,1403.3,483435
2024-02-29 14:35:00,1403.3,1409.0,1403.3,1408.35,539657
2024-02-29 14:45:00,1408.5,1410.4,1406.65,1406.75,673459
2024-02-29 14:55:00,1406.7,1406.7,1397.75,1398.35,2429044
2024-02-29 15:05:00,1398.45,1404.85,1397.3,1404.05,3227250
2024-02-29 15:15:00,1404.0,1407.4,1404.0,1406.25,2795902
2024-02-29 15:25:00,1406.5,1409.95,1405.5,1408.0,1167137
2024-03-01 09:15:00,1404.25,1418.0,1400.0,1412.7,1588160
2024-03-01 09:25:00,1412.7,1412.8,1409.9,1409.9,623463
2024-03-01 09:35:00,1409.95,1412.5,1408.45,1411.6,481431
2024-03-01 09:45:00,1411.6,1412.9,1410.0,1410.95,554973
2024-03-01 09:55:00,1410.95,1411.0,1409.3,1409.3,350521
2024-03-01 10:05:00,1409.35,1411.25,1409.3,1410.55,375822
2024-03-01 10:15:00,1410.4,1411.7,1410.05,1411.0,293033
2024-03-01 10:25:00,1411.1,1412.0,1410.6,1411.65,379228
2024-03-01 10:35:00,1411.7,1414.0,1411.55,1413.05,295212
2024-03-01 10:45:00,1413.05,1414.25,1412.6,1414.2,315189
2024-03-01 10:55:00,1414.25,1414.25,1412.0,1413.15,261097
2024-03-01 11:05:00,1413.05,1416.7,1412.95,1416.15,401886
2024-03-01 11:15:00,1416.1,1419.95,1415.9,1418.75,418757
2024-03-01 11:25:00,1419.0,1419.7,1417.15,1418.0,304858
2024-03-01 11:35:00,1417.75,1422.0,1417.0,1418.85,450332
2024-03-01 11:45:00,1418.85,1419.8,1418.15,1418.35,274452
2024-03-01 11:55:00,1418.2,1419.95,1416.4,1418.15,342013
2024-03-01 12:05:00,1418.05,1418.95,1417.0,1418.45,207484
2024-03-01 12:15:00,1418.05,1418.45,1416.35,1417.85,260240
2024-03-01 12:25:00,1417.8,1418.85,1416.75,1418.3,263369
2024-03-01 12:35:00,1418.3,1420.7,1417.6,1420.15,236905
2024-03-01 12:45:00,1420.15,1420.15,1418.25,1419.8,279271
2024-03-01 12:55:00,1419.8,1420.0,1418.25,1419.65,239872
2024-03-01 13:05:00,1419.2,1419.8,1416.5,1417.05,193297
2024-03-01 13:15:00,1417.0,1419.75,1417.0,1419.0,223277
2024-03-01 13:25:00,1419.2,1419.8,1418.1,1419.15,232553
2024-03-01 13:35:00,1419.1,1419.5,1418.55,1419.5,201666
2024-03-01 13:45:00,1419.5,1422.95,1419.2,1422.1,328938
2024-03-01 13:55:00,1422.15,1424.0,1421.35,1423.1,290443
2024-03-01 14:05:00,1423.2,1426.55,1422.75,1426.0,396821
2024-03-01 14:15:00,1426.0,1428.25,1425.0,1427.35,518410
2024-03-01 14:25:00,1427.45,1428.75,1426.6,1428.45,423455
2024-03-01 14:35:00,1428.4,1428.5,1426.9,1427.7,600278
2024-03-01 14:45:00,1427.6,1429.95,1426.5,1428.3,1178273
2024-03-01 14:55:00,1428.3,1432.3,1428.0,1431.8,1032794
2024-03-01 15:05:00,1431.8,1432.7,1430.9,1432.1,855551
2024-03-01 15:15:00,1432.05,1432.75,1428.05,1428.3,830084
2024-03-01 15:25:00,1428.35,1429.3,1427.25,1429.3,262803
2024-03-02 09:15:00,1435.0,1436.0,1430.0,1431.8,144626
2024-03-02 09:25:00,1431.8,1433.65,1431.1,1432.2,83453
2024-03-02 09:35:00,1432.55,1433.1,1431.3,1432.0,87773
2024-03-02 09:45:00,1431.9,1432.0,1428.1,1430.95,144485
2024-03-02 09:55:00,1431.05,1431.65,1430.0,1431.65,48970
2024-03-02 11:25:00,1430.8,1432.0,1430.0,1430.35,62045
2024-03-02 11:35:00,1430.35,1431.9,1430.05,1430.85,56562
2024-03-02 11:45:00,1430.8,1431.8,1429.65,1430.0,57831
2024-03-02 11:55:00,1430.05,1430.8,1429.35,1430.45,37872
2024-03-02 12:05:00,1430.2,1431.45,1430.15,1430.8,44535
2024-03-02 12:15:00,1430.8,1431.05,1430.25,1430.9,54127
2024-03-02 12:25:00,1430.8,1431.0,1430.5,1430.95,58258
2024-03-04 09:15:00,1430.95,1437.0,1430.95,1434.0,1606772
2024-03-04 09:25:00,1434.0,1434.35,1431.7,1432.25,1347567
2024-03-04 09:35:00,1432.25,1434.0,1431.85,1433.7,672309
2024-03-04 09:45:00,1433.7,1433.7,1428.0,1430.0,442978
2024-03-04 09:55:00,1429.65,1432.5,1426.65,1432.1,467408
2024-03-04 10:05:00,1432.1,1432.45,1430.35,1432.0,244522
2024-03-04 10:15:00,1432.0,1432.35,1430.35,1432.0,231437
2024-03-04 10:25:00,1431.9,1434.0,1431.9,1433.45,210898
2024-03-04 10:35:00,1433.4,1434.6,1431.8,1431.9,247089
2024-03-04 10:45:00,1431.8,1431.9,1428.35,1428.9,313781
2024-03-04 10:55:00,1428.9,1428.9,1425.0,1425.25,426939
2024-03-04 11:05:00,1425.35,1428.6,1425.35,1428.3,256406
2024-03-04 11:15:00,1428.3,1429.9,1426.25,1429.35,235020
2024-03-04 11:25:00,1429.4,1430.6,1428.85,1429.65,295852
2024-03-04 11:35:00,1429.65,1430.15,1428.0,1430.0,293799
2024-03-04 11:45:00,1429.9,1430.9,1428.95,1429.45,259090
2024-03-04 11:55:00,1429.55,1430.0,1427.1,1427.35,255872
2024-03-04 12:05:00,1427.35,1428.05,1425.95,1427.85,413293
2024-03-04 12:15:00,1427.8,1428.75,1427.05,1427.15,332102
2024-03-04 12:25:00,1427.0,1427.5,1426.3,1427.3,298513
2024-03-04 12:35:00,1427.35,1427.45,1426.1,1426.6,224495
2024-03-04 12:45:00,1426.65,1426.65,1424.3,1425.0,488607
2024-03-04 12:55:00,1424.95,1427.0,1424.95,1426.45,295030
2024-03-04 13:05:00,1426.5,1428.4,1426.45,1427.4,310506
2024-03-04 13:15:00,1427.15,1430.0,1427.15,1429.9,221540
2024-03-04 13:25:00,1430.0,1430.05,1428.75,1429.05,278133
2024-03-04 13:35:00,1429.05,1430.0,1428.95,1429.75,263125
2024-03-04 13:45:00,1429.55,1430.0,1429.0,1429.3,270310
2024-03-04 13:55:00,1429.3,1429.4,1427.95,1429.4,360424
2024-03-04 14:05:00,1429.35,1433.5,1429.35,1433.25,513315
2024-03-04 14:15:00,1433.25,1433.7,1430.65,1431.5,487396
2024-03-04 14:25:00,1431.0,1432.55,1430.4,1430.85,393475
2024-03-04 14:35:00,1430.75,1431.0,1429.55,1429.7,373129
2024-03-04 14:45:00,1429.5,1430.85,1429.45,1430.6,427960
2024-03-04 14:55:00,1430.6,1433.65,1430.5,1433.45,1044488
2024-03-04 15:05:00,1433.5,1434.95,1432.3,1432.5,1344251
2024-03-04 15:15:00,1432.5,1432.5,1430.2,1431.75,984579
2024-03-04 15:25:00,1431.5,1433.65,1431.5,1433.0,421672
2024-03-05 09:15:00,1424.0,1429.3,1421.65,1429.05,1656100
2024-03-05 09:25:00,1428.55,1430.65,1427.15,1427.55,742550
2024-03-05 09:35:00,1427.5,1428.2,1426.0,1427.4,647183
2024-03-05 09:45:00,1427.3,1427.45,1423.35,1424.1,407821
2024-03-05 09:55:00,1424.1,1426.5,1424.05,1426.4,218278
2024-03-05 10:05:00,1426.4,1426.75,1423.9,1425.75,247318
2024-03-05 10:15:00,1425.85,1427.2,1422.4,1423.0,444160
2024-03-05 10:25:00,1423.0,1425.0,1422.5,1424.95,251366
2024-03-05 10:35:00,1424.9,1426.4,1424.35,1426.25,282907
2024-03-05 10:45:00,1426.1,1428.0,1425.5,1427.2,327716
2024-03-05 10:55:00,1427.2,1427.75,1426.1,1427.4,232862
2024-03-05 11:05:00,1427.35,1428.35,1426.05,1427.55,309989
2024-03-05 11:15:00,1427.55,1427.9,1426.6,1427.65,241105
2024-03-05 11:25:00,1427.65,1428.4,1426.85,1427.45,188208
2024-03-05 11:35:00,1427.5,1427.6,1426.25,1426.55,353172
2024-03-05 11:45:00,1426.45,1428.3,1426.4,1428.0,291325
2024-03-05 11:55:00,1428.05,1428.05,1426.5,1427.7,256809
2024-03-05 12:05:00,1427.75,1427.8,1426.65,1427.6,287521
2024-03-05 12:15:00,1427.65,1427.65,1426.0,1426.05,229304
2024-03-05 12:25:00,1426.0,1426.1,1424.25,1425.2,212594
2024-03-05 12:35:00,1425.2,1426.5,1424.85,1425.8,240886
2024-03-05 12:45:00,1426.0,1433.65,1425.8,1433.65,494883
2024-03-05 12:55:00,1433.75,1435.5,1432.95,1434.3,459644
2024-03-05 13:05:00,1434.45,1435.15,1433.3,1434.05,432118
2024-03-05 13:15:00,1434.05,1434.95,1432.8,1433.8,295348
2024-03-05 13:25:00,1433.85,1434.5,1433.05,1434.05,262429
2024-03-05 13:35:00,1433.95,1436.0,1433.95,1434.1,291502
2024-03-05 13:45:00,1433.95,1434.85,1431.35,1433.2,317022
2024-03-05 13:55:00,1433.5,1438.2,1433.0,1437.7,373531
2024-03-05 14:05:00,1437.7,1440.85,1437.25,1439.15,815722
2024-03-05 14:15:00,1439.35,1441.75,1438.3,1440.75,558607
2024-03-05 14:25:00,1440.7,1441.0,1437.35,1439.35,556411
2024-03-05 14:35:00,1439.25,1440.65,1438.4,1439.65,761779
2024-03-05 14:45:00,1439.55,1440.3,1438.45,1439.25,1168579
2024-03-05 14:55:00,1439.25,1441.0,1438.25,1440.8,1417114
2024-03-05 15:05:00,1440.8,1443.0,1439.85,1442.35,1147611
2024-03-05 15:15:00,1442.25,1442.5,1438.8,1440.3,747399
2024-03-05 15:25:00,1440.35,1440.6,1439.1,1439.2,292690
2024-03-06 09:15:00,1433.55,1437.8,1433.55,1436.3,1014634
2024-03-06 09:25:00,1436.2,1439.65,1435.5,1438.95,552027
2024-03-06 09:35:00,1439.0,1448.55,1437.4,1448.0,911408
2024-03-06 09:45:00,1447.9,1451.5,1446.3,1447.75,1039463
2024-03-06 09:55:00,1447.75,1448.75,1444.2,1448.0,846897
2024-03-06 10:05:00,1448.0,1451.65,1447.3,1449.65,1085633
2024-03-06 10:15:00,1449.65,1452.85,1447.0,1449.35,743574
2024-03-06 10:25:00,1449.7,1450.3,1446.3,1446.7,495746
2024-03-06 10:35:00,1446.7,1447.5,1444.75,1446.5,538031
2024-03-06 10:45:00,1446.35,1446.75,1441.3,1442.4,591325
2024-03-06 10:55:00,1442.85,1448.3,1442.4,1447.65,291616
2024-03-06 11:05:00,1447.65,1448.45,1444.5,1445.6,318451
2024-03-06 11:15:00,1445.05,1445.65,1443.0,1445.0,332202
2024-03-06 11:25:00,1445.0,1448.4,1444.8,1445.9,230853
2024-03-06 11:35:00,1445.95,1446.7,1443.65,1444.2,170537
2024-03-06 11:45:00,1444.2,1444.85,1442.55,1443.8,172511
2024-03-06 11:55:00,1443.55,1445.0,1441.15,1442.8,245626
2024-03-06 12:05:00,1442.85,1444.4,1442.05,1443.9,177335
2024-03-06 12:15:00,1444.3,1444.3,1441.25,1443.2,320437
2024-03-06 12:25:00,1443.3,1445.5,1442.8,1444.5,214377
2024-03-06 12:35:00,1444.55,1445.65,1443.4,1444.6,317596
2024-03-06 12:45:00,1444.6,1445.0,1442.35,1442.7,194832
2024-03-06 12:55:00,1442.6,1444.0,1441.5,1442.0,223279
2024-03-06 13:05:00,1441.95,1443.95,1441.95,1443.85,165057
2024-03-06 13:15:00,1443.85,1444.3,1442.05,1442.3,203639
2024-03-06 13:25:00,1442.25,1445.6,1442.0,1445.0,754185
2024-03-06 13:35:00,1445.15,1447.25,1442.05,1443.9,1219473
2024-03-06 13:45:00,1443.9,1446.1,1443.7,1445.1,297304
2024-03-06 13:55:00,1445.4,1446.85,1444.1,1446.15,324839
2024-03-06 14:05:00,1446.25,1446.6,1444.75,1446.0,350413
2024-03-06 14:15:00,1446.05,1446.8,1444.85,1444.85,387685
2024-03-06 14:25:00,1444.8,1446.3,1444.25,1445.7,315133
2024-03-06 14:35:00,1445.8,1446.45,1444.5,1445.7,486067
2024-03-06 14:45:00,1445.9,1446.45,1445.1,1446.0,381383
2024-03-06 14:55:00,1446.0,1446.2,1441.05,1445.05,1007638
2024-03-06 15:05:00,1444.65,1445.2,1438.7,1441.95,2014108
2024-03-06 15:15:00,1442.0,1444.1,1439.15,1441.75,1506579
2024-03-06 15:25:00,1441.95,1443.6,1441.15,1442.85,501434
2024-03-07 09:15:00,1445.5,1451.05,1445.5,1448.7,1648591
2024-03-07 09:25:00,1448.5,1448.75,1445.0,1447.0,1510335
2024-03-07 09:35:00,1447.0,1447.75,1443.3,1444.35,1181489
2024-03-07 09:45:00,1444.35,1446.9,1444.05,1445.25,1563154
2024-03-07 09:55:00,1445.3,1446.5,1444.1,1446.3,341822
2024-03-07 10:05:00,1445.9,1446.5,1444.6,1445.5,213351
2024-03-07 10:15:00,1445.5,1446.0,1444.6,1445.6,221031
2024-03-07 10:25:00,1445.4,1445.95,1444.5,1445.2,286328
2024-03-07 10:35:00,1445.2,1445.25,1442.6,1443.5,424938
2024-03-07 10:45:00,1443.7,1444.5,1441.4,1444.0,1651153
2024-03-07 10:55:00,1444.0,1446.3,1442.35,1445.3,389215
2024-03-07 11:05:00,1445.3,1445.3,1444.3,1444.65,194193
2024-03-07 11:15:00,1444.65,1445.0,1444.0,1444.55,202297
2024-03-07 11:25:00,1444.55,1445.0,1444.05,1444.75,196594
2024-03-07 11:35:00,1444.7,1445.0,1443.5,1443.55,1288740
2024-03-07 11:45:00,1443.75,1443.9,1442.3,1443.3,199234
2024-03-07 11:55:00,1443.3,1444.25,1442.75,1444.0,1330271
2024-03-07 12:05:00,1444.0,1444.2,1442.7,1443.15,323831
2024-03-07 12:15:00,1443.5,1443.7,1442.5,1442.9,1154690
2024-03-07 12:25:00,1442.9,1443.35,1441.6,1441.75,187441
2024-03-07 12:35:00,1441.75,1442.8,1441.4,1442.0,302581
2024-03-07 12:45:00,1442.1,1442.7,1441.8,1442.0,276907
2024-03-07 12:55:00,1442.0,1443.5,1441.75,1443.1,369470
2024-03-07 13:05:00,1443.1,1444.45,1442.5,1443.85,432873
2024-03-07 13:15:00,1443.85,1444.7,1443.45,1443.9,347458
2024-03-07 13:25:00,1443.8,1445.45,1443.6,1445.15,343825
2024-03-07 13:35:00,1445.2,1446.3,1444.2,1444.95,460728
2024-03-07 13:45:00,1445.0,1446.05,1444.6,1445.1,414281
2024-03-07 13:55:00,1445.1,1446.0,1444.6,1445.8,369578
2024-03-07 14:05:00,1445.8,1446.05,1444.9,1445.2,456743
2024-03-07 14:15:00,1445.7,1446.25,1444.9,1446.15,349835
2024-03-07 14:25:00,1446.15,1447.0,1445.7,1446.25,301699
2024-03-07 14:35:00,1446.2,1447.0,1445.5,1445.65,412712
2024-03-07 14:45:00,1445.65,1446.5,1445.1,1445.45,384121
2024-03-07 14:55:00,1445.75,1447.6,1445.1,1446.95,927875
2024-03-07 15:05:00,1447.1,1447.25,1444.05,1446.65,1716516
2024-03-07 15:15:00,1446.65,1447.1,1445.55,1446.0,1354865
2024-03-07 15:25:00,1446.0,1446.6,1445.35,1446.0,781146
2024-03-11 09:15:00,1430.0,1445.95,1429.35,1439.0,2661291
2024-03-11 09:25:00,1439.05,1440.3,1433.6,1434.5,1467084
2024-03-11 09:35:00,1434.35,1434.95,1432.7,1433.5,691269
2024-03-11 09:45:00,1433.5,1434.85,1433.25,1434.6,488772
2024-03-11 09:55:00,1434.55,1435.75,1433.0,1433.0,615710
2024-03-11 10:05:00,1433.05,1433.55,1429.5,1429.5,730193
2024-03-11 10:15:00,1429.8,1432.35,1429.0,1432.0,480973
2024-03-11 10:25:00,1431.95,1434.95,1431.3,1432.6,531323
2024-03-11 10:35:00,1432.6,1433.8,1432.0,1432.5,329087
2024-03-11 10:45:00,1432.55,1433.2,1431.0,1432.55,397887
2024-03-11 10:55:00,1432.9,1434.45,1431.5,1433.15,451276
2024-03-11 11:05:00,1433.0,1434.55,1432.4,1434.55,441846
2024-03-11 11:15:00,1434.5,1434.5,1432.0,1432.1,430493
2024-03-11 11:25:00,1432.1,1434.2,1430.0,1433.25,630854
2024-03-11 11:35:00,1433.25,1433.5,1431.5,1431.55,381272
2024-03-11 11:45:00,1431.5,1431.55,1430.05,1431.0,384669
2024-03-11 11:55:00,1431.0,1432.0,1430.0,1430.6,711155
2024-03-11 12:05:00,1430.6,1431.45,1429.0,1429.35,376217
2024-03-11 12:15:00,1429.35,1430.0,1427.0,1427.25,491173
2024-03-11 12:25:00,1427.2,1431.05,1426.5,1431.05,840792
2024-03-11 12:35:00,1431.1,1433.35,1429.75,1432.35,1132872
2024-03-11 12:45:00,1432.2,1432.65,1431.05,1432.2,550327
2024-03-11 12:55:00,1432.2,1432.85,1429.15,1429.25,566896
2024-03-11 13:05:00,1429.4,1429.4,1425.75,1427.0,413726
2024-03-11 13:15:00,1427.0,1429.45,1426.95,1429.0,254670
2024-03-11 13:25:00,1429.0,1429.95,1428.5,1429.05,345776
2024-03-11 13:35:00,1429.0,1430.3,1428.7,1429.95,324721
2024-03-11 13:45:00,1429.9,1430.45,1429.0,1430.2,240784
2024-03-11 13:55:00,1430.15,1430.6,1428.9,1429.05,268983
2024-03-11 14:05:00,1429.0,1430.0,1428.0,1428.05,381187
2024-03-11 14:15:00,1428.05,1428.55,1423.75,1423.85,481576
2024-03-11 14:25:00,1423.8,1425.0,1423.0,1425.0,461785
2024-03-11 14:35:00,1425.0,1427.35,1423.9,1426.25,910956
2024-03-11 14:45:00,1425.9,1429.5,1425.9,1429.4,650152
2024-03-11 14:55:00,1429.15,1430.35,1427.9,1428.2,735612
2024-03-11 15:05:00,1428.2,1429.3,1427.35,1428.7,879340
2024-03-11 15:15:00,1428.7,1429.05,1425.45,1428.25,945410
2024-03-11 15:25:00,1428.3,1428.6,1425.0,1426.1,389623
2024-03-12 09:15:00,1434.0,1434.7,1429.25,1431.95,733838
2024-03-12 09:25:00,1431.6,1441.45,1431.2,1440.3,948872
2024-03-12 09:35:00,1439.9,1449.5,1439.9,1449.45,1675964
2024-03-12 09:45:00,1449.5,1456.0,1447.05,1455.0,1289208
2024-03-12 09:55:00,1454.55,1460.0,1454.55,1458.35,1370109
2024-03-12 10:05:00,1457.85,1460.75,1457.05,1460.0,886201
2024-03-12 10:15:00,1459.95,1463.9,1458.35,1463.65,878902
2024-03-12 10:25:00,1463.8,1464.0,1457.0,1458.65,1130994
2024-03-12 10:35:00,1458.7,1461.2,1450.05,1450.05,1212943
2024-03-12 10:45:00,1449.4,1449.75,1437.7,1448.0,2866606
2024-03-12 10:55:00,1448.0,1458.6,1447.05,1454.05,1480181
2024-03-12 11:05:00,1454.5,1456.2,1452.7,1455.0,463649
2024-03-12 11:15:00,1455.0,1456.75,1453.6,1455.45,529454
2024-03-12 11:25:00,1455.3,1456.3,1453.7,1454.0,538988
2024-03-12 11:35:00,1454.0,1456.95,1453.25,1456.2,488357
2024-03-12 11:45:00,1456.5,1458.35,1456.0,1457.75,444902
2024-03-12 11:55:00,1457.75,1458.35,1453.8,1454.4,445561
2024-03-12 12:05:00,1454.4,1460.35,1454.1,1456.45,676472
2024-03-12 12:15:00,1456.55,1459.35,1456.0,1456.65,266727
2024-03-12 12:25:00,1456.65,1457.0,1455.0,1456.45,262351
2024-03-12 12:35:00,1456.5,1458.95,1455.05,1458.3,369555
2024-03-12 12:45:00,1458.35,1458.95,1455.6,1457.9,328261
2024-03-12 12:55:00,1457.9,1458.95,1455.1,1456.5,455411
2024-03-12 13:05:00,1456.35,1460.3,1456.1,1459.15,671203
2024-03-12 13:15:00,1459.1,1460.8,1458.25,1460.0,389974
2024-03-12 13:25:00,1460.2,1461.65,1459.2,1459.6,408491
2024-03-12 13:35:00,1459.55,1460.25,1458.15,1459.85,389627
2024-03-12 13:45:00,1459.85,1460.5,1458.85,1459.75,365369
2024-03-12 13:55:00,1459.75,1461.9,1459.3,1461.55,323934
2024-03-12 14:05:00,1461.55,1462.75,1460.0,1460.75,903840
2024-03-12 14:15:00,1460.8,1463.4,1460.05,1461.85,1198320
2024-03-12 14:25:00,1461.9,1463.0,1457.35,1459.0,1280768
2024-03-12 14:35:00,1459.0,1462.35,1458.7,1460.0,1045389
2024-03-12 14:45:00,1460.15,1460.95,1459.7,1460.25,368470
2024-03-12 14:55:00,1460.85,1461.2,1456.05,1459.1,1154658
2024-03-12 15:05:00,1458.25,1459.5,1456.6,1458.65,1462019
2024-03-12 15:15:00,1458.6,1462.25,1457.8,1460.0,2385171
2024-03-12 15:25:00,1460.0,1462.0,1459.55,1461.5,505913
2024-03-13 09:15:00,1465.5,1469.4,1461.0,1468.4,1971502
2024-03-13 09:25:00,1468.05,1468.4,1463.05,1465.35,1195337
2024-03-13 09:35:00,1465.05,1470.5,1464.55,1470.2,1610093
2024-03-13 09:45:00,1470.15,1471.6,1463.45,1464.45,1131367
2024-03-13 09:55:00,1464.5,1465.5,1462.6,1464.25,683761
2024-03-13 10:05:00,1464.25,1468.0,1462.55,1466.45,568452
2024-03-13 10:15:00,1466.45,1468.25,1464.75,1467.8,491483
2024-03-13 10:25:00,1467.85,1469.0,1465.55,1469.0,488611
2024-03-13 10:35:00,1468.95,1469.85,1468.15,1469.1,678249
2024-03-13 10:45:00,1469.1,1470.2,1467.35,1468.05,429984
2024-03-13 10:55:00,1468.05,1468.5,1466.5,1466.7,370304
2024-03-13 11:05:00,1467.15,1469.1,1465.1,1468.7,535518
2024-03-13 11:15:00,1468.8,1469.95,1465.0,1465.2,736444
2024-03-13 11:25:00,1465.0,1465.0,1458.55,1463.9,1471114
2024-03-13 11:35:00,1463.05,1463.85,1459.65,1459.7,558744
2024-03-13 11:45:00,1459.75,1460.1,1456.5,1459.1,455899
2024-03-13 11:55:00,1459.1,1461.95,1458.4,1461.0,295881
2024-03-13 12:05:00,1461.0,1461.0,1455.75,1456.45,271458
2024-03-13 12:15:00,1456.0,1457.95,1455.0,1457.95,353152
2024-03-13 12:25:00,1457.95,1458.8,1454.25,1456.85,282901
2024-03-13 12:35:00,1456.85,1459.35,1456.0,1456.5,557705
2024-03-13 12:45:00,1456.2,1456.9,1451.25,1451.85,657896
2024-03-13 12:55:00,1451.7,1455.1,1450.1,1453.95,751241
2024-03-13 13:05:00,1453.85,1458.15,1452.65,1457.1,808304
2024-03-13 13:15:00,1457.1,1459.9,1456.25,1459.0,452985
2024-03-13 13:25:00,1459.0,1463.0,1458.35,1461.4,602407
2024-03-13 13:35:00,1461.35,1462.5,1460.2,1462.35,370561
2024-03-13 13:45:00,1462.35,1463.0,1456.55,1457.6,797598
2024-03-13 13:55:00,1458.05,1461.05,1456.1,1456.7,700945
2024-03-13 14:05:00,1457.0,1461.15,1455.2,1458.05,1582777
2024-03-13 14:15:00,1458.05,1458.1,1453.0,1453.5,887798
2024-03-13 14:25:00,1454.15,1457.65,1453.0,1454.85,627706
2024-03-13 14:35:00,1454.85,1457.45,1454.15,1456.9,460850
2024-03-13 14:45:00,1456.55,1459.0,1456.1,1458.45,451829
2024-03-13 14:55:00,1458.5,1461.75,1456.9,1459.95,1727482
2024-03-13 15:05:00,1460.55,1463.35,1458.85,1458.95,2770085
2024-03-13 15:15:00,1458.95,1462.65,1458.4,1460.85,1864194
2024-03-13 15:25:00,1460.9,1460.95,1456.25,1459.7,610107
2024-03-14 09:15:00,1462.1,1466.0,1447.1,1450.9,2478698
2024-03-14 09:25:00,1451.15,1453.15,1447.4,1450.65,1371125
2024-03-14 09:35:00,1449.95,1451.45,1444.3,1445.15,1171977
2024-03-14 09:45:00,1445.3,1452.0,1445.2,1451.9,815231
2024-03-14 09:55:00,1451.8,1455.85,1449.55,1452.6,828545
2024-03-14 10:05:00,1452.6,1453.95,1447.1,1447.4,758746
2024-03-14 10:15:00,1447.35,1449.1,1445.8,1448.6,890490
2024-03-14 10:25:00,1448.6,1449.4,1446.85,1448.75,603328
2024-03-14 10:35:00,1448.65,1451.85,1446.25,1449.25,504459
2024-03-14 10:45:00,1449.15,1450.45,1447.0,1448.0,548115
2024-03-14 10:55:00,1448.0,1448.15,1445.15,1445.45,552385
2024-03-14 11:05:00,1445.45,1450.45,1445.4,1450.2,483282
2024-03-14 11:15:00,1450.15,1450.45,1449.1,1449.6,439623
2024-03-14 11:25:00,1449.5,1451.4,1448.15,1450.9,670321
2024-03-14 11:35:00,1450.95,1454.4,1449.8,1453.3,705920
2024-03-14 11:45:00,1452.75,1454.75,1450.5,1453.55,521206
2024-03-14 11:55:00,1453.6,1457.8,1453.4,1456.8,584377
2024-03-14 12:05:00,1457.2,1458.95,1456.0,1458.65,474005
2024-03-14 12:15:00,1458.7,1462.5,1457.85,1462.5,480984
2024-03-14 12:25:00,1462.5,1463.4,1458.85,1459.9,430129
2024-03-14 12:35:00,1460.0,1461.9,1456.8,1457.55,400088
2024-03-14 12:45:00,1457.1,1458.5,1454.0,1457.45,403064
2024-03-14 12:55:00,1457.45,1460.65,1456.85,1460.15,225733
2024-03-14 13:05:00,1460.1,1460.15,1457.4,1458.65,225180
2024-03-14 13:15:00,1458.4,1460.0,1457.8,1458.95,296987
2024-03-14 13:25:00,1458.9,1459.6,1456.4,1457.6,183849
2024-03-14 13:35:00,1457.55,1458.7,1455.05,1455.95,255673
2024-03-14 13:45:00,1455.8,1456.95,1453.5,1455.9,281777
2024-03-14 13:55:00,1455.9,1456.05,1452.0,1453.85,339035
2024-03-14 14:05:00,1453.85,1454.25,1450.25,1452.3,506525
2024-03-14 14:15:00,1452.3,1454.7,1449.9,1454.35,639603
2024-03-14 14:25:00,1454.1,1455.0,1450.75,1454.35,454156
2024-03-14 14:35:00,1454.1,1454.45,1452.2,1452.55,289022
2024-03-14 14:45:00,1452.6,1454.25,1450.35,1454.25,532454
2024-03-14 14:55:00,1454.2,1454.95,1453.0,1454.0,1161123
2024-03-14 15:05:00,1454.15,1456.75,1453.0,1454.8,1871904
2024-03-14 15:15:00,1454.55,1458.35,1453.65,1458.25,1666022
2024-03-14 15:25:00,1458.25,1458.8,1456.0,1457.0,720695
2024-03-15 09:15:00,1450.0,1459.3,1449.25,1456.95,1085540
2024-03-15 09:25:00,1456.95,1458.0,1452.05,1452.95,379171
2024-03-15 09:35:00,1452.95,1453.0,1450.5,1452.2,499095
2024-03-15 09:45:00,1452.2,1454.8,1447.45,1447.75,794957
2024-03-15 09:55:00,1447.75,1449.9,1445.2,1449.4,454036
2024-03-15 10:05:00,1449.35,1449.6,1445.65,1447.7,379384
2024-03-15 10:15:00,1447.6,1449.5,1444.4,1445.75,311212
2024-03-15 10:25:00,1446.0,1448.0,1445.35,1447.45,187921
2024-03-15 10:35:00,1447.4,1451.3,1446.6,1450.65,338420
2024-03-15 10:45:00,1450.9,1453.05,1449.5,1451.75,343132
2024-03-15 10:55:00,1451.75,1451.8,1447.5,1451.5,261308
2024-03-15 11:05:00,1450.75,1452.3,1450.15,1450.5,226342
2024-03-15 11:15:00,1450.25,1451.9,1449.0,1449.25,153710
2024-03-15 11:25:00,1449.0,1451.85,1448.65,1449.15,156809
2024-03-15 11:35:00,1449.15,1450.35,1448.1,1448.1,145098
2024-03-15 11:45:00,1448.2,1449.8,1447.0,1448.0,123773
2024-03-15 11:55:00,1447.85,1448.8,1447.2,1448.0,82561
2024-03-15 12:05:00,1448.0,1450.0,1446.75,1447.9,115905
2024-03-15 12:15:00,1448.0,1449.8,1447.3,1449.2,149081
2024-03-15 12:25:00,1449.2,1449.2,1447.0,1447.5,140183
2024-03-15 12:35:00,1447.45,1447.95,1444.35,1445.05,308670
2024-03-15 12:45:00,1445.05,1446.6,1444.15,1445.95,278491
2024-03-15 12:55:00,1446.3,1449.6,1445.8,1446.65,379755
2024-03-15 13:05:00,1446.65,1450.5,1446.45,1449.1,404496
2024-03-15 13:15:00,1449.05,1449.7,1448.05,1448.15,118459
2024-03-15 13:25:00,1448.0,1449.55,1446.7,1448.85,195552
2024-03-15 13:35:00,1448.85,1450.75,1448.85,1449.7,310603
2024-03-15 13:45:00,1449.7,1454.0,1449.5,1452.0,468748
2024-03-15 13:55:00,1451.55,1452.45,1450.0,1450.8,223554
2024-03-15 14:05:00,1450.55,1452.4,1450.0,1451.3,289580
2024-03-15 14:15:00,1451.3,1453.35,1448.45,1450.05,701730
2024-03-15 14:25:00,1450.05,1451.8,1446.9,1448.2,842622
2024-03-15 14:35:00,1447.9,1448.7,1444.7,1445.1,665672
2024-03-15 14:45:00,1444.75,1446.8,1443.45,1446.35,552694
2024-03-15 14:55:00,1446.35,1453.75,1442.25,1453.75,9390795
2024-03-15 15:05:00,1453.45,1454.85,1446.05,1451.35,18383386
2024-03-15 15:15:00,1451.35,1458.5,1450.5,1455.25,24735651
2024-03-15 15:25:00,1455.25,1457.05,1452.1,1454.7,6942501
2024-03-18 09:15:00,1447.0,1452.0,1446.1,1447.15,758354
2024-03-18 09:25:00,1447.15,1449.0,1444.4,1446.0,351529
2024-03-18 09:35:00,1446.0,1446.6,1442.0,1443.15,263486
2024-03-18 09:45:00,1443.05,1444.0,1441.1,1442.4,217258
2024-03-18 09:55:00,1442.45,1447.05,1442.4,1444.05,253555
2024-03-18 10:05:00,1444.1,1444.85,1441.1,1441.8,217341
2024-03-18 10:15:00,1441.7,1445.55,1441.15,1444.95,243316
2024-03-18 10:25:00,1444.55,1445.0,1443.1,1444.25,158849
2024-03-18 10:35:00,1444.25,1444.95,1442.25,1444.3,103075
2024-03-18 10:45:00,1444.0,1447.3,1443.95,1446.8,259637
2024-03-18 10:55:00,1446.35,1447.0,1445.5,1446.55,103105
2024-03-18 11:05:00,1446.55,1446.7,1440.05,1440.05,186317
2024-03-18 11:15:00,1440.1,1444.15,1435.8,1440.6,752704
2024-03-18 11:25:00,1440.6,1442.0,1439.05,1440.6,299062
2024-03-18 11:35:00,1440.6,1443.0,1440.05,1443.0,203584
2024-03-18 11:45:00,1442.95,1445.8,1442.95,1444.7,190883
2024-03-18 11:55:00,1444.7,1451.0,1443.8,1448.25,395840
2024-03-18 12:05:00,1448.35,1451.85,1447.0,1449.75,345888
2024-03-18 12:15:00,1449.75,1451.9,1449.45,1451.85,163129
2024-03-18 12:25:00,1451.9,1454.2,1451.15,1452.0,198177
2024-03-18 12:35:00,1452.0,1453.05,1450.05,1450.45,210208
2024-03-18 12:45:00,1450.45,1451.8,1450.05,1451.15,178682
2024-03-18 12:55:00,1451.15,1452.45,1450.7,1450.7,119150
2024-03-18 13:05:00,1450.85,1452.0,1449.1,1452.0,173292
2024-03-18 13:15:00,1451.7,1452.35,1450.55,1452.0,128694
2024-03-18 13:25:00,1451.95,1453.0,1451.35,1452.85,129313
2024-03-18 13:35:00,1452.85,1452.9,1451.3,1452.15,119941
2024-03-18 13:45:00,1452.15,1452.25,1450.85,1452.2,115565
2024-03-18 13:55:00,1452.2,1453.55,1451.7,1452.1,159155
2024-03-18 14:05:00,1452.1,1452.5,1451.2,1451.5,153494
2024-03-18 14:15:00,1451.45,1454.9,1450.9,1454.9,238467
2024-03-18 14:25:00,1455.0,1455.0,1453.5,1454.95,323458
2024-03-18 14:35:00,1454.95,1456.0,1454.25,1454.8,222863
2024-03-18 14:45:00,1454.8,1455.0,1452.0,1452.0,249661
2024-03-18 14:55:00,1452.15,1453.5,1447.0,1447.2,519713
2024-03-18 15:05:00,1447.2,1447.2,1443.95,1445.0,956216
2024-03-18 15:15:00,1445.25,1447.45,1444.55,1447.0,619151
2024-03-18 15:25:00,1447.0,1447.5,1445.1,1445.75,326376
2024-03-19 09:15:00,1435.5,1444.6,1435.5,1441.8,1280463
2024-03-19 09:25:00,1441.3,1443.45,1440.35,1442.1,404299
2024-03-19 09:35:00,1442.1,1445.0,1441.55,1444.85,404757
2024-03-19 09:45:00,1444.75,1444.85,1443.15,1443.65,300746
2024-03-19 09:55:00,1443.8,1444.0,1441.05,1442.45,272856
2024-03-19 10:05:00,1442.25,1443.45,1441.25,1443.0,292475
2024-03-19 10:15:00,1443.0,1443.0,1440.8,1442.0,277194
2024-03-19 10:25:00,1442.15,1448.9,1441.15,1444.4,412573
2024-03-19 10:35:00,1444.4,1445.9,1442.3,1444.25,287478
2024-03-19 10:45:00,1444.3,1444.8,1442.25,1442.8,267775
2024-03-19 10:55:00,1442.8,1444.0,1442.15,1442.9,362182
2024-03-19 11:05:00,1442.7,1447.5,1442.2,1447.2,323648
2024-03-19 11:15:00,1447.2,1450.95,1446.05,1449.6,482035
2024-03-19 11:25:00,1449.55,1450.1,1448.05,1449.05,307282
2024-03-19 11:35:00,1449.3,1449.8,1447.7,1448.0,303251
2024-03-19 11:45:00,1447.7,1448.1,1445.5,1446.9,344513
2024-03-19 11:55:00,1447.0,1449.35,1446.65,1448.6,148615
2024-03-19 12:05:00,1448.6,1448.9,1447.4,1448.0,134269
2024-03-19 12:15:00,1448.05,1449.75,1447.6,1448.8,141721
2024-03-19 12:25:00,1448.6,1449.25,1446.75,1448.45,182198
2024-03-19 12:35:00,1448.5,1449.0,1448.05,1448.9,144120
2024-03-19 12:45:00,1448.95,1450.0,1448.3,1448.5,177048
2024-03-19 12:55:00,1448.4,1449.35,1447.9,1448.5,133416
2024-03-19 13:05:00,1448.4,1448.75,1446.05,1446.95,150134
2024-03-19 13:15:00,1447.3,1447.9,1446.2,1446.5,133824
2024-03-19 13:25:00,1446.5,1447.65,1446.0,1446.5,134781
2024-03-19 13:35:00,1446.35,1446.75,1445.0,1445.05,213423
2024-03-19 13:45:00,1445.05,1446.0,1444.4,1445.45,185518
2024-03-19 13:55:00,1445.45,1446.0,1442.4,1442.6,439458
2024-03-19 14:05:00,1443.1,1444.1,1441.5,1442.1,286964
2024-03-19 14:15:00,1442.1,1443.5,1440.6,1442.9,353865
2024-03-19 14:25:00,1442.9,1444.4,1441.5,1442.05,665948
2024-03-19 14:35:00,1442.05,1444.15,1440.7,1444.15,745377
2024-03-19 14:45:00,1444.15,1445.4,1442.9,1444.1,990420
2024-03-19 14:55:00,1443.95,1447.75,1443.35,1447.15,1756297
2024-03-19 15:05:00,1447.2,1451.0,1447.15,1449.85,2188296
2024-03-19 15:15:00,1449.9,1452.4,1449.05,1451.2,1541016
2024-03-19 15:25:00,1451.25,1451.5,1448.5,1449.95,616864
2024-03-20 09:15:00,1449.05,1451.65,1446.05,1447.9,695830
2024-03-20 09:25:00,1448.0,1450.05,1447.0,1450.0,330000
2024-03-20 09:35:00,1449.5,1450.0,1447.9,1449.0,301198
2024-03-20 09:45:00,1449.0,1449.25,1446.1,1446.5,352223
2024-03-20 09:55:00,1446.55,1447.5,1443.4,1444.4,505145
2024-03-20 10:05:00,1444.3,1444.65,1440.2,1441.55,485545
2024-03-20 10:15:00,1441.4,1441.9,1437.0,1438.15,810804
2024-03-20 10:25:00,1438.05,1438.95,1435.55,1437.0,751545
2024-03-20 10:35:00,1437.2,1438.4,1428.25,1431.05,627774
2024-03-20 10:45:00,1430.45,1431.25,1424.65,1428.0,1085107
2024-03-20 10:55:00,1428.0,1433.5,1426.45,1430.0,858087
2024-03-20 11:05:00,1429.7,1431.5,1429.0,1429.4,241937
2024-03-20 11:15:00,1429.5,1430.25,1427.7,1427.95,257931
2024-03-20 11:25:00,1427.95,1431.35,1427.2,1430.65,223182
2024-03-20 11:35:00,1430.85,1435.0,1430.35,1434.95,247828
2024-03-20 11:45:00,1434.95,1437.4,1433.5,1436.7,318095
2024-03-20 11:55:00,1436.2,1437.45,1434.6,1436.6,231861
2024-03-20 12:05:00,1436.75,1437.5,1435.95,1437.3,189753
2024-03-20 12:15:00,1437.35,1441.0,1436.15,1439.1,370819
2024-03-20 12:25:00,1439.6,1440.3,1438.1,1439.0,232691
2024-03-20 12:35:00,1439.05,1442.2,1438.05,1441.4,189228
2024-03-20 12:45:00,1441.4,1441.85,1439.7,1441.0,159820
2024-03-20 12:55:00,1441.2,1441.75,1437.2,1438.0,250964
2024-03-20 13:05:00,1437.85,1443.6,1437.25,1443.15,355721
2024-03-20 13:15:00,1443.5,1445.0,1440.95,1444.85,449061
2024-03-20 13:25:00,1444.7,1445.0,1442.0,1442.4,330147
2024-03-20 13:35:00,1442.5,1443.9,1440.95,1443.9,317111
2024-03-20 13:45:00,1443.55,1444.5,1438.85,1439.1,389751
2024-03-20 13:55:00,1439.1,1439.8,1436.5,1436.5,292759
2024-03-20 14:05:00,1436.45,1437.2,1434.0,1434.95,480313
2024-03-20 14:15:00,1434.9,1436.8,1432.2,1432.9,636060
2024-03-20 14:25:00,1432.85,1433.65,1430.2,1430.55,828312
2024-03-20 14:35:00,1431.1,1434.8,1430.55,1434.7,1096747
2024-03-20 14:45:00,1435.6,1436.95,1432.95,1433.75,984347
2024-03-20 14:55:00,1433.7,1435.6,1431.2,1432.55,1529398
2024-03-20 15:05:00,1432.6,1432.6,1429.0,1429.4,1976324
2024-03-20 15:15:00,1429.4,1433.95,1429.35,1430.65,1541068
2024-03-20 15:25:00,1430.5,1432.35,1430.0,1432.0,472228
2024-03-21 09:15:00,1442.6,1445.95,1438.3,1442.8,850247
2024-03-21 09:25:00,1442.8,1447.45,1442.5,1442.7,330785
2024-03-21 09:35:00,1442.95,1446.5,1442.9,1445.0,251034
2024-03-21 09:45:00,1445.1,1446.15,1443.5,1444.4,301818
2024-03-21 09:55:00,1444.4,1444.6,1442.35,1443.95,173690
2024-03-21 10:05:00,1443.85,1448.9,1443.35,1447.6,331747
2024-03-21 10:15:00,1447.6,1451.25,1445.1,1448.65,835676
2024-03-21 10:25:00,1448.65,1449.5,1445.7,1446.1,273810
2024-03-21 10:35:00,1446.05,1448.8,1445.8,1446.35,301232
2024-03-21 10:45:00,1446.35,1448.3,1446.05,1447.35,301781
2024-03-21 10:55:00,1447.35,1448.8,1445.75,1447.85,280893
2024-03-21 11:05:00,1447.85,1449.8,1447.35,1449.65,250907
2024-03-21 11:15:00,1449.6,1450.4,1447.25,1448.1,311021
2024-03-21 11:25:00,1448.1,1449.25,1445.8,1446.75,310526
2024-03-21 11:35:00,1446.6,1447.65,1444.5,1444.5,320414
2024-03-21 11:45:00,1444.5,1446.65,1443.6,1444.3,297821
2024-03-21 11:55:00,1444.3,1445.6,1443.3,1443.5,338654
2024-03-21 12:05:00,1443.65,1443.9,1441.0,1441.6,359533
2024-03-21 12:15:00,1441.2,1444.0,1439.2,1443.25,267152
2024-03-21 12:25:00,1443.25,1443.35,1441.85,1442.5,236957
2024-03-21 12:35:00,1442.5,1444.85,1442.25,1443.85,342031
2024-03-21 12:45:00,1443.85,1444.8,1442.05,1443.3,408795
2024-03-21 12:55:00,1443.25,1445.0,1443.0,1444.9,286089
2024-03-21 13:05:00,1444.8,1445.6,1442.75,1443.5,231033
2024-03-21 13:15:00,1443.5,1445.65,1442.45,1444.45,218091
2024-03-21 13:25:00,1444.35,1446.5,1442.5,1445.5,478841
2024-03-21 13:35:00,1445.05,1447.75,1444.95,1446.15,293879
2024-03-21 13:45:00,1446.0,1446.65,1444.75,1444.95,192788
2024-03-21 13:55:00,1444.95,1447.45,1444.85,1446.8,296841
2024-03-21 14:05:00,1446.85,1447.3,1444.05,1445.5,384182
2024-03-21 14:15:00,1445.6,1446.45,1444.4,1445.7,250875
2024-03-21 14:25:00,1445.7,1446.7,1444.65,1445.65,433067
2024-03-21 14:35:00,1445.65,1446.0,1444.5,1445.9,295228
2024-03-21 14:45:00,1445.9,1447.2,1445.15,1446.15,453292
2024-03-21 14:55:00,1446.15,1446.85,1444.25,1445.5,842252
2024-03-21 15:05:00,1445.5,1446.85,1444.5,1445.3,1069235
2024-03-21 15:15:00,1445.1,1446.7,1444.1,1446.6,616352
2024-03-21 15:25:00,1446.6,1446.75,1444.5,1444.6,338877
2024-03-22 09:15:00,1441.0,1450.75,1441.0,1444.8,834004
2024-03-22 09:25:00,1444.65,1444.95,1439.0,1440.6,689923
2024-03-22 09:35:00,1441.15,1445.0,1439.7,1440.7,924421
2024-03-22 09:45:00,1440.6,1442.5,1437.75,1440.75,1059371
2024-03-22 09:55:00,1440.75,1443.0,1440.45,1440.85,480385
2024-03-22 10:05:00,1440.65,1443.0,1439.55,1441.65,758710
2024-03-22 10:15:00,1441.65,1443.6,1441.0,1443.15,686551
2024-03-22 10:25:00,1443.1,1444.65,1442.1,1443.05,496643
2024-03-22 10:35:00,1443.05,1444.0,1442.35,1442.5,347028
2024-03-22 10:45:00,1442.6,1443.5,1441.5,1443.1,296277
2024-03-22 10:55:00,1443.0,1449.0,1442.0,1446.9,499816
2024-03-22 11:05:00,1446.55,1447.65,1445.0,1445.2,379458
2024-03-22 11:15:00,1445.35,1446.2,1444.5,1445.3,346558
2024-03-22 11:25:00,1445.3,1447.0,1445.1,1446.45,359561
2024-03-22 11:35:00,1446.15,1449.1,1445.7,1446.4,483412
2024-03-22 11:45:00,1446.15,1448.5,1446.15,1447.3,493763
2024-03-22 11:55:00,1447.3,1447.8,1444.5,1444.8,364210
2024-03-22 12:05:00,1444.8,1445.8,1443.1,1444.45,399286
2024-03-22 12:15:00,1444.2,1445.0,1443.0,1444.55,381918
2024-03-22 12:25:00,1444.45,1446.25,1444.05,1445.7,368501
2024-03-22 12:35:00,1445.65,1446.15,1444.25,1444.65,370463
2024-03-22 12:45:00,1444.65,1445.75,1444.2,1444.7,270705
2024-03-22 12:55:00,1444.7,1446.25,1444.45,1445.45,319922
2024-03-22 13:05:00,1445.3,1446.1,1444.1,1444.2,361666
2024-03-22 13:15:00,1444.2,1446.4,1444.1,1444.95,441074
2024-03-22 13:25:00,1444.9,1445.7,1443.55,1443.55,714874
2024-03-22 13:35:00,1443.55,1444.35,1441.4,1442.8,500260
2024-03-22 13:45:00,1442.85,1443.65,1441.45,1442.8,535681
2024-03-22 13:55:00,1442.5,1444.05,1441.7,1442.7,508818
2024-03-22 14:05:00,1442.55,1445.0,1442.1,1443.45,536304
2024-03-22 14:15:00,1443.5,1445.45,1443.4,1444.5,1204144
2024-03-22 14:25:00,1444.4,1445.0,1443.55,1444.75,741086
2024-03-22 14:35:00,1444.15,1446.25,1444.1,1446.15,619553
2024-03-22 14:45:00,1446.2,1448.65,1445.15,1446.0,549477
2024-03-22 14:55:00,1445.5,1445.95,1444.0,1444.45,936880
2024-03-22 15:05:00,1444.35,1444.6,1441.2,1442.05,1556731
2024-03-22 15:15:00,1442.3,1443.0,1440.75,1442.0,1207477
2024-03-22 15:25:00,1441.95,1443.0,1441.0,1442.55,741962
2024-03-26 09:15:00,1427.2,1437.95,1427.2,1434.9,2214467
2024-03-26 09:25:00,1434.9,1435.05,1433.05,1434.25,728817
2024-03-26 09:35:00,1434.3,1436.2,1434.15,1434.5,769496
2024-03-26 09:45:00,1434.8,1437.5,1432.35,1432.55,1314537
2024-03-26 09:55:00,1432.6,1434.05,1431.0,1432.7,604807
2024-03-26 10:05:00,1432.9,1433.2,1431.1,1432.4,421065
2024-03-26 10:15:00,1432.4,1433.65,1431.6,1432.4,297160
2024-03-26 10:25:00,1432.4,1434.95,1431.55,1433.5,382761
2024-03-26 10:35:00,1433.45,1433.8,1432.35,1432.85,281042
2024-03-26 10:45:00,1432.9,1433.55,1431.8,1433.1,317758
2024-03-26 10:55:00,1433.15,1433.2,1431.6,1432.25,429433
2024-03-26 11:05:00,1432.2,1432.3,1430.65,1431.25,585694
2024-03-26 11:15:00,1431.4,1431.9,1431.0,1431.35,473494
2024-03-26 11:25:00,1431.4,1432.5,1431.2,1431.45,455745
2024-03-26 11:35:00,1431.5,1431.7,1429.5,1431.05,813294
2024-03-26 11:45:00,1431.0,1431.85,1430.25,1430.25,435040
2024-03-26 11:55:00,1430.35,1431.05,1429.3,1430.65,389960
2024-03-26 12:05:00,1430.6,1431.8,1430.3,1430.7,354520
2024-03-26 12:15:00,1430.75,1431.95,1430.25,1431.65,362482
2024-03-26 12:25:00,1431.85,1432.2,1430.65,1431.0,398804
2024-03-26 12:35:00,1431.0,1431.65,1430.0,1431.0,486721
2024-03-26 12:45:00,1431.1,1432.0,1430.5,1430.9,523105
2024-03-26 12:55:00,1431.0,1431.75,1430.05,1431.2,586976
2024-03-26 13:05:00,1431.2,1431.85,1430.65,1431.15,455159
2024-03-26 13:15:00,1431.15,1431.5,1430.55,1430.85,443796
2024-03-26 13:25:00,1430.85,1431.35,1430.3,1430.95,354124
2024-03-26 13:35:00,1431.0,1431.25,1430.3,1430.95,375400
2024-03-26 13:45:00,1430.95,1431.0,1430.0,1430.4,718510
2024-03-26 13:55:00,1430.25,1433.0,1430.0,1432.95,624473
2024-03-26 14:05:00,1432.85,1433.3,1432.0,1432.7,519076
2024-03-26 14:15:00,1432.85,1432.85,1430.9,1431.5,571541
2024-03-26 14:25:00,1431.35,1433.1,1430.25,1431.0,691908
2024-03-26 14:35:00,1431.5,1431.8,1428.0,1429.25,1442912
2024-03-26 14:45:00,1429.25,1429.65,1427.2,1427.75,928985
2024-03-26 14:55:00,1427.75,1427.8,1425.45,1426.7,1354668
2024-03-26 15:05:00,1426.7,1427.95,1425.5,1425.55,2103176
2024-03-26 15:15:00,1425.55,1425.7,1422.95,1423.9,2023331
2024-03-26 15:25:00,1423.85,1424.9,1422.15,1424.9,1064924
2024-03-27 09:15:00,1423.55,1427.7,1421.25,1426.9,1256466
2024-03-27 09:25:00,1426.9,1431.0,1426.65,1430.0,537852
2024-03-27 09:35:00,1430.0,1432.5,1428.3,1431.95,589901
2024-03-27 09:45:00,1431.95,1432.95,1430.6,1432.0,475835
2024-03-27 09:55:00,1432.0,1434.0,1430.95,1434.0,526590
2024-03-27 10:05:00,1434.0,1434.95,1433.5,1433.8,351551
2024-03-27 10:15:00,1434.0,1435.85,1432.95,1435.65,544657
2024-03-27 10:25:00,1435.1,1435.9,1434.05,1435.2,449100
2024-03-27 10:35:00,1435.2,1436.15,1432.75,1433.8,930204
2024-03-27 10:45:00,1433.8,1435.3,1432.0,1433.6,1119981
2024-03-27 10:55:00,1433.55,1433.95,1432.3,1433.2,387290
2024-03-27 11:05:00,1433.1,1433.85,1430.65,1431.8,477772
2024-03-27 11:15:00,1431.8,1433.65,1431.45,1432.1,266237
2024-03-27 11:25:00,1432.05,1432.6,1431.1,1431.15,267628
2024-03-27 11:35:00,1431.1,1431.7,1429.8,1431.5,269594
2024-03-27 11:45:00,1431.65,1432.7,1431.15,1431.9,205957
2024-03-27 11:55:00,1431.4,1432.0,1430.05,1430.3,158629
2024-03-27 12:05:00,1430.45,1431.15,1429.0,1430.25,193322
2024-03-27 12:15:00,1430.3,1430.4,1428.3,1428.55,197595
2024-03-27 12:25:00,1428.55,1429.25,1427.4,1429.2,209397
2024-03-27 12:35:00,1429.25,1430.75,1429.2,1430.1,220585
2024-03-27 12:45:00,1430.1,1430.65,1429.05,1429.7,193293
2024-03-27 12:55:00,1429.8,1432.0,1429.5,1432.0,311550
2024-03-27 13:05:00,1432.05,1432.3,1430.45,1431.25,266192
2024-03-27 13:15:00,1431.45,1431.75,1430.5,1431.2,165557
2024-03-27 13:25:00,1431.25,1432.45,1430.5,1431.95,342819
2024-03-27 13:35:00,1432.0,1433.25,1431.4,1433.0,351262
2024-03-27 13:45:00,1433.0,1433.3,1432.0,1433.25,356987
2024-03-27 13:55:00,1433.25,1433.5,1432.3,1433.3,310603
2024-03-27 14:05:00,1433.3,1434.5,1432.7,1434.1,479384
2024-03-27 14:15:00,1434.15,1436.9,1433.6,1436.55,1081355
2024-03-27 14:25:00,1436.6,1440.25,1436.6,1439.25,1680923
2024-03-27 14:35:00,1439.35,1439.6,1434.25,1434.65,739537
2024-03-27 14:45:00,1434.85,1435.55,1432.85,1434.6,1113750
2024-03-27 14:55:00,1434.9,1438.65,1433.7,1438.1,3280451
2024-03-27 15:05:00,1438.1,1441.25,1436.0,1440.75,4851418
2024-03-27 15:15:00,1440.75,1447.95,1440.75,1445.35,4463291
2024-03-27 15:25:00,1445.5,1446.95,1442.0,1443.95,1283364
2024-03-28 09:15:00,1440.7,1449.0,1440.7,1448.4,1599361
2024-03-28 09:25:00,1448.4,1450.0,1446.0,1448.0,591810
2024-03-28 09:35:00,1448.0,1449.25,1446.15,1449.25,636733
2024-03-28 09:45:00,1449.05,1452.0,1448.6,1451.65,1161879
2024-03-28 09:55:00,1451.55,1451.7,1448.7,1449.0,530333
2024-03-28 10:05:00,1449.15,1451.7,1448.65,1451.7,567327
2024-03-28 10:15:00,1451.7,1455.0,1451.55,1454.25,642382
2024-03-28 10:25:00,1454.25,1454.25,1451.3,1453.0,547271
2024-03-28 10:35:00,1452.9,1457.0,1452.55,1456.6,592422
2024-03-28 10:45:00,1456.6,1457.2,1454.6,1456.7,348827
2024-03-28 10:55:00,1456.75,1459.25,1456.35,1459.2,382788
2024-03-28 11:05:00,1459.05,1459.5,1457.1,1457.9,296099
2024-03-28 11:15:00,1457.85,1457.9,1455.25,1455.9,329685
2024-03-28 11:25:00,1455.95,1456.5,1454.9,1455.0,275395
2024-03-28 11:35:00,1454.95,1455.2,1454.0,1454.2,247457
2024-03-28 11:45:00,1454.0,1457.35,1453.45,1456.35,241088
2024-03-28 11:55:00,1456.25,1456.55,1453.0,1454.35,229608
2024-03-28 12:05:00,1454.15,1454.8,1453.0,1453.55,306570
2024-03-28 12:15:00,1453.7,1455.95,1453.05,1455.8,224395
2024-03-28 12:25:00,1455.75,1457.4,1455.0,1456.6,244844
2024-03-28 12:35:00,1456.6,1459.75,1456.45,1458.25,374353
2024-03-28 12:45:00,1458.25,1459.65,1457.25,1457.55,344202
2024-03-28 12:55:00,1457.55,1457.55,1454.0,1454.15,322238
2024-03-28 13:05:00,1454.1,1455.85,1453.4,1454.35,269467
2024-03-28 13:15:00,1454.4,1455.55,1454.0,1454.7,266963
2024-03-28 13:25:00,1454.7,1455.65,1453.8,1455.0,376744
2024-03-28 13:35:00,1455.0,1455.3,1454.1,1454.75,261422
2024-03-28 13:45:00,1454.75,1455.5,1453.0,1454.55,461190
2024-03-28 13:55:00,1454.55,1456.35,1453.65,1455.65,444899
2024-03-28 14:05:00,1455.65,1458.45,1454.0,1458.1,712806
2024-03-28 14:15:00,1457.55,1458.1,1455.8,1456.15,472547
2024-03-28 14:25:00,1456.15,1457.15,1454.2,1456.4,660169
2024-03-28 14:35:00,1456.35,1459.85,1454.65,1459.85,1306067
2024-03-28 14:45:00,1458.95,1460.5,1453.2,1454.3,1142234
2024-03-28 14:55:00,1454.35,1454.35,1447.9,1448.25,2967799
2024-03-28 15:05:00,1448.75,1450.15,1444.15,1446.0,3471328
2024-03-28 15:15:00,1446.0,1448.9,1444.35,1447.95,2734628
2024-03-28 15:25:00,1447.95,1448.05,1445.55,1447.0,986859
2024-04-01 09:15:00,1458.0,1473.8,1455.6,1469.2,1153713
2024-04-01 09:25:00,1468.75,1469.25,1465.45,1467.8,479857
2024-04-01 09:35:00,1467.85,1468.95,1463.3,1464.3,430547
2024-04-01 09:45:00,1464.5,1467.0,1463.0,1466.5,340061
2024-04-01 09:55:00,1466.15,1467.5,1465.05,1465.25,362807
2024-04-01 10:05:00,1465.25,1467.0,1465.25,1466.3,164735
2024-04-01 10:15:00,1466.3,1466.85,1464.5,1466.3,188716
2024-04-01 10:25:00,1466.25,1466.95,1465.75,1466.95,222165
2024-04-01 10:35:00,1466.85,1469.5,1466.55,1467.4,418061
2024-04-01 10:45:00,1467.35,1467.85,1466.65,1467.35,156654
2024-04-01 10:55:00,1467.45,1467.45,1463.2,1463.4,180558
2024-04-01 11:05:00,1463.75,1466.95,1463.2,1465.5,266050
2024-04-01 11:15:00,1465.5,1465.9,1464.0,1464.45,147786
2024-04-01 11:25:00,1464.45,1465.95,1463.35,1465.9,174381
2024-04-01 11:35:00,1465.9,1467.15,1464.8,1465.25,164578
2024-04-01 11:45:00,1465.7,1467.85,1464.65,1467.4,279580
2024-04-01 11:55:00,1467.4,1468.15,1466.0,1466.35,263533
2024-04-01 12:05:00,1465.95,1466.8,1465.0,1466.2,233593
2024-04-01 12:15:00,1466.7,1466.7,1465.5,1466.2,123882
2024-04-01 12:25:00,1466.6,1467.0,1465.45,1465.9,158045
2024-04-01 12:35:00,1465.9,1467.0,1464.8,1466.1,212466
2024-04-01 12:45:00,1466.05,1466.45,1464.9,1465.1,173385
2024-04-01 12:55:00,1465.0,1466.6,1464.35,1464.9,366441
2024-04-01 13:05:00,1464.9,1464.95,1462.05,1464.0,265688
2024-04-01 13:15:00,1464.0,1465.0,1463.35,1464.5,223360
2024-04-01 13:25:00,1464.55,1467.0,1464.5,1466.05,264656
2024-04-01 13:35:00,1466.1,1466.45,1464.65,1466.05,318378
2024-04-01 13:45:00,1466.05,1466.45,1464.1,1464.3,122950
2024-04-01 13:55:00,1464.3,1465.85,1464.05,1465.85,127958
2024-04-01 14:05:00,1465.85,1466.0,1463.85,1464.35,148235
2024-04-01 14:15:00,1464.35,1466.0,1463.8,1465.5,193637
2024-04-01 14:25:00,1465.6,1466.4,1463.6,1464.0,367016
2024-04-01 14:35:00,1464.05,1466.45,1463.2,1464.75,458930
2024-04-01 14:45:00,1464.95,1469.45,1464.55,1469.05,649047
2024-04-01 14:55:00,1469.05,1470.6,1468.75,1469.75,818646
2024-04-01 15:05:00,1469.55,1471.0,1469.15,1470.95,627925
2024-04-01 15:15:00,1470.75,1472.45,1470.4,1470.8,711841
2024-04-01 15:25:00,1470.95,1470.95,1468.05,1470.0,366560
2024-04-02 09:15:00,1465.15,1473.15,1463.25,1472.8,1722889
2024-04-02 09:25:00,1473.0,1486.6,1472.65,1485.05,1449158
2024-04-02 09:35:00,1485.25,1494.55,1484.4,1493.0,1698881
2024-04-02 09:45:00,1492.9,1494.85,1488.6,1490.0,996316
2024-04-02 09:55:00,1489.5,1491.25,1487.8,1488.95,563870
2024-04-02 10:05:00,1488.65,1490.0,1486.5,1489.25,352926
2024-04-02 10:15:00,1489.25,1490.6,1486.0,1486.75,474412
2024-04-02 10:25:00,1486.5,1487.25,1484.45,1485.1,524984
2024-04-02 10:35:00,1485.15,1485.5,1483.0,1484.45,407774
2024-04-02 10:45:00,1484.45,1486.6,1483.0,1484.3,544279
2024-04-02 10:55:00,1484.35,1486.9,1483.35,1486.8,457357
2024-04-02 11:05:00,1486.9,1489.85,1484.25,1485.5,615757
2024-04-02 11:15:00,1485.05,1486.95,1485.05,1485.75,321487
2024-04-02 11:25:00,1485.75,1485.9,1484.0,1484.95,326734
2024-04-02 11:35:00,1485.0,1486.4,1484.4,1484.75,232233
2024-04-02 11:45:00,1484.75,1485.05,1483.15,1485.05,236783
2024-04-02 11:55:00,1485.0,1485.25,1483.65,1485.25,165561
2024-04-02 12:05:00,1485.3,1485.8,1484.0,1485.55,154724
2024-04-02 12:15:00,1485.55,1487.0,1484.85,1485.8,330943
2024-04-02 12:25:00,1485.8,1486.65,1485.2,1485.7,293196
2024-04-02 12:35:00,1485.65,1488.0,1485.05,1487.9,362810
2024-04-02 12:45:00,1488.0,1489.95,1486.8,1489.35,248787
2024-04-02 12:55:00,1489.35,1490.4,1487.0,1487.7,398763
2024-04-02 13:05:00,1487.6,1487.9,1484.05,1486.45,217255
2024-04-02 13:15:00,1486.45,1488.0,1486.0,1488.0,171123
2024-04-02 13:25:00,1488.0,1488.5,1486.75,1487.5,216594
2024-04-02 13:35:00,1487.45,1487.85,1486.15,1486.9,312557
2024-04-02 13:45:00,1486.9,1486.95,1484.6,1485.9,312688
2024-04-02 13:55:00,1485.9,1487.95,1485.0,1485.9,373291
2024-04-02 14:05:00,1485.9,1485.95,1484.7,1485.5,226454
2024-04-02 14:15:00,1485.45,1485.95,1484.1,1485.05,374543
2024-04-02 14:25:00,1484.65,1485.0,1481.6,1482.0,490770
2024-04-02 14:35:00,1482.0,1482.0,1478.25,1479.7,642448
2024-04-02 14:45:00,1479.7,1481.0,1479.45,1480.85,244521
2024-04-02 14:55:00,1480.9,1481.9,1479.35,1480.0,946105
2024-04-02 15:05:00,1479.5,1483.3,1478.8,1480.35,1510283
2024-04-02 15:15:00,1480.0,1480.95,1478.25,1478.85,1109210
2024-04-02 15:25:00,1478.85,1480.0,1478.6,1479.55,455755
2024-04-03 09:15:00,1472.1,1480.7,1471.55,1472.0,1575165
2024-04-03 09:25:00,1471.9,1477.25,1471.4,1477.0,565256
2024-04-03 09:35:00,1477.1,1478.3,1475.4,1475.8,446698
2024-04-03 09:45:00,1475.95,1479.25,1475.95,1478.75,431871
2024-04-03 09:55:00,1478.75,1485.25,1478.0,1485.0,503241
2024-04-03 10:05:00,1485.0,1487.9,1484.5,1487.2,682733
2024-04-03 10:15:00,1487.2,1488.25,1485.05,1487.0,424017
2024-04-03 10:25:00,1487.1,1487.8,1485.7,1487.75,291944
2024-04-03 10:35:00,1487.75,1488.8,1487.05,1488.3,352772
2024-04-03 10:45:00,1488.15,1488.15,1484.8,1487.35,589398
2024-04-03 10:55:00,1487.35,1490.95,1487.0,1490.35,516003
2024-04-03 11:05:00,1490.4,1492.0,1490.05,1491.35,309488
2024-04-03 11:15:00,1491.25,1493.45,1490.0,1493.15,720720
2024-04-03 11:25:00,1493.15,1494.0,1491.45,1492.9,271056
2024-04-03 11:35:00,1492.95,1493.75,1492.4,1492.8,255737
2024-04-03 11:45:00,1492.8,1494.0,1492.8,1493.95,262684
2024-04-03 11:55:00,1493.85,1495.65,1493.85,1495.2,414096
2024-04-03 12:05:00,1495.25,1495.45,1492.6,1493.1,562050
2024-04-03 12:15:00,1493.1,1494.2,1487.75,1492.15,561790
2024-04-03 12:25:00,1492.1,1495.0,1491.25,1494.8,311773
2024-04-03 12:35:00,1494.85,1495.2,1491.0,1493.25,504984
2024-04-03 12:45:00,1493.25,1493.75,1491.9,1492.25,340292
2024-04-03 12:55:00,1492.25,1492.6,1490.3,1490.6,608564
2024-04-03 13:05:00,1490.9,1491.7,1489.55,1489.65,349226
2024-04-03 13:15:00,1489.7,1491.0,1488.0,1489.3,373016
2024-04-03 13:25:00,1489.3,1491.9,1489.1,1490.9,431661
2024-04-03 13:35:00,1490.9,1492.85,1490.85,1492.5,428670
2024-04-03 13:45:00,1492.5,1493.35,1486.8,1487.1,553120
2024-04-03 13:55:00,1487.1,1487.9,1482.0,1484.6,891364
2024-04-03 14:05:00,1484.6,1485.65,1482.15,1484.65,659893
2024-04-03 14:15:00,1484.65,1485.35,1482.0,1483.15,424899
2024-04-03 14:25:00,1483.4,1484.3,1479.05,1479.6,778585
2024-04-03 14:35:00,1479.65,1481.2,1476.55,1480.05,768708
2024-04-03 14:45:00,1480.05,1483.55,1479.85,1483.0,581936
2024-04-03 14:55:00,1483.0,1483.9,1480.5,1481.65,1570108
2024-04-03 15:05:00,1481.65,1483.45,1479.55,1481.9,1553383
2024-04-03 15:15:00,1481.95,1483.55,1481.25,1483.05,967793
2024-04-03 15:25:00,1482.85,1485.25,1481.55,1484.5,660640
2024-04-04 09:15:00,1504.0,1526.35,1504.0,1524.0,6927700
2024-04-04 09:25:00,1524.35,1524.7,1514.05,1515.85,2533484
2024-04-04 09:35:00,1516.0,1519.95,1515.0,1515.1,1258661
2024-04-04 09:45:00,1515.1,1516.75,1510.5,1510.9,1278178
2024-04-04 09:55:00,1510.95,1513.8,1509.0,1512.25,923217
2024-04-04 10:05:00,1512.25,1514.0,1509.0,1509.0,813136
2024-04-04 10:15:00,1509.2,1513.3,1508.95,1511.15,583396
2024-04-04 10:25:00,1511.65,1514.5,1511.05,1514.4,484642
2024-04-04 10:35:00,1514.25,1518.25,1514.05,1515.65,623266
2024-04-04 10:45:00,1515.5,1516.0,1510.0,1510.2,909687
2024-04-04 10:55:00,1510.25,1514.0,1509.0,1513.95,570501
2024-04-04 11:05:00,1514.0,1516.0,1511.3,1516.0,419254
2024-04-04 11:15:00,1516.0,1518.9,1515.25,1517.9,662797
2024-04-04 11:25:00,1517.9,1520.0,1514.45,1514.75,605332
2024-04-04 11:35:00,1514.55,1518.3,1514.0,1518.3,527789
2024-04-04 11:45:00,1518.3,1519.3,1517.3,1518.6,496203
2024-04-04 11:55:00,1518.6,1519.15,1517.25,1518.5,473589
2024-04-04 12:05:00,1517.9,1519.0,1516.3,1517.85,452558
2024-04-04 12:15:00,1518.0,1520.15,1517.5,1519.35,669999
2024-04-04 12:25:00,1519.35,1520.4,1518.9,1519.55,554323
2024-04-04 12:35:00,1519.45,1524.5,1515.55,1524.2,1371902
2024-04-04 12:45:00,1524.25,1524.8,1521.85,1523.7,933153
2024-04-04 12:55:00,1523.8,1525.5,1523.15,1525.3,1050338
2024-04-04 13:05:00,1525.15,1527.3,1525.0,1527.05,1072615
2024-04-04 13:15:00,1527.05,1528.0,1525.0,1527.75,894068
2024-04-04 13:25:00,1527.75,1529.85,1523.3,1523.9,1417164
2024-04-04 13:35:00,1523.9,1529.9,1523.8,1527.85,942955
2024-04-04 13:45:00,1527.9,1528.0,1515.1,1515.7,1584907
2024-04-04 13:55:00,1515.75,1520.2,1513.55,1518.95,1040851
2024-04-04 14:05:00,1518.8,1523.15,1518.25,1522.05,1133613
2024-04-04 14:15:00,1522.15,1523.8,1518.2,1520.3,1186632
2024-04-04 14:25:00,1520.25,1525.15,1519.9,1524.65,1078276
2024-04-04 14:35:00,1524.7,1528.0,1524.6,1527.7,1501952
2024-04-04 14:45:00,1527.8,1529.4,1525.1,1527.05,1227524
2024-04-04 14:55:00,1527.3,1528.25,1524.15,1526.75,1631608
2024-04-04 15:05:00,1526.75,1528.4,1526.05,1526.9,1556009
2024-04-04 15:15:00,1526.95,1529.9,1526.1,1529.45,1819818
2024-04-04 15:25:00,1529.5,1530.0,1527.5,1528.95,562323
2024-04-05 09:15:00,1539.0,1541.0,1530.15,1539.3,3730584
2024-04-05 09:25:00,1539.45,1542.7,1539.25,1541.1,2142785
2024-04-05 09:35:00,1540.65,1541.6,1537.1,1538.75,1120824
2024-04-05 09:45:00,1538.75,1542.95,1538.45,1541.4,988293
2024-04-05 09:55:00,1541.45,1543.0,1540.0,1542.35,515277
2024-04-05 10:05:00,1542.35,1542.7,1540.0,1541.15,493934
2024-04-05 10:15:00,1541.15,1542.0,1540.0,1542.0,737061
2024-04-05 10:25:00,1542.0,1546.0,1541.0,1545.85,927870
2024-04-05 10:35:00,1545.85,1546.7,1544.7,1545.9,1113772
2024-04-05 10:45:00,1545.9,1546.85,1545.0,1545.2,408851
2024-04-05 10:55:00,1545.2,1546.2,1545.0,1546.0,324330
2024-04-05 11:05:00,1546.2,1549.4,1545.35,1549.3,1118017
2024-04-05 11:15:00,1549.3,1549.65,1548.0,1549.0,388501
2024-04-05 11:25:00,1549.0,1550.8,1546.5,1548.0,1669916
2024-04-05 11:35:00,1548.1,1549.8,1548.0,1549.45,378706
2024-04-05 11:45:00,1549.45,1551.9,1549.0,1551.5,467739
2024-04-05 11:55:00,1551.5,1552.45,1550.05,1551.95,591641
2024-04-05 12:05:00,1551.95,1554.5,1551.9,1553.1,590242
2024-04-05 12:15:00,1553.0,1553.75,1551.3,1552.15,565059
2024-04-05 12:25:00,1552.15,1553.5,1550.25,1551.7,521148
2024-04-05 12:35:00,1551.75,1551.95,1549.0,1550.95,588425
2024-04-05 12:45:00,1550.95,1552.7,1550.5,1552.6,446310
2024-04-05 12:55:00,1552.6,1552.85,1548.0,1548.8,520805
2024-04-05 13:05:00,1548.7,1551.4,1546.0,1549.85,548521
2024-04-05 13:15:00,1549.8,1551.35,1549.0,1550.6,363910
2024-04-05 13:25:00,1550.55,1552.25,1550.55,1551.0,286433
2024-04-05 13:35:00,1551.0,1551.0,1548.6,1549.45,306891
2024-04-05 13:45:00,1549.5,1549.5,1547.05,1547.15,361290
2024-04-05 13:55:00,1547.15,1550.95,1546.25,1550.15,515099
2024-04-05 14:05:00,1550.15,1550.95,1548.35,1548.95,553704
2024-04-05 14:15:00,1548.95,1549.0,1545.2,1545.5,1081633
2024-04-05 14:25:00,1545.5,1546.9,1543.5,1545.05,562868
2024-04-05 14:35:00,1545.25,1547.35,1543.9,1546.95,408983
2024-04-05 14:45:00,1546.95,1549.0,1546.8,1548.95,377848
2024-04-05 14:55:00,1548.95,1551.9,1546.4,1546.7,813829
2024-04-05 15:05:00,1546.75,1551.15,1546.4,1550.1,1007847
2024-04-05 15:15:00,1550.15,1550.75,1548.1,1550.55,1079228
2024-04-05 15:25:00,1550.45,1550.7,1549.25,1550.0,510248
2024-04-08 09:15:00,1554.95,1557.25,1544.45,1545.0,1230444
2024-04-08 09:25:00,1545.2,1547.0,1541.55,1546.8,884793
2024-04-08 09:35:00,1546.9,1548.45,1544.25,1544.9,311157
2024-04-08 09:45:00,1544.6,1546.45,1543.05,1543.65,315801
2024-04-08 09:55:00,1543.6,1546.0,1543.15,1545.4,207416
2024-04-08 10:05:00,1545.05,1547.35,1545.0,1546.6,261039
2024-04-08 10:15:00,1546.65,1547.0,1545.1,1546.15,152408
2024-04-08 10:25:00,1546.0,1546.65,1544.05,1545.8,155766
2024-04-08 10:35:00,1545.8,1545.8,1543.1,1543.8,136672
2024-04-08 10:45:00,1543.85,1545.0,1542.15,1543.85,152314
2024-04-08 10:55:00,1543.85,1544.95,1543.2,1544.15,130635
2024-04-08 11:05:00,1544.15,1544.5,1542.9,1543.95,117602
2024-04-08 11:15:00,1543.9,1544.95,1543.85,1544.0,155761
2024-04-08 11:25:00,1544.0,1544.7,1542.85,1544.3,124993
2024-04-08 11:35:00,1544.3,1546.75,1543.9,1546.6,164478
2024-04-08 11:45:00,1546.65,1546.7,1544.4,1544.5,144228
2024-04-08 11:55:00,1544.45,1545.0,1543.5,1544.35,112948
2024-04-08 12:05:00,1544.35,1546.0,1543.5,1543.85,144090
2024-04-08 12:15:00,1543.85,1546.2,1543.8,1544.8,138880
2024-04-08 12:25:00,1544.8,1545.75,1543.65,1544.25,160000
2024-04-08 12:35:00,1544.25,1545.75,1543.5,1545.45,140959
2024-04-08 12:45:00,1545.45,1546.9,1545.0,1546.7,147136
2024-04-08 12:55:00,1546.7,1549.0,1546.0,1548.8,194209
2024-04-08 13:05:00,1548.85,1550.0,1548.0,1549.85,173205
2024-04-08 13:15:00,1549.9,1552.8,1549.6,1551.9,380316
2024-04-08 13:25:00,1551.9,1551.9,1545.85,1546.45,371358
2024-04-08 13:35:00,1546.45,1548.45,1545.95,1547.0,189732
2024-04-08 13:45:00,1546.9,1547.0,1545.05,1547.0,156122
2024-04-08 13:55:00,1547.0,1547.9,1546.1,1547.2,154909
2024-04-08 14:05:00,1547.2,1548.4,1545.25,1545.65,164290
2024-04-08 14:15:00,1545.65,1547.0,1545.3,1545.95,172571
2024-04-08 14:25:00,1545.95,1548.0,1545.7,1547.7,193436
2024-04-08 14:35:00,1548.0,1548.0,1546.0,1546.25,376773
2024-04-08 14:45:00,1546.25,1546.95,1545.6,1545.95,179138
2024-04-08 14:55:00,1546.0,1547.9,1545.5,1546.25,443419
2024-04-08 15:05:00,1546.05,1548.45,1545.55,1547.75,708170
2024-04-08 15:15:00,1547.8,1547.8,1545.75,1546.8,503375
2024-04-08 15:25:00,1546.85,1546.9,1544.5,1545.0,197112
2024-04-09 09:15:00,1554.85,1554.85,1544.95,1546.85,782727
2024-04-09 09:25:00,1546.95,1547.0,1544.3,1546.8,223538
2024-04-09 09:35:00,1547.1,1551.45,1546.85,1551.0,286477
2024-04-09 09:45:00,1551.0,1551.4,1549.1,1550.5,213977
2024-04-09 09:55:00,1550.55,1552.0,1548.5,1551.6,216466
2024-04-09 10:05:00,1551.6,1552.2,1550.0,1551.0,117649
2024-04-09 10:15:00,1551.0,1551.85,1548.0,1548.4,135860
2024-04-09 10:25:00,1548.45,1550.1,1548.45,1548.8,113940
2024-04-09 10:35:00,1548.75,1552.0,1548.1,1550.5,165454
2024-04-09 10:45:00,1550.5,1552.0,1549.25,1552.0,139352
2024-04-09 10:55:00,1552.0,1552.4,1549.85,1550.15,163154
2024-04-09 11:05:00,1550.15,1551.3,1549.45,1550.0,116501
2024-04-09 11:15:00,1550.0,1550.9,1549.5,1550.0,102431
2024-04-09 11:25:00,1549.95,1550.0,1548.15,1548.5,98712
2024-04-09 11:35:00,1548.5,1551.55,1548.1,1549.4,212074
2024-04-09 11:45:00,1549.4,1549.4,1547.15,1547.6,148920
2024-04-09 11:55:00,1547.6,1548.7,1547.25,1547.45,107216
2024-04-09 12:05:00,1547.25,1547.45,1543.2,1544.7,237655
2024-04-09 12:15:00,1544.7,1545.35,1544.1,1544.25,127504
2024-04-09 12:25:00,1544.25,1545.05,1541.1,1541.25,189353
2024-04-09 12:35:00,1541.25,1543.95,1540.3,1543.85,235000
2024-04-09 12:45:00,1544.0,1545.0,1543.05,1543.5,172308
2024-04-09 12:55:00,1543.5,1546.0,1543.2,1545.3,163159
2024-04-09 13:05:00,1545.4,1545.65,1544.35,1544.35,128884
2024-04-09 13:15:00,1544.35,1545.95,1544.3,1545.6,211637
2024-04-09 13:25:00,1545.7,1546.7,1544.5,1546.05,161545
2024-04-09 13:35:00,1546.35,1546.5,1543.95,1544.3,170458
2024-04-09 13:45:00,1544.0,1546.0,1542.65,1545.3,281781
2024-04-09 13:55:00,1545.3,1547.0,1544.8,1545.45,258154
2024-04-09 14:05:00,1545.45,1545.8,1541.8,1542.45,329002
2024-04-09 14:15:00,1542.45,1546.7,1542.1,1546.2,421476
2024-04-09 14:25:00,1546.3,1547.4,1545.5,1547.0,418661
2024-04-09 14:35:00,1547.0,1547.45,1545.7,1547.2,521499
2024-04-09 14:45:00,1547.2,1548.5,1546.05,1546.25,465364
2024-04-09 14:55:00,1546.2,1549.75,1545.9,1549.3,884254
2024-04-09 15:05:00,1549.4,1549.45,1547.45,1548.95,920512
2024-04-09 15:15:00,1548.95,1549.7,1547.95,1549.0,838634
2024-04-09 15:25:00,1549.05,1549.2,1543.6,1544.4,219630
2024-04-10 09:15:00,1549.9,1549.9,1536.2,1539.7,1434806
2024-04-10 09:25:00,1539.7,1542.45,1538.3,1541.55,580127
2024-04-10 09:35:00,1542.0,1543.2,1540.2,1542.4,306267
2024-04-10 09:45:00,1542.4,1543.6,1540.3,1541.95,246168
2024-04-10 09:55:00,1541.95,1543.2,1539.55,1539.9,178988
2024-04-10 10:05:00,1539.8,1542.95,1539.4,1542.4,144427
2024-04-10 10:15:00,1542.5,1542.95,1541.85,1542.65,159058
2024-04-10 10:25:00,1542.65,1543.65,1541.15,1541.4,174793
2024-04-10 10:35:00,1541.45,1543.7,1540.7,1542.0,212538
2024-04-10 10:45:00,1542.0,1542.25,1540.15,1540.7,211075
2024-04-10 10:55:00,1540.7,1542.0,1540.0,1541.75,136681
2024-04-10 11:05:00,1541.75,1542.9,1541.1,1541.3,135896
2024-04-10 11:15:00,1541.3,1542.0,1540.6,1540.9,145268
2024-04-10 11:25:00,1540.55,1544.0,1540.5,1543.9,149071
2024-04-10 11:35:00,1543.8,1544.4,1543.05,1543.25,146254
2024-04-10 11:45:00,1543.25,1543.25,1541.2,1541.4,109508
2024-04-10 11:55:00,1541.45,1543.3,1541.35,1543.0,96430
2024-04-10 12:05:00,1542.85,1543.6,1541.6,1542.35,111244
2024-04-10 12:15:00,1542.3,1542.55,1541.0,1541.6,87459
2024-04-10 12:25:00,1541.6,1543.0,1539.15,1539.6,883252
2024-04-10 12:35:00,1539.6,1540.0,1537.0,1538.85,403264
2024-04-10 12:45:00,1538.75,1539.0,1537.6,1538.45,211193
2024-04-10 12:55:00,1538.45,1539.0,1537.0,1538.9,168685
2024-04-10 13:05:00,1538.95,1539.0,1537.25,1538.05,171501
2024-04-10 13:15:00,1537.85,1539.0,1536.65,1539.0,542904
2024-04-10 13:25:00,1539.0,1539.0,1537.45,1537.6,167938
2024-04-10 13:35:00,1537.55,1538.95,1536.7,1537.95,266124
2024-04-10 13:45:00,1538.0,1538.35,1536.8,1538.0,209427
2024-04-10 13:55:00,1537.9,1541.3,1535.4,1540.85,818925
2024-04-10 14:05:00,1540.9,1541.5,1538.0,1538.35,219918
2024-04-10 14:15:00,1538.35,1540.0,1537.8,1539.7,190389
2024-04-10 14:25:00,1539.75,1540.2,1537.0,1538.45,270960
2024-04-10 14:35:00,1538.45,1539.1,1536.65,1538.4,245869
2024-04-10 14:45:00,1538.35,1538.75,1536.7,1536.75,318718
2024-04-10 14:55:00,1536.75,1537.25,1535.1,1536.55,1106396
2024-04-10 15:05:00,1536.25,1539.55,1535.45,1537.65,1425116
2024-04-10 15:15:00,1537.65,1538.25,1532.95,1535.95,1036584
2024-04-10 15:25:00,1535.7,1536.0,1534.0,1534.3,196423
2024-04-12 09:15:00,1521.0,1529.85,1520.95,1523.75,1586275
2024-04-12 09:25:00,1523.75,1527.65,1523.5,1525.55,740355
2024-04-12 09:35:00,1525.7,1526.1,1520.0,1521.35,915848
2024-04-12 09:45:00,1521.65,1521.85,1517.6,1520.6,874144
2024-04-12 09:55:00,1520.45,1521.0,1517.7,1519.2,498838
2024-04-12 10:05:00,1519.2,1519.7,1516.05,1516.5,553502
2024-04-12 10:15:00,1516.5,1517.45,1513.6,1513.6,666128
2024-04-12 10:25:00,1514.3,1517.55,1513.45,1516.75,500289
2024-04-12 10:35:00,1516.75,1518.9,1516.25,1517.5,370882
2024-04-12 10:45:00,1517.05,1517.8,1515.5,1515.6,232553
2024-04-12 10:55:00,1515.65,1517.0,1515.2,1515.35,198563
2024-04-12 11:05:00,1515.35,1516.7,1515.2,1515.95,181312
2024-04-12 11:15:00,1515.95,1518.55,1515.45,1518.55,229615
2024-04-12 11:25:00,1518.35,1518.95,1516.5,1518.9,229802
2024-04-12 11:35:00,1518.95,1519.6,1517.9,1519.6,226174
2024-04-12 11:45:00,1519.25,1521.5,1518.85,1521.5,289950
2024-04-12 11:55:00,1521.5,1525.0,1521.0,1523.2,499537
2024-04-12 12:05:00,1523.2,1526.0,1522.4,1525.0,396048
2024-04-12 12:15:00,1525.0,1525.9,1519.4,1522.6,639363
2024-04-12 12:25:00,1522.65,1523.0,1520.2,1522.75,267466
2024-04-12 12:35:00,1522.75,1523.1,1519.2,1520.2,469817
2024-04-12 12:45:00,1520.4,1520.4,1518.0,1518.95,248465
2024-04-12 12:55:00,1518.95,1520.8,1517.55,1520.65,210808
2024-04-12 13:05:00,1520.65,1520.9,1519.05,1520.7,229299
2024-04-12 13:15:00,1520.75,1520.85,1519.0,1519.6,170913
2024-04-12 13:25:00,1519.6,1520.75,1518.95,1520.3,237909
2024-04-12 13:35:00,1520.3,1520.65,1518.1,1519.15,238936
2024-04-12 13:45:00,1519.15,1522.0,1518.8,1521.35,297202
2024-04-12 13:55:00,1521.35,1522.5,1519.65,1522.1,436676
2024-04-12 14:05:00,1522.0,1522.4,1519.0,1519.75,357756
2024-04-12 14:15:00,1519.55,1520.85,1518.2,1519.2,461326
2024-04-12 14:25:00,1519.4,1519.4,1517.7,1518.75,341246
2024-04-12 14:35:00,1518.7,1520.0,1517.25,1517.35,528386
2024-04-12 14:45:00,1517.75,1519.0,1516.8,1517.8,793786
2024-04-12 14:55:00,1517.7,1519.65,1517.4,1519.45,1112290
2024-04-12 15:05:00,1519.5,1520.5,1518.95,1520.05,1541897
2024-04-12 15:15:00,1520.05,1520.2,1517.05,1517.55,1517384
2024-04-12 15:25:00,1517.5,1518.55,1516.5,1517.9,713210
2024-04-15 09:15:00,1497.55,1509.45,1497.55,1503.55,1519208
2024-04-15 09:25:00,1503.95,1505.0,1502.6,1503.25,579331
2024-04-15 09:35:00,1503.25,1505.0,1501.65,1501.85,505584
2024-04-15 09:45:00,1502.0,1502.6,1499.15,1500.1,374173
2024-04-15 09:55:00,1500.2,1507.15,1499.9,1505.7,285800
2024-04-15 10:05:00,1505.25,1507.0,1504.2,1506.2,220865
2024-04-15 10:15:00,1506.2,1508.0,1505.2,1505.25,198427
2024-04-15 10:25:00,1505.6,1507.5,1505.1,1506.7,156259
2024-04-15 10:35:00,1506.65,1508.9,1506.15,1508.0,148184
2024-04-15 10:45:00,1508.4,1509.7,1506.65,1507.9,319838
2024-04-15 10:55:00,1507.9,1509.9,1506.6,1508.5,287302
2024-04-15 11:05:00,1508.4,1508.7,1506.45,1506.85,165626
2024-04-15 11:15:00,1506.65,1506.85,1505.0,1506.15,208999
2024-04-15 11:25:00,1506.15,1507.25,1505.75,1506.9,136805
2024-04-15 11:35:00,1506.9,1508.4,1506.0,1506.95,128006
2024-04-15 11:45:00,1506.95,1508.0,1506.25,1507.25,104356
2024-04-15 11:55:00,1507.25,1509.65,1506.6,1508.7,152473
2024-04-15 12:05:00,1508.7,1510.0,1507.45,1508.5,248612
2024-04-15 12:15:00,1508.2,1508.75,1507.85,1507.85,95558
2024-04-15 12:25:00,1508.0,1508.85,1506.15,1507.4,115773
2024-04-15 12:35:00,1507.4,1508.0,1504.7,1505.25,149522
2024-04-15 12:45:00,1505.25,1505.95,1503.2,1503.7,113142
2024-04-15 12:55:00,1503.7,1504.9,1502.6,1502.85,117012
2024-04-15 13:05:00,1502.85,1502.9,1500.55,1500.55,192071
2024-04-15 13:15:00,1501.0,1502.2,1500.05,1500.6,178118
2024-04-15 13:25:00,1500.85,1500.95,1500.0,1500.35,137912
2024-04-15 13:35:00,1500.35,1500.4,1498.2,1499.65,179884
2024-04-15 13:45:00,1499.65,1500.45,1499.2,1499.3,108459
2024-04-15 13:55:00,1499.3,1500.5,1497.55,1498.0,313388
2024-04-15 14:05:00,1498.0,1501.5,1497.8,1500.45,185562
2024-04-15 14:15:00,1500.45,1500.5,1498.6,1498.8,175326
2024-04-15 14:25:00,1498.95,1499.4,1493.5,1494.6,342182
2024-04-15 14:35:00,1495.0,1499.0,1495.0,1496.75,228964
2024-04-15 14:45:00,1497.0,1497.15,1493.25,1495.45,470987
2024-04-15 14:55:00,1495.5,1496.75,1493.7,1494.65,662636
2024-04-15 15:05:00,1494.7,1495.75,1493.9,1495.35,870453
2024-04-15 15:15:00,1495.5,1496.65,1493.55,1493.7,710511
2024-04-15 15:25:00,1493.7,1494.55,1492.05,1494.0,278595
2024-04-16 09:15:00,1487.0,1493.0,1482.25,1486.55,1386798
2024-04-16 09:25:00,1486.8,1488.85,1485.5,1487.95,397429
2024-04-16 09:35:00,1488.0,1490.95,1486.2,1490.0,302975
2024-04-16 09:45:00,1490.0,1494.0,1488.5,1494.0,264745
2024-04-16 09:55:00,1494.3,1497.85,1493.4,1496.0,439069
2024-04-16 10:05:00,1495.95,1499.9,1495.9,1497.55,256674
2024-04-16 10:15:00,1497.55,1497.85,1492.3,1492.6,261441
2024-04-16 10:25:00,1493.0,1496.8,1492.3,1495.55,210687
2024-04-16 10:35:00,1495.65,1499.0,1495.3,1497.8,155601
2024-04-16 10:45:00,1497.7,1498.95,1497.15,1498.35,112719
2024-04-16 10:55:00,1498.45,1498.45,1496.4,1497.05,93425
2024-04-16 11:05:00,1497.05,1499.9,1496.75,1499.7,86392
2024-04-16 11:15:00,1499.7,1502.5,1499.2,1501.8,156525
2024-04-16 11:25:00,1501.85,1502.0,1498.4,1499.95,150199
2024-04-16 11:35:00,1499.95,1501.0,1499.5,1500.8,128544
2024-04-16 11:45:00,1500.8,1501.1,1499.7,1500.85,102282
2024-04-16 11:55:00,1500.85,1501.9,1500.05,1501.4,81214
2024-04-16 12:05:00,1501.5,1504.0,1501.0,1504.0,115800
2024-04-16 12:15:00,1504.0,1506.0,1503.5,1503.7,149001
2024-04-16 12:25:00,1503.85,1505.0,1502.75,1503.95,90108
2024-04-16 12:35:00,1504.0,1504.95,1500.65,1501.95,125222
2024-04-16 12:45:00,1501.9,1502.55,1498.0,1500.15,138944
2024-04-16 12:55:00,1500.1,1502.0,1499.55,1500.2,86181
2024-04-16 13:05:00,1500.15,1502.1,1499.8,1501.75,62251
2024-04-16 13:15:00,1501.7,1502.0,1499.05,1499.65,85915
2024-04-16 13:25:00,1499.45,1500.5,1498.8,1500.1,84632
2024-04-16 13:35:00,1500.15,1502.1,1499.2,1500.55,92821
2024-04-16 13:45:00,1500.55,1501.95,1500.5,1501.65,104210
2024-04-16 13:55:00,1501.65,1502.9,1500.0,1502.9,218598
2024-04-16 14:05:00,1502.8,1505.4,1502.65,1504.05,347177
2024-04-16 14:15:00,1504.05,1505.0,1501.7,1502.25,225442
2024-04-16 14:25:00,1502.55,1505.15,1502.1,1504.7,172335
2024-04-16 14:35:00,1504.4,1504.95,1502.25,1503.6,131320
2024-04-16 14:45:00,1503.65,1506.1,1503.5,1506.05,323001
2024-04-16 14:55:00,1506.1,1510.0,1505.6,1509.0,874556
2024-04-16 15:05:00,1508.9,1510.9,1508.1,1510.15,971658
2024-04-16 15:15:00,1510.1,1511.0,1508.0,1508.15,825608
2024-04-16 15:25:00,1508.05,1512.9,1508.0,1512.0,300403
2024-04-18 09:15:00,1509.8,1518.45,1507.3,1515.9,1090547
2024-04-18 09:25:00,1516.0,1518.85,1511.65,1512.5,653447
2024-04-18 09:35:00,1512.9,1514.05,1508.0,1510.0,473450
2024-04-18 09:45:00,1509.5,1510.25,1506.0,1507.7,357949
2024-04-18 09:55:00,1507.75,1510.9,1507.0,1509.2,190719
2024-04-18 10:05:00,1509.2,1509.7,1506.2,1506.5,228170
2024-04-18 10:15:00,1506.45,1508.4,1505.0,1506.2,376550
2024-04-18 10:25:00,1506.25,1507.4,1504.4,1506.75,307522
2024-04-18 10:35:00,1506.7,1508.4,1505.15,1506.3,285881
2024-04-18 10:45:00,1506.3,1507.0,1505.0,1506.95,307684
2024-04-18 10:55:00,1506.8,1511.35,1506.4,1511.3,190920
2024-04-18 11:05:00,1511.35,1515.9,1511.35,1513.35,260536
2024-04-18 11:15:00,1513.3,1514.05,1510.35,1512.4,188892
2024-04-18 11:25:00,1512.45,1513.65,1511.95,1512.2,142522
2024-04-18 11:35:00,1512.35,1513.65,1510.55,1511.8,207374
2024-04-18 11:45:00,1511.7,1513.35,1511.0,1512.6,133789
2024-04-18 11:55:00,1512.8,1514.25,1512.35,1513.85,139382
2024-04-18 12:05:00,1513.75,1514.75,1511.0,1511.5,174063
2024-04-18 12:15:00,1511.5,1513.4,1511.15,1511.85,148833
2024-04-18 12:25:00,1511.8,1513.3,1511.55,1513.1,138856
2024-04-18 12:35:00,1513.1,1514.8,1512.9,1514.55,192455
2024-04-18 12:45:00,1514.5,1514.6,1511.15,1512.4,168592
2024-04-18 12:55:00,1512.4,1514.0,1511.35,1512.1,169452
2024-04-18 13:05:00,1512.1,1512.45,1508.6,1509.85,229968
2024-04-18 13:15:00,1509.85,1512.5,1509.55,1511.2,230183
2024-04-18 13:25:00,1511.2,1511.6,1491.05,1506.05,1426691
2024-04-18 13:35:00,1506.45,1508.0,1497.2,1498.55,536920
2024-04-18 13:45:00,1498.3,1503.7,1498.0,1503.3,373774
2024-04-18 13:55:00,1503.25,1504.75,1499.65,1501.1,461555
2024-04-18 14:05:00,1500.9,1503.5,1499.0,1502.7,252913
2024-04-18 14:15:00,1502.8,1504.45,1502.25,1503.75,241219
2024-04-18 14:25:00,1503.8,1504.25,1500.35,1500.4,282538
2024-04-18 14:35:00,1500.4,1501.7,1495.0,1496.0,421174
2024-04-18 14:45:00,1496.05,1501.2,1495.45,1498.9,395804
2024-04-18 14:55:00,1498.9,1499.65,1493.65,1494.55,1309494
2024-04-18 15:05:00,1494.75,1495.5,1492.25,1492.7,1422757
2024-04-18 15:15:00,1492.7,1497.5,1492.25,1496.2,1678208
2024-04-18 15:25:00,1496.2,1498.75,1495.0,1496.8,505268
2024-04-19 09:15:00,1486.55,1495.6,1480.25,1494.4,1053001
2024-04-19 09:25:00,1495.05,1496.0,1491.5,1494.75,392220
2024-04-19 09:35:00,1494.75,1498.0,1493.9,1495.3,419529
2024-04-19 09:45:00,1494.75,1501.8,1494.5,1498.75,469548
2024-04-19 09:55:00,1498.7,1504.0,1497.5,1503.3,403780
2024-04-19 10:05:00,1503.05,1503.75,1501.0,1503.0,196033
2024-04-19 10:15:00,1503.0,1503.0,1498.6,1499.95,179076
2024-04-19 10:25:00,1499.85,1502.85,1499.6,1501.7,228125
2024-04-19 10:35:00,1502.1,1502.35,1496.75,1497.7,458223
2024-04-19 10:45:00,1497.7,1502.5,1497.45,1502.45,207429
2024-04-19 10:55:00,1502.45,1504.4,1501.3,1504.15,264903
2024-04-19 11:05:00,1504.05,1505.75,1503.05,1503.4,200611
2024-04-19 11:15:00,1503.3,1505.95,1502.15,1504.85,203502
2024-04-19 11:25:00,1505.35,1506.0,1503.35,1505.0,150628
2024-04-19 11:35:00,1504.95,1508.2,1504.55,1507.4,285281
2024-04-19 11:45:00,1507.4,1507.45,1500.85,1503.0,294035
2024-04-19 11:55:00,1502.95,1505.05,1502.5,1503.9,147669
2024-04-19 12:05:00,1503.9,1506.55,1503.85,1505.65,120795
2024-04-19 12:15:00,1505.65,1511.5,1505.0,1511.1,309075
2024-04-19 12:25:00,1511.1,1512.8,1509.75,1510.15,210117
2024-04-19 12:35:00,1510.2,1515.0,1510.1,1514.7,286085
2024-04-19 12:45:00,1514.7,1515.85,1512.95,1514.0,255780
2024-04-19 12:55:00,1514.0,1520.95,1513.85,1519.5,497488
2024-04-19 13:05:00,1518.95,1519.95,1516.6,1518.9,248516
2024-04-19 13:15:00,1518.9,1521.6,1517.8,1520.8,302562
2024-04-19 13:25:00,1520.9,1524.65,1519.9,1524.3,350564
2024-04-19 13:35:00,1524.3,1524.4,1519.25,1519.6,436564
2024-04-19 13:45:00,1519.6,1524.85,1518.65,1524.85,441127
2024-04-19 13:55:00,1525.5,1525.55,1522.8,1523.9,486954
2024-04-19 14:05:00,1523.9,1527.75,1523.15,1526.15,750447
2024-04-19 14:15:00,1526.75,1527.45,1520.9,1523.8,775428
2024-04-19 14:25:00,1524.45,1526.35,1520.75,1524.3,771694
2024-04-19 14:35:00,1524.3,1525.8,1521.2,1522.35,614610
2024-04-19 14:45:00,1521.6,1529.5,1521.5,1528.65,675037
2024-04-19 14:55:00,1528.65,1530.0,1526.2,1529.5,918452
2024-04-19 15:05:00,1529.5,1532.9,1528.55,1532.0,1216937
2024-04-19 15:15:00,1531.8,1534.95,1530.75,1533.7,1032016
2024-04-19 15:25:00,1533.75,1534.8,1531.9,1534.2,365333
2024-04-22 09:15:00,1557.4,1557.4,1517.1,1526.75,3263829
2024-04-22 09:25:00,1526.85,1529.2,1522.0,1522.05,770882
2024-04-22 09:35:00,1522.05,1524.0,1517.5,1518.35,763446
2024-04-22 09:45:00,1518.2,1518.25,1513.65,1514.7,862412
2024-04-22 09:55:00,1514.6,1520.5,1514.4,1516.7,641741
2024-04-22 10:05:00,1516.7,1520.6,1516.05,1519.6,629340
2024-04-22 10:15:00,1519.5,1520.45,1517.0,1517.6,627838
2024-04-22 10:25:00,1517.85,1518.3,1516.0,1517.0,394539
2024-04-22 10:35:00,1517.1,1518.95,1516.9,1518.7,255939
2024-04-22 10:45:00,1518.65,1520.9,1517.35,1519.45,271290
2024-04-22 10:55:00,1519.4,1521.5,1518.15,1521.0,359241
2024-04-22 11:05:00,1521.0,1521.5,1519.0,1519.65,347171
2024-04-22 11:15:00,1519.8,1521.25,1518.6,1519.5,237859
2024-04-22 11:25:00,1519.5,1519.6,1517.0,1519.6,220734
2024-04-22 11:35:00,1519.6,1519.6,1518.15,1518.7,156565
2024-04-22 11:45:00,1518.65,1519.6,1518.35,1518.95,208429
2024-04-22 11:55:00,1518.95,1520.4,1518.9,1519.6,300324
2024-04-22 12:05:00,1519.55,1519.55,1516.5,1516.8,217945
2024-04-22 12:15:00,1516.8,1517.95,1516.4,1517.7,282692
2024-04-22 12:25:00,1517.7,1519.0,1515.1,1518.95,508114
2024-04-22 12:35:00,1518.9,1519.8,1518.1,1518.7,360064
2024-04-22 12:45:00,1518.75,1518.95,1515.1,1515.5,298828
2024-04-22 12:55:00,1515.5,1516.9,1515.45,1516.0,189013
2024-04-22 13:05:00,1516.0,1516.9,1514.0,1515.6,311702
2024-04-22 13:15:00,1515.6,1515.8,1514.75,1514.8,184444
2024-04-22 13:25:00,1514.9,1515.6,1514.1,1515.4,206149
2024-04-22 13:35:00,1515.35,1515.4,1513.2,1514.1,304594
2024-04-22 13:45:00,1514.1,1514.3,1512.0,1512.4,269658
2024-04-22 13:55:00,1512.4,1514.45,1512.3,1514.35,252409
2024-04-22 14:05:00,1514.4,1514.5,1511.05,1511.3,249524
2024-04-22 14:15:00,1511.85,1511.85,1508.3,1508.85,601576
2024-04-22 14:25:00,1509.0,1511.1,1509.0,1511.1,591042
2024-04-22 14:35:00,1511.15,1515.6,1511.15,1515.5,599321
2024-04-22 14:45:00,1515.6,1515.9,1512.6,1512.95,731805
2024-04-22 14:55:00,1512.55,1513.0,1509.65,1510.7,989951
2024-04-22 15:05:00,1510.6,1513.9,1510.55,1513.75,1088016
2024-04-22 15:15:00,1513.7,1514.0,1511.3,1513.95,1127287
2024-04-22 15:25:00,1513.65,1515.2,1513.4,1514.35,422013
2024-04-23 09:15:00,1526.3,1526.5,1515.2,1519.2,1638099
2024-04-23 09:25:00,1519.3,1521.0,1516.25,1516.7,509204
2024-04-23 09:35:00,1516.7,1517.95,1514.35,1514.8,291902
2024-04-23 09:45:00,1514.8,1515.0,1512.2,1512.25,338722
2024-04-23 09:55:00,1512.2,1513.9,1511.0,1512.95,300744
2024-04-23 10:05:00,1512.5,1514.85,1512.5,1513.75,209551
2024-04-23 10:15:00,1513.65,1515.85,1513.5,1514.9,181018
2024-04-23 10:25:00,1514.85,1514.9,1511.9,1512.9,207723
2024-04-23 10:35:00,1512.8,1512.95,1510.6,1510.6,124704
2024-04-23 10:45:00,1510.65,1511.5,1509.95,1511.4,128760
2024-04-23 10:55:00,1511.95,1512.2,1508.5,1508.5,150334
2024-04-23 11:05:00,1508.9,1510.8,1508.35,1509.0,181267
2024-04-23 11:15:00,1509.05,1510.75,1508.7,1510.4,174700
2024-04-23 11:25:00,1510.4,1511.0,1510.0,1510.3,180516
2024-04-23 11:35:00,1510.2,1510.6,1508.8,1509.6,190194
2024-04-23 11:45:00,1509.6,1510.1,1508.45,1509.2,111898
2024-04-23 11:55:00,1509.2,1509.6,1507.55,1507.9,168565
2024-04-23 12:05:00,1507.9,1510.95,1507.65,1509.9,404949
2024-04-23 12:15:00,1509.9,1510.95,1509.55,1509.75,379249
2024-04-23 12:25:00,1510.3,1510.65,1508.5,1509.0,165483
2024-04-23 12:35:00,1509.0,1510.2,1507.65,1508.7,167661
2024-04-23 12:45:00,1508.65,1509.5,1507.55,1508.8,118454
2024-04-23 12:55:00,1508.85,1509.15,1506.6,1506.8,209022
2024-04-23 13:05:00,1506.8,1507.35,1504.5,1505.6,383801
2024-04-23 13:15:00,1505.6,1506.45,1503.25,1504.4,255106
2024-04-23 13:25:00,1504.4,1507.3,1504.0,1505.8,395155
2024-04-23 13:35:00,1505.85,1506.9,1504.65,1506.6,380196
2024-04-23 13:45:00,1506.6,1506.85,1505.0,1505.75,298388
2024-04-23 13:55:00,1505.8,1507.0,1505.15,1506.25,306566
2024-04-23 14:05:00,1506.4,1506.5,1503.45,1504.35,240025
2024-04-23 14:15:00,1504.4,1506.2,1504.0,1504.4,176445
2024-04-23 14:25:00,1504.45,1505.25,1503.75,1503.75,193591
2024-04-23 14:35:00,1503.85,1506.2,1503.4,1505.85,281779
2024-04-23 14:45:00,1506.0,1508.1,1505.8,1507.65,306359
2024-04-23 14:55:00,1507.6,1510.75,1507.45,1509.15,872049
2024-04-23 15:05:00,1509.55,1509.55,1505.2,1509.3,1195326
2024-04-23 15:15:00,1509.4,1509.8,1505.0,1506.2,903786
2024-04-23 15:25:00,1506.2,1507.7,1505.7,1507.5,249354
2024-04-24 09:15:00,1515.0,1515.75,1510.5,1512.6,879161
2024-04-24 09:25:00,1512.9,1516.95,1509.7,1512.95,1263161
2024-04-24 09:35:00,1513.25,1514.95,1512.5,1514.4,181096
2024-04-24 09:45:00,1514.4,1516.65,1513.1,1516.5,535371
2024-04-24 09:55:00,1516.4,1518.0,1515.45,1516.95,471871
2024-04-24 10:05:00,1516.8,1518.5,1516.55,1517.0,212970
2024-04-24 10:15:00,1517.0,1519.95,1516.2,1519.8,451452
2024-04-24 10:25:00,1519.8,1521.75,1519.1,1520.4,624482
2024-04-24 10:35:00,1521.0,1521.5,1519.0,1519.1,126288
2024-04-24 10:45:00,1519.4,1519.65,1517.5,1518.65,100243
2024-04-24 10:55:00,1518.65,1518.65,1516.0,1516.6,128265
2024-04-24 11:05:00,1516.85,1517.6,1516.2,1517.0,199087
2024-04-24 11:15:00,1517.0,1517.05,1515.2,1517.0,111552
2024-04-24 11:25:00,1516.95,1518.0,1516.1,1517.3,121211
2024-04-24 11:35:00,1517.65,1518.95,1517.0,1518.25,229044
2024-04-24 11:45:00,1518.75,1519.0,1517.6,1517.85,99881
2024-04-24 11:55:00,1517.85,1518.85,1517.0,1517.8,72254
2024-04-24 12:05:00,1517.9,1518.7,1517.45,1517.95,69594
2024-04-24 12:15:00,1517.95,1517.95,1516.2,1516.45,73732
2024-04-24 12:25:00,1516.45,1516.95,1515.45,1515.85,91405
2024-04-24 12:35:00,1515.85,1516.7,1515.4,1516.35,132313
2024-04-24 12:45:00,1516.35,1516.6,1513.95,1515.0,238874
2024-04-24 12:55:00,1514.85,1515.3,1514.05,1515.25,106012
2024-04-24 13:05:00,1515.2,1516.0,1515.05,1515.75,123818
2024-04-24 13:15:00,1515.75,1517.1,1515.5,1515.75,308019
2024-04-24 13:25:00,1515.75,1515.8,1513.1,1514.45,142417
2024-04-24 13:35:00,1514.35,1515.55,1512.45,1515.05,203734
2024-04-24 13:45:00,1515.05,1515.85,1514.55,1515.8,197544
2024-04-24 13:55:00,1515.8,1516.35,1515.7,1516.15,163770
2024-04-24 14:05:00,1516.15,1516.4,1515.6,1515.8,124546
2024-04-24 14:15:00,1515.8,1516.0,1514.5,1514.6,112314
2024-04-24 14:25:00,1514.4,1515.3,1511.95,1512.75,175844
2024-04-24 14:35:00,1512.75,1513.2,1511.0,1511.3,208278
2024-04-24 14:45:00,1511.25,1512.6,1511.05,1512.35,107011
2024-04-24 14:55:00,1512.35,1513.4,1510.45,1513.25,659918
2024-04-24 15:05:00,1513.1,1515.0,1509.7,1510.55,1015305
2024-04-24 15:15:00,1510.4,1511.1,1509.05,1509.6,674167
2024-04-24 15:25:00,1509.6,1513.25,1509.6,1512.4,263045
2024-04-25 09:15:00,1506.25,1519.7,1506.25,1512.75,657592
2024-04-25 09:25:00,1512.75,1514.7,1512.35,1513.5,318526
2024-04-25 09:35:00,1514.15,1515.7,1513.2,1515.3,416376
2024-04-25 09:45:00,1515.15,1516.0,1510.0,1511.0,514668
2024-04-25 09:55:00,1511.0,1515.9,1510.95,1514.5,334278
2024-04-25 10:05:00,1514.2,1517.9,1513.55,1515.95,634667
2024-04-25 10:15:00,1515.9,1519.0,1515.75,1517.4,588513
2024-04-25 10:25:00,1517.55,1518.25,1514.0,1515.8,426953
2024-04-25 10:35:00,1515.7,1516.55,1514.45,1516.25,325775
2024-04-25 10:45:00,1516.25,1516.95,1510.0,1510.0,401731
2024-04-25 10:55:00,1510.05,1512.95,1510.0,1512.0,234121
2024-04-25 11:05:00,1512.0,1515.0,1510.7,1514.0,348477
2024-04-25 11:15:00,1514.0,1514.55,1510.05,1511.7,206770
2024-04-25 11:25:00,1511.7,1513.25,1511.4,1512.75,107162
2024-04-25 11:35:00,1512.3,1513.2,1511.05,1511.75,126511
2024-04-25 11:45:00,1511.3,1512.15,1510.8,1511.85,111643
2024-04-25 11:55:00,1512.0,1512.15,1510.6,1512.0,141733
2024-04-25 12:05:00,1512.0,1512.8,1511.05,1512.6,373510
2024-04-25 12:15:00,1512.6,1513.0,1511.4,1512.1,251913
2024-04-25 12:25:00,1512.1,1512.75,1511.0,1511.8,225322
2024-04-25 12:35:00,1511.75,1512.6,1511.15,1512.05,511311
2024-04-25 12:45:00,1512.05,1512.55,1511.4,1512.05,293214
2024-04-25 12:55:00,1512.05,1512.95,1510.15,1512.3,385814
2024-04-25 13:05:00,1512.0,1512.45,1511.0,1512.3,356432
2024-04-25 13:15:00,1512.4,1512.75,1511.55,1512.15,372541
2024-04-25 13:25:00,1512.15,1512.7,1510.6,1510.85,453470
2024-04-25 13:35:00,1511.05,1511.6,1510.0,1511.3,234463
2024-04-25 13:45:00,1511.3,1513.6,1511.05,1512.2,339292
2024-04-25 13:55:00,1512.35,1512.65,1510.95,1512.0,239113
2024-04-25 14:05:00,1512.0,1515.0,1511.6,1513.6,702995
2024-04-25 14:15:00,1513.6,1515.45,1513.2,1514.0,313257
2024-04-25 14:25:00,1514.05,1515.0,1513.45,1514.8,455268
2024-04-25 14:35:00,1514.4,1515.4,1512.8,1515.3,729385
2024-04-25 14:45:00,1515.45,1515.6,1512.05,1512.45,472258
2024-04-25 14:55:00,1512.3,1513.45,1510.25,1511.5,1358788
2024-04-25 15:05:00,1511.6,1511.85,1509.8,1510.05,1544759
2024-04-25 15:15:00,1510.05,1511.55,1509.75,1511.05,1530139
2024-04-25 15:25:00,1510.65,1514.0,1510.55,1514.0,434658
2024-04-26 09:15:00,1519.8,1521.0,1512.35,1519.35,870933
2024-04-26 09:25:00,1519.3,1521.8,1518.05,1520.8,443311
2024-04-26 09:35:00,1520.75,1525.85,1520.75,1525.6,640794
2024-04-26 09:45:00,1525.5,1528.0,1521.0,1523.75,1260290
2024-04-26 09:55:00,1524.0,1524.7,1519.15,1519.8,437379
2024-04-26 10:05:00,1519.8,1520.65,1517.2,1519.85,321203
2024-04-26 10:15:00,1519.85,1520.0,1515.75,1516.75,208509
2024-04-26 10:25:00,1516.65,1517.05,1513.05,1513.15,208699
2024-04-26 10:35:00,1513.0,1515.95,1512.25,1515.5,203555
2024-04-26 10:45:00,1515.5,1516.7,1514.0,1514.9,156832
2024-04-26 10:55:00,1514.9,1515.6,1513.4,1513.6,158086
2024-04-26 11:05:00,1513.6,1514.55,1511.65,1514.0,166331
2024-04-26 11:15:00,1514.0,1515.0,1513.25,1514.95,111309
2024-04-26 11:25:00,1514.95,1516.0,1514.15,1515.4,124925
2024-04-26 11:35:00,1515.4,1517.0,1515.0,1516.0,166005
2024-04-26 11:45:00,1516.0,1516.8,1514.0,1514.45,110351
2024-04-26 11:55:00,1514.45,1514.75,1512.5,1514.3,107846
2024-04-26 12:05:00,1514.3,1514.75,1513.05,1514.7,135340
2024-04-26 12:15:00,1514.55,1515.6,1513.8,1515.0,123494
2024-04-26 12:25:00,1515.0,1515.3,1513.0,1514.85,103315
2024-04-26 12:35:00,1514.75,1515.8,1514.05,1515.3,94242
2024-04-26 12:45:00,1515.15,1515.3,1513.75,1514.9,157324
2024-04-26 12:55:00,1514.95,1515.0,1513.75,1515.0,138787
2024-04-26 13:05:00,1514.95,1517.0,1514.5,1516.0,175015
2024-04-26 13:15:00,1516.0,1516.95,1515.0,1516.45,141491
2024-04-26 13:25:00,1516.45,1516.9,1512.0,1513.6,242970
2024-04-26 13:35:00,1513.4,1514.45,1512.25,1513.1,273011
2024-04-26 13:45:00,1513.05,1513.5,1510.75,1511.95,340168
2024-04-26 13:55:00,1511.95,1512.85,1507.6,1508.45,449484
2024-04-26 14:05:00,1508.15,1510.0,1505.55,1508.95,429898
2024-04-26 14:15:00,1508.95,1512.95,1508.95,1510.9,310347
2024-04-26 14:25:00,1511.25,1511.5,1509.55,1510.9,294084
2024-04-26 14:35:00,1510.95,1512.3,1509.95,1510.75,381074
2024-04-26 14:45:00,1510.75,1511.75,1510.0,1510.8,422517
2024-04-26 14:55:00,1510.9,1511.3,1509.5,1510.55,807811
2024-04-26 15:05:00,1510.55,1510.55,1506.05,1507.35,618978
2024-04-26 15:15:00,1507.3,1513.45,1507.2,1511.9,638110
2024-04-26 15:25:00,1511.9,1513.5,1510.55,1511.0,244484
2024-04-29 09:15:00,1515.0,1516.25,1510.0,1512.35,1328789
2024-04-29 09:25:00,1512.15,1513.55,1510.4,1510.95,575521
2024-04-29 09:35:00,1511.1,1511.95,1508.6,1509.2,396211
2024-04-29 09:45:00,1509.25,1509.5,1507.0,1508.55,336994
2024-04-29 09:55:00,1508.55,1510.0,1506.55,1510.0,333382
2024-04-29 10:05:00,1510.0,1512.75,1509.95,1510.8,326194
2024-04-29 10:15:00,1511.35,1515.15,1510.2,1514.4,531514
2024-04-29 10:25:00,1514.7,1518.0,1513.4,1516.8,333125
2024-04-29 10:35:00,1516.8,1517.1,1515.1,1516.25,288406
2024-04-29 10:45:00,1516.3,1517.45,1514.4,1515.9,244653
2024-04-29 10:55:00,1516.35,1516.65,1514.5,1515.2,211087
2024-04-29 11:05:00,1515.15,1517.85,1515.15,1517.5,223557
2024-04-29 11:15:00,1517.7,1520.0,1517.05,1519.85,621337
2024-04-29 11:25:00,1519.9,1520.0,1517.2,1518.85,340045
2024-04-29 11:35:00,1518.85,1520.25,1516.8,1518.0,320933
2024-04-29 11:45:00,1517.5,1520.2,1517.1,1519.65,249201
2024-04-29 11:55:00,1519.6,1521.0,1516.9,1520.0,395596
2024-04-29 12:05:00,1520.0,1521.65,1519.05,1520.4,311619
2024-04-29 12:15:00,1520.3,1521.8,1518.55,1521.3,143074
2024-04-29 12:25:00,1521.3,1521.3,1519.5,1520.95,115380
2024-04-29 12:35:00,1520.5,1521.0,1518.6,1520.65,301492
2024-04-29 12:45:00,1520.65,1520.7,1518.05,1518.5,136678
2024-04-29 12:55:00,1518.15,1519.0,1516.05,1516.95,274601
2024-04-29 13:05:00,1516.95,1518.9,1515.6,1516.95,229626
2024-04-29 13:15:00,1516.95,1519.2,1516.0,1519.05,309906
2024-04-29 13:25:00,1519.05,1522.5,1518.4,1521.85,670345
2024-04-29 13:35:00,1522.3,1525.8,1520.9,1525.25,505507
2024-04-29 13:45:00,1525.05,1525.7,1522.05,1522.7,404796
2024-04-29 13:55:00,1522.7,1523.5,1520.15,1520.85,272987
2024-04-29 14:05:00,1521.0,1523.7,1520.0,1521.95,309557
2024-04-29 14:15:00,1521.9,1523.25,1520.9,1522.05,227656
2024-04-29 14:25:00,1521.9,1522.7,1520.0,1521.35,215349
2024-04-29 14:35:00,1521.5,1522.8,1520.5,1521.1,226781
2024-04-29 14:45:00,1521.05,1530.65,1520.5,1530.05,931452
2024-04-29 14:55:00,1530.15,1534.45,1528.25,1529.6,1262629
2024-04-29 15:05:00,1529.6,1532.15,1528.8,1529.55,1744122
2024-04-29 15:15:00,1529.55,1530.0,1527.5,1529.0,1296568
2024-04-29 15:25:00,1529.35,1530.0,1527.75,1528.55,978484
2024-04-30 09:15:00,1529.2,1530.8,1523.65,1525.45,669756
2024-04-30 09:25:00,1525.5,1527.2,1523.0,1525.85,341222
2024-04-30 09:35:00,1525.85,1527.95,1524.7,1526.3,267520
2024-04-30 09:45:00,1526.25,1532.5,1525.0,1531.95,725458
2024-04-30 09:55:00,1531.55,1533.75,1530.5,1532.35,712994
2024-04-30 10:05:00,1532.35,1533.35,1527.25,1530.6,431377
2024-04-30 10:15:00,1530.8,1532.0,1529.0,1530.55,226832
2024-04-30 10:25:00,1530.35,1534.95,1529.75,1533.15,826071
2024-04-30 10:35:00,1533.35,1534.35,1531.2,1532.55,567451
2024-04-30 10:45:00,1532.55,1538.0,1532.1,1537.95,895325
2024-04-30 10:55:00,1537.15,1538.0,1533.75,1534.05,815584
2024-04-30 11:05:00,1534.0,1535.8,1532.1,1535.3,413832
2024-04-30 11:15:00,1535.8,1536.85,1532.9,1534.0,351783
2024-04-30 11:25:00,1533.75,1535.0,1531.3,1534.15,279039
2024-04-30 11:35:00,1534.4,1536.0,1533.0,1534.0,457985
2024-04-30 11:45:00,1533.95,1536.0,1533.5,1533.8,215099
2024-04-30 11:55:00,1533.8,1534.8,1532.5,1533.2,249362
2024-04-30 12:05:00,1533.2,1534.85,1532.6,1533.9,178018
2024-04-30 12:15:00,1533.65,1534.0,1531.0,1531.45,169986
2024-04-30 12:25:00,1531.4,1533.95,1531.1,1532.55,165884
2024-04-30 12:35:00,1532.9,1533.35,1529.2,1532.45,196546
2024-04-30 12:45:00,1532.1,1532.5,1530.6,1531.0,147004
2024-04-30 12:55:00,1531.0,1535.45,1530.8,1534.75,466278
2024-04-30 13:05:00,1534.75,1535.5,1531.9,1533.25,396464
2024-04-30 13:15:00,1533.6,1534.5,1531.4,1533.35,344774
2024-04-30 13:25:00,1533.35,1534.0,1530.8,1530.85,363267
2024-04-30 13:35:00,1530.9,1532.0,1530.0,1530.5,294343
2024-04-30 13:45:00,1530.6,1531.35,1527.45,1527.85,238685
2024-04-30 13:55:00,1527.8,1536.8,1527.6,1535.2,1639582
2024-04-30 14:05:00,1535.2,1538.5,1534.0,1537.1,576495
2024-04-30 14:15:00,1537.35,1538.4,1535.3,1537.35,433485
2024-04-30 14:25:00,1537.3,1539.5,1535.0,1537.6,716075
2024-04-30 14:35:00,1537.6,1538.75,1535.1,1535.4,428969
2024-04-30 14:45:00,1535.6,1536.95,1526.5,1528.2,1134747
2024-04-30 14:55:00,1528.3,1529.35,1520.2,1521.8,2952448
2024-04-30 15:05:00,1521.55,1523.4,1519.1,1520.25,2954994
2024-04-30 15:15:00,1520.25,1520.85,1515.8,1516.45,2758966
2024-04-30 15:25:00,1516.4,1517.9,1514.9,1515.45,1018984
2024-05-02 09:15:00,1522.0,1530.0,1520.35,1528.75,2042732
2024-05-02 09:25:00,1528.7,1531.95,1526.3,1529.45,610617
2024-05-02 09:35:00,1529.7,1533.65,1527.85,1533.5,730134
2024-05-02 09:45:00,1533.3,1534.9,1530.45,1534.5,1184493
2024-05-02 09:55:00,1534.5,1536.0,1533.2,1536.0,570486
2024-05-02 10:05:00,1535.9,1537.0,1534.05,1535.0,413896
2024-05-02 10:15:00,1535.1,1535.2,1530.9,1532.45,244567
2024-05-02 10:25:00,1532.75,1535.1,1531.6,1534.35,315980
2024-05-02 10:35:00,1534.5,1535.5,1533.3,1534.95,332842
2024-05-02 10:45:00,1534.9,1536.0,1534.1,1535.4,319744
2024-05-02 10:55:00,1535.5,1536.0,1534.25,1535.15,290776
2024-05-02 11:05:00,1534.85,1535.5,1531.2,1533.35,282867
2024-05-02 11:15:00,1533.15,1534.8,1530.15,1531.0,181068
2024-05-02 11:25:00,1531.0,1536.0,1530.35,1535.95,411307
2024-05-02 11:35:00,1535.55,1536.55,1534.05,1534.1,208296
2024-05-02 11:45:00,1534.05,1534.95,1532.75,1532.9,137961
2024-05-02 11:55:00,1532.95,1534.4,1532.75,1533.4,129382
2024-05-02 12:05:00,1533.45,1534.15,1532.05,1533.7,140416
2024-05-02 12:15:00,1533.65,1533.75,1531.8,1532.35,104056
2024-05-02 12:25:00,1532.0,1534.0,1531.5,1533.75,201431
2024-05-02 12:35:00,1533.75,1534.65,1532.85,1533.95,178671
2024-05-02 12:45:00,1534.0,1535.0,1531.85,1532.9,218595
2024-05-02 12:55:00,1532.9,1534.9,1532.25,1532.85,156777
2024-05-02 13:05:00,1532.85,1534.0,1531.15,1532.4,164420
2024-05-02 13:15:00,1532.3,1533.0,1531.15,1532.65,156610
2024-05-02 13:25:00,1532.4,1534.95,1532.1,1534.65,216843
2024-05-02 13:35:00,1534.3,1534.7,1532.15,1532.35,224491
2024-05-02 13:45:00,1532.35,1534.2,1532.1,1533.55,122254
2024-05-02 13:55:00,1533.1,1534.0,1531.05,1532.75,252319
2024-05-02 14:05:00,1532.6,1534.05,1531.5,1532.25,255615
2024-05-02 14:15:00,1532.3,1532.95,1530.15,1530.6,389846
2024-05-02 14:25:00,1530.6,1532.15,1529.55,1530.7,369810
2024-05-02 14:35:00,1530.55,1531.2,1528.3,1529.5,393470
2024-05-02 14:45:00,1529.4,1531.8,1528.25,1530.45,238021
2024-05-02 14:55:00,1530.6,1533.3,1528.8,1531.45,1034092
2024-05-02 15:05:00,1531.45,1534.0,1530.2,1533.0,1297100
2024-05-02 15:15:00,1533.0,1534.75,1532.1,1533.25,1338781
2024-05-02 15:25:00,1533.0,1533.6,1531.7,1532.9,414315
2024-05-03 09:15:00,1533.25,1540.6,1532.25,1539.0,798155
2024-05-03 09:25:00,1539.0,1539.35,1536.05,1536.35,219248
2024-05-03 09:35:00,1536.35,1536.5,1534.15,1535.5,206586
2024-05-03 09:45:00,1535.5,1535.55,1534.2,1535.1,163417
2024-05-03 09:55:00,1535.1,1536.65,1533.1,1534.85,201726
2024-05-03 10:05:00,1534.5,1534.85,1527.05,1527.25,613372
2024-05-03 10:15:00,1527.35,1529.2,1523.4,1525.65,680890
2024-05-03 10:25:00,1525.85,1528.0,1524.55,1527.45,328954
2024-05-03 10:35:00,1527.75,1528.8,1522.7,1525.6,391488
2024-05-03 10:45:00,1525.3,1526.45,1523.25,1524.85,223186
2024-05-03 10:55:00,1524.8,1525.3,1521.15,1521.95,328764
2024-05-03 11:05:00,1521.85,1523.6,1521.2,1522.65,241012
2024-05-03 11:15:00,1522.5,1522.65,1518.45,1519.7,330928
2024-05-03 11:25:00,1519.65,1520.5,1515.35,1516.0,273884
2024-05-03 11:35:00,1515.5,1519.1,1513.85,1517.1,546751
2024-05-03 11:45:00,1517.1,1519.95,1515.8,1519.95,311457
2024-05-03 11:55:00,1519.55,1523.0,1518.5,1522.45,424597
2024-05-03 12:05:00,1521.9,1523.4,1521.25,1522.85,202179
2024-05-03 12:15:00,1522.8,1524.3,1521.3,1522.5,191115
2024-05-03 12:25:00,1522.4,1522.75,1521.4,1522.25,191539
2024-05-03 12:35:00,1522.3,1526.75,1521.3,1526.3,272050
2024-05-03 12:45:00,1526.3,1526.75,1515.2,1516.85,384763
2024-05-03 12:55:00,1516.85,1517.05,1509.8,1511.45,506750
2024-05-03 13:05:00,1511.8,1512.75,1509.05,1509.85,464777
2024-05-03 13:15:00,1509.85,1510.2,1507.2,1510.2,349333
2024-05-03 13:25:00,1510.2,1514.85,1510.0,1512.55,301730
2024-05-03 13:35:00,1512.65,1514.6,1510.0,1513.5,324472
2024-05-03 13:45:00,1513.45,1514.85,1512.0,1514.85,155134
2024-05-03 13:55:00,1514.85,1515.55,1512.0,1512.3,192861
2024-05-03 14:05:00,1512.25,1515.1,1512.25,1514.7,234411
2024-05-03 14:15:00,1514.1,1516.5,1512.0,1512.7,320013
2024-05-03 14:25:00,1512.95,1515.35,1512.0,1513.85,264341
2024-05-03 14:35:00,1513.9,1516.35,1513.45,1515.7,392073
2024-05-03 14:45:00,1515.5,1516.15,1513.55,1515.5,372157
2024-05-03 14:55:00,1515.9,1519.85,1515.15,1519.2,1053120
2024-05-03 15:05:00,1519.25,1521.45,1518.1,1520.9,1307325
2024-05-03 15:15:00,1520.95,1522.45,1516.95,1517.5,1401182
2024-05-03 15:25:00,1517.6,1518.0,1514.85,1515.65,392160
2024-05-06 09:15:00,1522.0,1525.85,1517.15,1524.65,1746921
2024-05-06 09:25:00,1524.65,1532.85,1524.2,1530.5,704643
2024-05-06 09:35:00,1530.55,1530.95,1522.35,1527.5,566661
2024-05-06 09:45:00,1527.55,1530.0,1525.3,1529.25,531312
2024-05-06 09:55:00,1529.25,1530.0,1525.5,1527.85,560166
2024-05-06 10:05:00,1528.15,1531.45,1527.05,1530.9,521983
2024-05-06 10:15:00,1530.9,1532.15,1529.05,1531.75,477566
2024-05-06 10:25:00,1531.4,1534.5,1531.0,1533.85,361871
2024-05-06 10:35:00,1533.8,1533.9,1530.05,1532.0,222352
2024-05-06 10:45:00,1532.05,1532.5,1529.5,1529.55,192900
2024-05-06 10:55:00,1529.55,1532.05,1529.5,1530.05,187092
2024-05-06 11:05:00,1530.05,1531.5,1527.55,1528.4,187897
2024-05-06 11:15:00,1528.45,1528.7,1524.75,1525.55,211342
2024-05-06 11:25:00,1525.25,1527.35,1524.55,1526.15,203651
2024-05-06 11:35:00,1526.15,1527.05,1525.0,1526.55,198830
2024-05-06 11:45:00,1526.55,1527.4,1525.35,1526.95,292922
2024-05-06 11:55:00,1526.95,1529.7,1525.6,1529.3,309486
2024-05-06 12:05:00,1529.3,1529.45,1527.6,1528.8,159941
2024-05-06 12:15:00,1528.8,1529.5,1527.15,1527.4,163811
2024-05-06 12:25:00,1527.45,1528.0,1525.55,1525.95,160172
2024-05-06 12:35:00,1525.95,1527.05,1524.95,1526.5,145505
2024-05-06 12:45:00,1526.5,1527.2,1524.8,1526.15,186192
2024-05-06 12:55:00,1526.15,1527.15,1525.3,1526.9,183811
2024-05-06 13:05:00,1526.9,1527.85,1526.0,1526.3,194941
2024-05-06 13:15:00,1526.3,1527.15,1525.05,1525.3,215071
2024-05-06 13:25:00,1525.35,1525.7,1522.15,1524.0,290136
2024-05-06 13:35:00,1523.95,1524.95,1523.0,1524.6,238149
2024-05-06 13:45:00,1524.6,1525.0,1523.85,1524.5,181496
2024-05-06 13:55:00,1524.65,1525.1,1523.6,1525.1,212255
2024-05-06 14:05:00,1525.1,1525.65,1521.85,1522.4,355281
2024-05-06 14:15:00,1522.15,1524.55,1521.65,1523.5,276210
2024-05-06 14:25:00,1523.5,1523.95,1520.4,1520.9,285569
2024-05-06 14:35:00,1520.95,1524.65,1520.5,1524.4,499441
2024-05-06 14:45:00,1524.4,1528.75,1523.7,1526.75,502547
2024-05-06 14:55:00,1526.6,1527.1,1522.25,1523.05,767423
2024-05-06 15:05:00,1523.1,1523.9,1521.6,1522.25,788052
2024-05-06 15:15:00,1522.25,1523.35,1521.7,1522.1,808970
2024-05-06 15:25:00,1522.15,1524.75,1521.85,1523.75,232850
2024-05-07 09:15:00,1521.95,1524.05,1520.0,1521.25,665153
2024-05-07 09:25:00,1521.25,1522.2,1516.7,1519.5,277365
2024-05-07 09:35:00,1519.45,1520.6,1519.0,1520.4,166211
2024-05-07 09:45:00,1520.25,1521.5,1513.0,1513.25,453901
2024-05-07 09:55:00,1513.2,1513.95,1507.6,1508.95,606716
2024-05-07 10:05:00,1508.5,1514.0,1508.05,1513.1,392183
2024-05-07 10:15:00,1512.45,1513.0,1509.0,1510.95,501486
2024-05-07 10:25:00,1510.95,1513.0,1510.0,1511.1,221102
2024-05-07 10:35:00,1511.1,1512.85,1510.25,1511.75,304059
2024-05-07 10:45:00,1511.7,1511.95,1509.7,1511.1,203070
2024-05-07 10:55:00,1511.1,1511.85,1509.85,1510.8,479647
2024-05-07 11:05:00,1510.55,1513.0,1510.0,1512.6,767039
2024-05-07 11:15:00,1512.6,1514.25,1510.15,1510.2,621471
2024-05-07 11:25:00,1510.2,1511.0,1507.4,1508.6,528074
2024-05-07 11:35:00,1508.6,1509.85,1507.5,1508.25,366002
2024-05-07 11:45:00,1508.25,1510.0,1507.5,1509.6,288796
2024-05-07 11:55:00,1509.05,1512.0,1508.6,1511.0,345676
2024-05-07 12:05:00,1510.85,1511.25,1509.95,1510.45,350271
2024-05-07 12:15:00,1510.45,1511.0,1510.0,1511.0,185657
2024-05-07 12:25:00,1511.0,1511.0,1510.05,1510.5,61633
2024-05-07 12:35:00,1510.55,1511.1,1508.95,1510.45,133497
2024-05-07 12:45:00,1510.45,1512.0,1510.1,1510.55,198000
2024-05-07 12:55:00,1510.45,1511.45,1510.15,1510.75,123363
2024-05-07 13:05:00,1510.75,1511.0,1510.0,1510.7,217293
2024-05-07 13:15:00,1510.7,1511.0,1508.35,1508.65,477148
2024-05-07 13:25:00,1508.65,1511.5,1508.55,1511.0,403670
2024-05-07 13:35:00,1511.1,1511.95,1510.65,1511.0,92302
2024-05-07 13:45:00,1510.9,1511.15,1509.6,1510.4,160818
2024-05-07 13:55:00,1510.4,1511.3,1510.15,1510.85,109475
2024-05-07 14:05:00,1510.85,1511.05,1509.5,1509.8,123401
2024-05-07 14:15:00,1509.65,1510.45,1509.25,1509.8,116857
2024-05-07 14:25:00,1509.7,1510.85,1509.2,1510.7,209201
2024-05-07 14:35:00,1510.65,1511.95,1509.75,1510.7,216782
2024-05-07 14:45:00,1510.7,1511.55,1510.0,1510.05,187995
2024-05-07 14:55:00,1510.05,1510.45,1505.5,1505.6,641099
2024-05-07 15:05:00,1505.85,1507.05,1504.15,1506.1,1260014
2024-05-07 15:15:00,1506.0,1507.8,1505.3,1506.65,1025421
2024-05-07 15:25:00,1506.2,1507.35,1504.55,1505.5,443011
2024-05-08 09:15:00,1495.95,1496.95,1489.5,1492.7,1487837
2024-05-08 09:25:00,1492.6,1494.85,1489.5,1491.1,783920
2024-05-08 09:35:00,1491.2,1492.45,1489.1,1492.4,701476
2024-05-08 09:45:00,1492.4,1492.95,1488.0,1488.0,467059
2024-05-08 09:55:00,1488.2,1491.55,1487.4,1490.1,552124
2024-05-08 10:05:00,1490.1,1492.4,1490.0,1491.7,502403
2024-05-08 10:15:00,1491.7,1491.75,1484.55,1486.75,808756
2024-05-08 10:25:00,1486.75,1487.6,1485.05,1486.05,379964
2024-05-08 10:35:00,1486.25,1486.85,1483.65,1484.8,349866
2024-05-08 10:45:00,1484.35,1487.0,1484.15,1486.85,284826
2024-05-08 10:55:00,1486.6,1489.15,1485.95,1486.6,356587
2024-05-08 11:05:00,1486.6,1488.6,1486.45,1487.35,254472
2024-05-08 11:15:00,1487.3,1491.5,1486.15,1490.25,610318
2024-05-08 11:25:00,1490.25,1490.25,1485.4,1488.15,311771
2024-05-08 11:35:00,1488.15,1488.25,1485.6,1486.85,337200
2024-05-08 11:45:00,1486.85,1489.4,1486.45,1487.0,328906
2024-05-08 11:55:00,1487.0,1488.7,1486.5,1488.0,192088
2024-05-08 12:05:00,1488.0,1489.9,1487.5,1488.95,456930
2024-05-08 12:15:00,1488.95,1490.6,1488.5,1489.5,303360
2024-05-08 12:25:00,1489.55,1489.8,1487.1,1487.6,241004
2024-05-08 12:35:00,1487.65,1488.75,1486.75,1486.95,152258
2024-05-08 12:45:00,1487.0,1487.8,1486.3,1487.05,288929
2024-05-08 12:55:00,1487.05,1487.8,1486.3,1486.55,152864
2024-05-08 13:05:00,1486.55,1487.2,1486.2,1486.8,165848
2024-05-08 13:15:00,1486.8,1487.7,1486.55,1487.7,258179
2024-05-08 13:25:00,1487.7,1487.85,1486.75,1487.4,258575
2024-05-08 13:35:00,1487.4,1487.5,1483.0,1484.6,360006
2024-05-08 13:45:00,1484.6,1485.1,1481.0,1482.5,313220
2024-05-08 13:55:00,1482.55,1483.65,1482.1,1483.05,274998
2024-05-08 14:05:00,1483.15,1483.35,1481.25,1481.9,380691
2024-05-08 14:15:00,1481.85,1483.4,1481.75,1482.9,362660
2024-05-08 14:25:00,1482.9,1484.65,1482.3,1484.45,410293
2024-05-08 14:35:00,1484.3,1485.65,1483.0,1485.0,469663
2024-05-08 14:45:00,1485.0,1487.2,1483.8,1485.1,934807
2024-05-08 14:55:00,1485.2,1486.25,1483.0,1483.2,1888302
2024-05-08 15:05:00,1483.2,1483.4,1480.55,1481.45,2029361
2024-05-08 15:15:00,1481.45,1482.65,1480.35,1482.05,1712940
2024-05-08 15:25:00,1482.0,1484.0,1482.0,1483.5,394626
2024-05-09 09:15:00,1474.95,1486.75,1474.95,1485.85,1070935
2024-05-09 09:25:00,1485.85,1486.5,1483.5,1485.0,374870
2024-05-09 09:35:00,1485.0,1485.35,1481.5,1483.1,317520
2024-05-09 09:45:00,1483.1,1484.1,1480.05,1482.3,314589
2024-05-09 09:55:00,1482.3,1483.2,1479.4,1479.85,322491
2024-05-09 10:05:00,1479.8,1480.85,1476.15,1476.85,316994
2024-05-09 10:15:00,1476.9,1477.45,1472.55,1474.7,453697
2024-05-09 10:25:00,1474.7,1477.5,1472.75,1477.35,375684
2024-05-09 10:35:00,1477.4,1478.1,1476.3,1476.95,215390
2024-05-09 10:45:00,1477.1,1477.2,1474.55,1474.65,289269
2024-05-09 10:55:00,1474.5,1476.05,1473.35,1473.9,181512
2024-05-09 11:05:00,1473.85,1473.9,1471.2,1471.5,295199
2024-05-09 11:15:00,1471.45,1471.55,1468.55,1468.6,329440
2024-05-09 11:25:00,1468.7,1472.35,1467.7,1472.0,356740
2024-05-09 11:35:00,1472.0,1473.0,1471.0,1472.75,250999
2024-05-09 11:45:00,1472.75,1473.7,1469.3,1469.55,305038
2024-05-09 11:55:00,1469.55,1471.35,1469.25,1469.75,246289
2024-05-09 12:05:00,1469.85,1470.65,1469.0,1469.75,201370
2024-05-09 12:15:00,1469.7,1470.85,1468.8,1469.75,252599
2024-05-09 12:25:00,1469.7,1470.25,1468.7,1469.3,176354
2024-05-09 12:35:00,1469.25,1470.25,1468.1,1468.3,294088
2024-05-09 12:45:00,1468.3,1468.55,1464.0,1465.35,530100
2024-05-09 12:55:00,1465.45,1465.45,1462.75,1464.15,506681
2024-05-09 13:05:00,1464.15,1464.2,1462.1,1462.8,330740
2024-05-09 13:15:00,1462.85,1464.35,1462.0,1462.75,358630
2024-05-09 13:25:00,1462.6,1463.85,1461.65,1461.8,475096
2024-05-09 13:35:00,1461.85,1463.0,1461.3,1462.35,319369
2024-05-09 13:45:00,1462.35,1463.0,1456.15,1456.15,1045947
2024-05-09 13:55:00,1456.4,1458.0,1456.0,1458.0,1337772
2024-05-09 14:05:00,1458.45,1459.95,1457.6,1459.9,730606
2024-05-09 14:15:00,1459.25,1460.6,1457.55,1459.8,782854
2024-05-09 14:25:00,1459.75,1460.6,1458.5,1459.75,479209
2024-05-09 14:35:00,1459.5,1459.95,1452.6,1453.65,754647
2024-05-09 14:45:00,1453.5,1454.5,1450.0,1452.0,1307856
2024-05-09 14:55:00,1452.1,1452.7,1446.2,1447.1,2215180
2024-05-09 15:05:00,1447.2,1448.15,1445.3,1446.75,2047683
2024-05-09 15:15:00,1446.8,1448.45,1446.3,1447.25,1669665
2024-05-09 15:25:00,1447.25,1450.8,1447.25,1450.8,561689
2024-05-10 09:15:00,1439.0,1441.0,1426.8,1440.5,1541058
2024-05-10 09:25:00,1440.5,1441.95,1437.5,1440.85,712891
2024-05-10 09:35:00,1440.9,1447.0,1440.35,1446.35,703706
2024-05-10 09:45:00,1446.35,1447.65,1443.15,1446.95,435005
2024-05-10 09:55:00,1446.9,1449.9,1444.5,1449.0,375463
2024-05-10 10:05:00,1449.0,1451.8,1448.3,1450.5,344080
2024-05-10 10:15:00,1450.35,1451.95,1447.2,1448.75,293691
2024-05-10 10:25:00,1448.7,1449.9,1446.5,1448.4,262384
2024-05-10 10:35:00,1448.45,1450.55,1448.1,1450.45,236004
2024-05-10 10:45:00,1450.45,1450.55,1445.0,1446.0,267083
2024-05-10 10:55:00,1446.1,1446.9,1445.05,1446.7,125616
2024-05-10 11:05:00,1446.65,1449.0,1446.65,1448.9,180984
2024-05-10 11:15:00,1448.9,1451.45,1448.0,1451.35,205991
2024-05-10 11:25:00,1451.35,1451.35,1447.8,1449.2,139558
2024-05-10 11:35:00,1449.05,1449.3,1447.05,1448.3,177881
2024-05-10 11:45:00,1448.25,1448.4,1445.55,1446.35,185769
2024-05-10 11:55:00,1446.1,1448.0,1445.25,1447.9,119188
2024-05-10 12:05:00,1447.9,1448.8,1446.7,1447.35,161883
2024-05-10 12:15:00,1447.4,1447.95,1443.0,1443.5,232472
2024-05-10 12:25:00,1443.5,1444.0,1440.85,1442.6,187287
2024-05-10 12:35:00,1442.1,1443.2,1439.0,1439.65,234915
2024-05-10 12:45:00,1439.65,1439.8,1436.1,1436.45,215151
2024-05-10 12:55:00,1436.75,1438.25,1432.85,1436.45,355268
2024-05-10 13:05:00,1436.45,1438.45,1435.55,1436.0,213940
2024-05-10 13:15:00,1436.0,1437.0,1434.45,1436.9,240249
2024-05-10 13:25:00,1436.95,1439.8,1436.65,1439.15,188763
2024-05-10 13:35:00,1438.85,1441.9,1438.0,1441.65,199156
2024-05-10 13:45:00,1441.65,1442.8,1439.8,1442.05,184293
2024-05-10 13:55:00,1442.05,1442.05,1438.55,1438.8,165330
2024-05-10 14:05:00,1438.85,1439.35,1436.8,1438.55,195915
2024-05-10 14:15:00,1438.5,1440.2,1438.15,1438.5,423444
2024-05-10 14:25:00,1438.5,1438.5,1435.6,1435.95,295856
2024-05-10 14:35:00,1435.95,1437.25,1434.5,1436.55,318623
2024-05-10 14:45:00,1436.55,1437.25,1435.2,1436.1,312881
2024-05-10 14:55:00,1436.1,1437.3,1435.1,1435.9,800123
2024-05-10 15:05:00,1435.9,1439.45,1435.9,1437.95,739103
2024-05-10 15:15:00,1437.9,1439.3,1437.6,1439.05,691400
2024-05-10 15:25:00,1439.05,1440.45,1438.35,1439.85,463612
2024-05-13 09:15:00,1432.0,1439.75,1431.65,1434.85,848609
2024-05-13 09:25:00,1434.8,1436.4,1433.75,1434.5,312738
2024-05-13 09:35:00,1434.5,1435.4,1432.65,1433.2,351470
2024-05-13 09:45:00,1433.5,1434.95,1433.2,1433.5,246185
2024-05-13 09:55:00,1433.45,1433.55,1430.3,1431.25,411153
2024-05-13 10:05:00,1431.2,1434.85,1431.15,1434.55,370446
2024-05-13 10:15:00,1434.4,1435.0,1433.8,1434.95,461148
2024-05-13 10:25:00,1434.95,1436.6,1434.45,1436.2,304109
2024-05-13 10:35:00,1436.2,1439.35,1435.0,1439.35,273841
2024-05-13 10:45:00,1439.1,1446.5,1438.0,1445.7,364874
2024-05-13 10:55:00,1445.7,1445.7,1442.0,1442.1,352723
2024-05-13 11:05:00,1442.4,1445.5,1441.7,1444.15,241882
2024-05-13 11:15:00,1444.1,1446.1,1443.25,1443.9,229721
2024-05-13 11:25:00,1443.85,1447.0,1443.7,1446.35,179834
2024-05-13 11:35:00,1446.35,1447.75,1444.95,1445.15,182444
2024-05-13 11:45:00,1445.15,1448.2,1443.6,1448.0,314814
2024-05-13 11:55:00,1447.85,1448.9,1446.1,1448.05,203196
2024-05-13 12:05:00,1448.05,1448.45,1446.85,1447.3,234535
2024-05-13 12:15:00,1447.3,1450.95,1447.05,1450.8,261618
2024-05-13 12:25:00,1450.55,1452.75,1449.75,1452.0,270510
2024-05-13 12:35:00,1452.05,1453.8,1450.65,1450.85,224369
2024-05-13 12:45:00,1450.85,1451.85,1450.0,1451.45,204717
2024-05-13 12:55:00,1451.45,1452.8,1451.15,1451.4,117842
2024-05-13 13:05:00,1451.35,1452.65,1450.0,1452.0,204333
2024-05-13 13:15:00,1451.9,1452.6,1445.8,1445.8,212913
2024-05-13 13:25:00,1445.8,1447.55,1442.25,1442.35,263244
2024-05-13 13:35:00,1442.35,1444.95,1442.2,1444.7,214074
2024-05-13 13:45:00,1444.7,1455.0,1444.05,1455.0,322930
2024-05-13 13:55:00,1454.95,1457.5,1454.0,1455.3,398710
2024-05-13 14:05:00,1455.2,1457.2,1454.75,1456.25,274208
2024-05-13 14:15:00,1456.3,1459.4,1454.9,1456.0,291030
2024-05-13 14:25:00,1456.25,1459.8,1454.4,1456.2,371404
2024-05-13 14:35:00,1456.65,1459.8,1456.1,1458.45,554539
2024-05-13 14:45:00,1458.45,1459.6,1457.35,1457.7,502468
2024-05-13 14:55:00,1457.45,1459.7,1453.2,1456.8,685379
2024-05-13 15:05:00,1456.8,1458.95,1452.65,1453.0,810539
2024-05-13 15:15:00,1453.0,1456.7,1452.6,1455.7,910272
2024-05-13 15:25:00,1455.6,1457.4,1455.55,1456.95,352060
2024-05-14 09:15:00,1455.5,1460.05,1451.55,1453.05,705629
2024-05-14 09:25:00,1453.35,1456.85,1450.3,1453.6,807963
2024-05-14 09:35:00,1453.4,1454.4,1451.1,1453.35,331707
2024-05-14 09:45:00,1453.35,1455.2,1452.35,1454.5,249712
2024-05-14 09:55:00,1454.4,1463.45,1453.45,1456.75,599818
2024-05-14 10:05:00,1456.9,1461.8,1455.2,1458.6,366510
2024-05-14 10:15:00,1458.65,1458.9,1456.55,1457.4,126757
2024-05-14 10:25:00,1457.4,1462.65,1457.1,1461.85,286781
2024-05-14 10:35:00,1461.15,1461.55,1459.15,1460.6,186940
2024-05-14 10:45:00,1460.55,1460.7,1457.5,1457.75,134343
2024-05-14 10:55:00,1458.2,1459.5,1457.5,1458.25,176772
2024-05-14 11:05:00,1458.2,1460.5,1457.55,1459.35,176407
2024-05-14 11:15:00,1459.65,1460.55,1458.0,1459.85,137236
2024-05-14 11:25:00,1459.9,1462.8,1459.6,1461.55,255627
2024-05-14 11:35:00,1461.6,1463.0,1460.65,1460.7,222693
2024-05-14 11:45:00,1460.8,1462.25,1459.8,1459.95,117888
2024-05-14 11:55:00,1459.9,1461.8,1459.85,1461.75,168383
2024-05-14 12:05:00,1461.6,1463.5,1460.75,1462.25,125451
2024-05-14 12:15:00,1462.25,1462.85,1461.15,1461.95,208894
2024-05-14 12:25:00,1461.95,1462.9,1461.2,1462.75,258653
2024-05-14 12:35:00,1462.55,1462.85,1461.3,1461.75,166717
2024-05-14 12:45:00,1461.6,1464.0,1461.45,1463.3,293859
2024-05-14 12:55:00,1462.75,1465.5,1462.45,1463.55,288070
2024-05-14 13:05:00,1463.65,1463.8,1461.2,1461.95,137584
2024-05-14 13:15:00,1461.95,1462.55,1461.0,1462.35,527970
2024-05-14 13:25:00,1462.35,1462.8,1460.45,1461.8,489907
2024-05-14 13:35:00,1461.8,1462.65,1460.65,1462.4,218487
2024-05-14 13:45:00,1462.4,1462.45,1460.1,1461.35,178374
2024-05-14 13:55:00,1461.35,1464.0,1460.8,1463.9,180276
2024-05-14 14:05:00,1463.95,1464.0,1460.0,1460.95,217404
2024-05-14 14:15:00,1460.95,1461.0,1456.95,1460.45,304723
2024-05-14 14:25:00,1460.3,1463.95,1459.65,1460.9,305920
2024-05-14 14:35:00,1460.9,1461.05,1457.45,1458.35,211189
2024-05-14 14:45:00,1458.3,1459.6,1457.65,1458.5,224321
2024-05-14 14:55:00,1458.45,1459.2,1456.35,1457.1,908696
2024-05-14 15:05:00,1457.1,1463.05,1456.7,1463.0,1155676
2024-05-14 15:15:00,1463.0,1465.45,1462.1,1462.1,874367
2024-05-14 15:25:00,1462.6,1463.25,1458.8,1461.6,328295
2024-05-15 09:15:00,1459.7,1459.7,1447.55,1448.6,1240819
2024-05-15 09:25:00,1448.15,1451.65,1448.15,1451.45,519039
2024-05-15 09:35:00,1451.45,1455.4,1451.0,1454.5,539200
2024-05-15 09:45:00,1454.55,1455.95,1453.6,1453.8,444701
2024-05-15 09:55:00,1453.9,1454.35,1453.0,1453.9,436671
2024-05-15 10:05:00,1453.85,1454.15,1450.0,1451.95,683261
2024-05-15 10:15:00,1451.95,1453.7,1450.35,1452.5,554581
2024-05-15 10:25:00,1452.5,1452.95,1450.05,1450.25,313039
2024-05-15 10:35:00,1450.2,1450.8,1448.65,1449.55,276991
2024-05-15 10:45:00,1449.5,1449.9,1446.2,1447.75,393339
2024-05-15 10:55:00,1447.75,1448.9,1446.55,1447.85,286182
2024-05-15 11:05:00,1447.85,1448.6,1446.65,1447.15,146318
2024-05-15 11:15:00,1447.15,1447.3,1446.1,1446.65,174411
2024-05-15 11:25:00,1446.65,1446.75,1443.6,1443.6,315109
2024-05-15 11:35:00,1444.05,1444.3,1442.15,1442.35,256653
2024-05-15 11:45:00,1442.4,1443.3,1442.0,1442.55,221148
2024-05-15 11:55:00,1442.5,1445.0,1442.15,1443.0,231962
2024-05-15 12:05:00,1443.1,1444.0,1442.0,1443.35,258616
2024-05-15 12:15:00,1443.35,1443.35,1441.0,1442.25,250871
2024-05-15 12:25:00,1442.25,1442.85,1441.5,1441.5,154684
2024-05-15 12:35:00,1441.6,1442.5,1441.05,1441.4,288484
2024-05-15 12:45:00,1441.25,1442.0,1440.15,1441.95,355888
2024-05-15 12:55:00,1441.9,1442.5,1441.0,1442.0,250351
2024-05-15 13:05:00,1442.0,1442.5,1440.45,1441.05,346755
2024-05-15 13:15:00,1441.05,1441.75,1440.1,1441.25,312152
2024-05-15 13:25:00,1441.7,1441.75,1437.2,1439.4,396303
2024-05-15 13:35:00,1439.4,1439.8,1437.0,1438.0,315699
2024-05-15 13:45:00,1438.0,1438.0,1435.8,1437.55,322346
2024-05-15 13:55:00,1437.45,1439.5,1437.05,1438.45,343843
2024-05-15 14:05:00,1438.45,1439.5,1437.5,1439.1,584960
2024-05-15 14:15:00,1439.1,1439.5,1437.35,1437.35,615770
2024-05-15 14:25:00,1437.6,1438.35,1436.6,1437.85,748684
2024-05-15 14:35:00,1437.5,1437.95,1436.7,1437.55,582200
2024-05-15 14:45:00,1437.4,1439.0,1437.3,1438.45,557926
2024-05-15 14:55:00,1438.45,1438.45,1436.65,1437.45,1446662
2024-05-15 15:05:00,1437.45,1440.0,1437.0,1439.3,1851727
2024-05-15 15:15:00,1439.05,1440.4,1437.4,1439.9,1819193
2024-05-15 15:25:00,1439.95,1440.95,1439.0,1440.75,473792
2024-05-16 09:15:00,1446.05,1448.85,1444.9,1446.1,954538
2024-05-16 09:25:00,1446.1,1446.2,1441.0,1442.4,528781
2024-05-16 09:35:00,1442.45,1442.65,1439.65,1440.35,713315
2024-05-16 09:45:00,1440.35,1444.8,1440.2,1443.9,435711
2024-05-16 09:55:00,1443.9,1445.2,1443.0,1443.3,363319
2024-05-16 10:05:00,1443.2,1445.95,1443.0,1444.1,340023
2024-05-16 10:15:00,1444.1,1445.7,1442.75,1444.75,685641
2024-05-16 10:25:00,1444.55,1445.15,1441.85,1442.95,364911
2024-05-16 10:35:00,1442.9,1444.6,1441.5,1444.5,337803
2024-05-16 10:45:00,1444.0,1444.45,1440.3,1442.7,516277
2024-05-16 10:55:00,1442.7,1445.4,1441.9,1445.25,184499
2024-05-16 11:05:00,1444.8,1445.3,1435.5,1441.4,355367
2024-05-16 11:15:00,1441.35,1444.25,1439.65,1443.7,238245
2024-05-16 11:25:00,1443.85,1444.0,1441.25,1442.7,157979
2024-05-16 11:35:00,1442.55,1444.95,1440.7,1444.9,245811
2024-05-16 11:45:00,1444.95,1445.8,1443.35,1445.0,305607
2024-05-16 11:55:00,1445.05,1446.9,1444.3,1446.15,351479
2024-05-16 12:05:00,1446.15,1455.85,1445.3,1455.45,726613
2024-05-16 12:15:00,1455.45,1457.15,1450.15,1451.0,362035
2024-05-16 12:25:00,1451.0,1451.2,1445.0,1447.7,305708
2024-05-16 12:35:00,1447.75,1449.0,1446.5,1446.95,129107
2024-05-16 12:45:00,1446.95,1448.1,1446.0,1447.0,133559
2024-05-16 12:55:00,1446.95,1448.45,1444.5,1444.95,181671
2024-05-16 13:05:00,1444.9,1447.25,1443.0,1445.95,159900
2024-05-16 13:15:00,1445.85,1446.25,1442.35,1443.45,237025
2024-05-16 13:25:00,1443.4,1445.95,1443.25,1444.2,163526
2024-05-16 13:35:00,1444.2,1447.95,1444.05,1447.15,223305
2024-05-16 13:45:00,1447.2,1449.45,1445.2,1447.25,268142
2024-05-16 13:55:00,1447.25,1451.95,1447.2,1450.5,411405
2024-05-16 14:05:00,1450.5,1450.5,1446.45,1447.45,215759
2024-05-16 14:15:00,1447.45,1450.85,1447.0,1449.95,272753
2024-05-16 14:25:00,1449.9,1452.6,1447.15,1452.35,471710
2024-05-16 14:35:00,1452.4,1455.0,1450.7,1455.0,972340
2024-05-16 14:45:00,1454.9,1457.25,1453.0,1457.1,845037
2024-05-16 14:55:00,1456.95,1460.5,1455.15,1459.75,1262037
2024-05-16 15:05:00,1460.05,1461.6,1458.9,1459.65,1324840
2024-05-16 15:15:00,1459.65,1462.55,1459.4,1461.5,1269820
2024-05-16 15:25:00,1461.85,1461.85,1457.9,1459.75,328769
2024-05-17 09:15:00,1446.2,1460.55,1446.2,1457.5,1205572
2024-05-17 09:25:00,1457.6,1457.8,1452.8,1453.95,609992
2024-05-17 09:35:00,1454.0,1454.7,1451.2,1452.05,302154
2024-05-17 09:45:00,1452.05,1457.0,1451.85,1456.65,331055
2024-05-17 09:55:00,1456.65,1461.4,1456.5,1461.0,425477
2024-05-17 10:05:00,1461.0,1464.45,1460.3,1460.8,473160
2024-05-17 10:15:00,1460.75,1461.75,1459.7,1461.4,161288
2024-05-17 10:25:00,1461.4,1466.45,1460.4,1464.8,356722
2024-05-17 10:35:00,1464.75,1468.0,1463.95,1465.6,408959
2024-05-17 10:45:00,1465.6,1465.8,1462.05,1463.95,231425
2024-05-17 10:55:00,1463.95,1465.7,1463.35,1464.0,171116
2024-05-17 11:05:00,1464.0,1465.55,1461.7,1464.6,283737
2024-05-17 11:15:00,1464.65,1465.45,1462.9,1463.8,237557
2024-05-17 11:25:00,1463.85,1465.15,1462.1,1464.65,109084
2024-05-17 11:35:00,1464.8,1465.5,1463.5,1465.35,89117
2024-05-17 11:45:00,1465.45,1467.7,1465.35,1467.0,196653
2024-05-17 11:55:00,1467.0,1467.5,1465.0,1466.4,111911
2024-05-17 12:05:00,1466.35,1466.5,1462.95,1463.4,127026
2024-05-17 12:15:00,1463.2,1464.4,1462.75,1464.0,87991
2024-05-17 12:25:00,1463.9,1465.55,1463.2,1463.55,96830
2024-05-17 12:35:00,1463.55,1465.9,1463.4,1463.8,126422
2024-05-17 12:45:00,1463.8,1465.0,1462.5,1462.85,110968
2024-05-17 12:55:00,1462.85,1463.5,1461.1,1462.4,134363
2024-05-17 13:05:00,1462.35,1463.4,1461.5,1462.45,68730
2024-05-17 13:15:00,1462.6,1463.05,1461.7,1462.45,74256
2024-05-17 13:25:00,1462.5,1463.7,1459.5,1463.15,230845
2024-05-17 13:35:00,1462.95,1463.35,1460.55,1461.6,147234
2024-05-17 13:45:00,1461.55,1463.0,1461.4,1462.0,119030
2024-05-17 13:55:00,1462.0,1463.8,1461.55,1463.15,126022
2024-05-17 14:05:00,1463.15,1464.0,1462.55,1462.9,92280
2024-05-17 14:15:00,1463.05,1465.45,1462.75,1464.75,196417
2024-05-17 14:25:00,1464.75,1465.0,1463.3,1464.0,157969
2024-05-17 14:35:00,1464.15,1464.9,1463.55,1463.65,115118
2024-05-17 14:45:00,1463.6,1463.7,1461.45,1463.0,215337
2024-05-17 14:55:00,1463.05,1464.35,1461.65,1462.4,538094
2024-05-17 15:05:00,1462.0,1464.5,1461.25,1464.5,671743
2024-05-17 15:15:00,1464.35,1467.2,1464.05,1466.1,720381
2024-05-17 15:25:00,1466.0,1466.55,1463.0,1463.0,278645
2024-05-18 09:15:00,1466.0,1467.1,1464.25,1465.45,65788
2024-05-18 09:25:00,1465.45,1466.85,1464.55,1465.95,41359
2024-05-18 09:35:00,1465.95,1466.7,1465.5,1466.0,36470
2024-05-18 09:45:00,1465.9,1466.75,1464.0,1465.45,82015
2024-05-18 09:55:00,1465.55,1466.25,1465.0,1465.15,35002
2024-05-18 11:25:00,1465.15,1465.95,1463.05,1464.5,27653
2024-05-18 11:35:00,1464.5,1465.35,1463.6,1465.2,40440
2024-05-18 11:45:00,1465.2,1465.55,1464.5,1465.0,23979
2024-05-18 11:55:00,1465.0,1466.45,1465.0,1465.6,49295
2024-05-18 12:05:00,1465.6,1467.0,1465.5,1465.6,38979
2024-05-18 12:15:00,1466.0,1467.0,1465.2,1465.2,49759
2024-05-18 12:25:00,1465.6,1466.5,1465.25,1466.35,24347
2024-05-21 09:15:00,1450.1,1469.7,1450.1,1469.0,2921110
2024-05-21 09:25:00,1469.2,1469.2,1463.8,1466.55,1223660
2024-05-21 09:35:00,1466.4,1467.7,1464.15,1466.1,1077908
2024-05-21 09:45:00,1466.1,1466.9,1463.45,1463.55,719412
2024-05-21 09:55:00,1463.5,1464.55,1460.1,1461.3,732526
2024-05-21 10:05:00,1461.35,1463.3,1457.45,1457.75,581987
2024-05-21 10:15:00,1457.75,1459.35,1456.6,1458.25,446350
2024-05-21 10:25:00,1458.25,1459.4,1457.5,1457.85,279002
2024-05-21 10:35:00,1457.85,1458.85,1456.65,1457.7,261132
2024-05-21 10:45:00,1457.7,1462.15,1457.7,1461.1,417057
2024-05-21 10:55:00,1461.05,1463.35,1460.55,1463.0,345033
2024-05-21 11:05:00,1463.05,1463.05,1460.55,1461.05,268261
2024-05-21 11:15:00,1461.05,1465.2,1461.05,1462.25,563481
2024-05-21 11:25:00,1462.25,1463.05,1460.6,1460.6,324186
2024-05-21 11:35:00,1460.6,1462.55,1460.5,1461.9,244219
2024-05-21 11:45:00,1461.9,1462.15,1460.85,1461.4,237307
2024-05-21 11:55:00,1461.4,1464.6,1461.4,1462.1,272549
2024-05-21 12:05:00,1462.05,1463.05,1461.0,1461.95,229499
2024-05-21 12:15:00,1462.0,1462.1,1461.55,1461.95,230711
2024-05-21 12:25:00,1462.0,1462.05,1458.75,1459.55,307469
2024-05-21 12:35:00,1459.6,1460.3,1457.65,1457.7,259313
2024-05-21 12:45:00,1457.7,1460.2,1457.3,1460.05,428772
2024-05-21 12:55:00,1460.05,1462.0,1460.05,1461.0,381730
2024-05-21 13:05:00,1460.9,1461.65,1457.8,1459.55,597100
2024-05-21 13:15:00,1459.55,1460.0,1457.15,1457.8,308380
2024-05-21 13:25:00,1457.8,1458.3,1455.6,1456.75,308086
2024-05-21 13:35:00,1456.85,1457.15,1455.65,1456.35,320868
2024-05-21 13:45:00,1456.35,1457.6,1456.2,1457.15,277710
2024-05-21 13:55:00,1457.1,1458.9,1456.45,1458.6,295434
2024-05-21 14:05:00,1458.25,1458.95,1456.9,1457.5,260676
2024-05-21 14:15:00,1457.45,1457.8,1456.5,1457.25,258036
2024-05-21 14:25:00,1457.25,1458.2,1456.95,1457.1,248596
2024-05-21 14:35:00,1457.05,1459.4,1457.0,1458.65,339351
2024-05-21 14:45:00,1458.65,1459.9,1457.65,1458.0,389322
2024-05-21 14:55:00,1457.95,1460.95,1457.5,1460.55,1608598
2024-05-21 15:05:00,1460.5,1460.8,1458.55,1458.55,1069503
2024-05-21 15:15:00,1458.7,1458.9,1456.55,1457.75,1004357
2024-05-21 15:25:00,1457.85,1457.85,1455.75,1456.05,537509
2024-05-22 09:15:00,1457.85,1459.55,1454.0,1454.85,939019
2024-05-22 09:25:00,1454.85,1459.0,1454.85,1457.6,663581
2024-05-22 09:35:00,1457.45,1458.7,1455.8,1457.6,561061
2024-05-22 09:45:00,1457.9,1458.85,1455.0,1457.45,764542
2024-05-22 09:55:00,1457.25,1458.35,1456.15,1458.2,286926
2024-05-22 10:05:00,1458.15,1458.6,1456.5,1458.0,340213
2024-05-22 10:15:00,1458.1,1459.95,1456.85,1459.55,850488
2024-05-22 10:25:00,1459.3,1460.7,1458.15,1459.1,341307
2024-05-22 10:35:00,1459.1,1459.35,1457.7,1458.45,176472
2024-05-22 10:45:00,1458.5,1459.45,1457.3,1459.05,156590
2024-05-22 10:55:00,1459.05,1459.25,1455.0,1456.2,332724
2024-05-22 11:05:00,1456.2,1457.35,1455.0,1456.3,240700
2024-05-22 11:15:00,1456.25,1456.85,1454.9,1456.55,252811
2024-05-22 11:25:00,1456.3,1457.05,1455.1,1455.55,183218
2024-05-22 11:35:00,1455.25,1456.0,1450.4,1453.05,304372
2024-05-22 11:45:00,1453.1,1454.45,1452.65,1453.9,330569
2024-05-22 11:55:00,1453.9,1454.35,1452.65,1454.15,178527
2024-05-22 12:05:00,1454.2,1455.35,1453.85,1454.4,204461
2024-05-22 12:15:00,1454.3,1456.05,1454.0,1454.15,173788
2024-05-22 12:25:00,1454.0,1454.5,1452.5,1453.35,210974
2024-05-22 12:35:00,1453.35,1453.5,1450.95,1451.95,265225
2024-05-22 12:45:00,1451.3,1452.35,1449.6,1451.75,298041
2024-05-22 12:55:00,1451.35,1452.45,1449.85,1452.1,250955
2024-05-22 13:05:00,1452.1,1452.4,1450.3,1450.7,215702
2024-05-22 13:15:00,1450.65,1453.15,1450.05,1453.0,176496
2024-05-22 13:25:00,1452.8,1453.6,1451.75,1452.4,274290
2024-05-22 13:35:00,1452.25,1453.1,1451.55,1453.05,366462
2024-05-22 13:45:00,1453.05,1454.3,1451.8,1452.5,1193061
2024-05-22 13:55:00,1452.4,1456.45,1450.7,1456.4,965019
2024-05-22 14:05:00,1456.2,1456.3,1451.65,1453.0,370646
2024-05-22 14:15:00,1452.55,1453.95,1451.85,1453.3,272516
2024-05-22 14:25:00,1453.1,1454.75,1452.45,1453.55,381371
2024-05-22 14:35:00,1453.35,1458.0,1453.35,1455.75,675424
2024-05-22 14:45:00,1456.0,1456.1,1451.2,1451.45,255739
2024-05-22 14:55:00,1451.75,1455.7,1448.15,1455.05,1851621
2024-05-22 15:05:00,1455.2,1463.9,1455.2,1459.7,3059279
2024-05-22 15:15:00,1459.55,1464.4,1459.4,1463.95,954926
2024-05-22 15:25:00,1463.9,1465.6,1463.0,1463.75,412953
2024-05-23 09:15:00,1458.65,1462.3,1457.05,1461.75,770178
2024-05-23 09:25:00,1461.75,1462.2,1459.7,1462.0,342919
2024-05-23 09:35:00,1462.0,1463.2,1459.15,1461.05,1704039
2024-05-23 09:45:00,1461.6,1464.0,1460.2,1462.55,400171
2024-05-23 09:55:00,1462.55,1462.95,1460.0,1460.3,370319
2024-05-23 10:05:00,1460.4,1461.0,1459.35,1459.8,191646
2024-05-23 10:15:00,1459.8,1465.0,1459.45,1464.85,506959
2024-05-23 10:25:00,1464.85,1467.0,1463.75,1464.5,1010362
2024-05-23 10:35:00,1464.5,1466.15,1463.1,1464.15,322857
2024-05-23 10:45:00,1464.15,1466.9,1462.65,1466.6,291434
2024-05-23 10:55:00,1466.7,1469.9,1465.85,1469.45,356259
2024-05-23 11:05:00,1469.1,1471.0,1468.0,1469.65,482707
2024-05-23 11:15:00,1469.65,1471.7,1469.65,1470.15,218636
2024-05-23 11:25:00,1470.25,1472.35,1470.1,1471.3,199554
2024-05-23 11:35:00,1471.3,1471.55,1468.9,1468.9,163545
2024-05-23 11:45:00,1469.0,1472.7,1468.3,1472.3,223409
2024-05-23 11:55:00,1472.3,1474.0,1471.2,1472.1,291720
2024-05-23 12:05:00,1472.1,1473.55,1471.65,1472.0,146176
2024-05-23 12:15:00,1471.75,1473.35,1471.0,1472.0,157525
2024-05-23 12:25:00,1472.35,1472.9,1470.2,1470.55,232319
2024-05-23 12:35:00,1471.1,1473.8,1470.05,1472.5,238359
2024-05-23 12:45:00,1472.6,1473.2,1471.65,1472.55,196607
2024-05-23 12:55:00,1472.55,1477.15,1472.55,1475.6,880915
2024-05-23 13:05:00,1475.25,1478.9,1473.25,1478.55,527989
2024-05-23 13:15:00,1478.4,1479.15,1476.45,1477.75,581691
2024-05-23 13:25:00,1477.75,1482.3,1477.0,1481.25,631430
2024-05-23 13:35:00,1481.25,1482.9,1480.15,1481.6,569474
2024-05-23 13:45:00,1481.45,1485.0,1480.5,1484.8,559378
2024-05-23 13:55:00,1485.0,1486.95,1484.0,1485.7,672767
2024-05-23 14:05:00,1485.85,1488.35,1485.5,1487.75,616630
2024-05-23 14:15:00,1487.45,1491.25,1487.45,1490.0,711077
2024-05-23 14:25:00,1490.0,1492.45,1485.0,1486.7,556358
2024-05-23 14:35:00,1486.7,1489.85,1484.5,1489.1,410069
2024-05-23 14:45:00,1489.35,1490.0,1485.1,1487.75,401248
2024-05-23 14:55:00,1487.75,1489.65,1486.25,1488.45,783329
2024-05-23 15:05:00,1488.35,1494.25,1488.15,1494.1,1752055
2024-05-23 15:15:00,1494.05,1495.65,1492.85,1493.55,1592873
2024-05-23 15:25:00,1493.6,1493.85,1490.55,1491.9,261241
2024-05-24 09:15:00,1487.5,1501.15,1486.0,1498.85,1587559
2024-05-24 09:25:00,1498.6,1502.95,1498.6,1501.75,783623
2024-05-24 09:35:00,1501.7,1503.0,1496.75,1500.45,510046
2024-05-24 09:45:00,1500.05,1502.0,1498.0,1498.85,304886
2024-05-24 09:55:00,1498.5,1502.0,1498.0,1500.45,620468
2024-05-24 10:05:00,1500.5,1500.9,1496.25,1497.3,232741
2024-05-24 10:15:00,1497.25,1501.5,1497.0,1501.3,280512
2024-05-24 10:25:00,1500.8,1501.85,1499.0,1500.0,266153
2024-05-24 10:35:00,1500.0,1501.75,1499.3,1500.9,177783
2024-05-24 10:45:00,1500.95,1502.6,1500.6,1502.4,245841
2024-05-24 10:55:00,1502.35,1507.85,1502.2,1507.4,460967
2024-05-24 11:05:00,1507.75,1509.8,1505.8,1507.0,744657
2024-05-24 11:15:00,1507.0,1508.4,1506.75,1507.7,190936
2024-05-24 11:25:00,1507.7,1509.0,1507.3,1507.5,170782
2024-05-24 11:35:00,1507.5,1508.5,1506.95,1507.75,124446
2024-05-24 11:45:00,1507.75,1507.9,1506.5,1507.15,227514
2024-05-24 11:55:00,1507.15,1507.5,1502.6,1502.95,346680
2024-05-24 12:05:00,1502.95,1506.7,1502.85,1506.35,260200
2024-05-24 12:15:00,1506.4,1507.95,1504.85,1506.0,146134
2024-05-24 12:25:00,1506.0,1507.9,1506.0,1507.25,113201
2024-05-24 12:35:00,1507.25,1508.35,1506.85,1507.65,278716
2024-05-24 12:45:00,1507.65,1508.65,1507.0,1508.0,516415
2024-05-24 12:55:00,1508.0,1510.0,1507.5,1508.75,321861
2024-05-24 13:05:00,1508.85,1508.95,1505.7,1507.4,206721
2024-05-24 13:15:00,1507.45,1509.75,1506.7,1509.15,472952
2024-05-24 13:25:00,1509.2,1510.5,1509.0,1509.9,225111
2024-05-24 13:35:00,1509.95,1510.7,1509.45,1509.95,170298
2024-05-24 13:45:00,1509.95,1512.85,1509.35,1511.7,240085
2024-05-24 13:55:00,1511.7,1512.65,1509.7,1512.0,200474
2024-05-24 14:05:00,1511.9,1515.0,1511.0,1514.7,462954
2024-05-24 14:15:00,1514.7,1519.7,1514.55,1517.55,574649
2024-05-24 14:25:00,1517.6,1519.9,1515.85,1518.4,550450
2024-05-24 14:35:00,1518.4,1519.0,1516.1,1518.85,378974
2024-05-24 14:45:00,1518.9,1518.9,1516.4,1516.75,960691
2024-05-24 14:55:00,1516.8,1518.25,1514.1,1515.8,534266
2024-05-24 15:05:00,1515.8,1519.4,1513.4,1517.95,545614
2024-05-24 15:15:00,1517.8,1519.45,1515.75,1518.95,627753
2024-05-24 15:25:00,1518.3,1519.0,1515.35,1516.5,229736
2024-05-27 09:15:00,1523.35,1529.0,1520.4,1527.4,839474
2024-05-27 09:25:00,1527.4,1530.9,1526.0,1529.0,555648
2024-05-27 09:35:00,1529.0,1535.8,1527.3,1534.3,569877
2024-05-27 09:45:00,1533.65,1534.4,1529.4,1532.35,403955
2024-05-27 09:55:00,1532.45,1534.0,1529.25,1533.55,456916
2024-05-27 10:05:00,1533.5,1533.95,1531.2,1531.7,312478
2024-05-27 10:15:00,1531.7,1534.5,1531.55,1534.4,213691
2024-05-27 10:25:00,1534.45,1536.0,1534.2,1535.3,340501
2024-05-27 10:35:00,1535.35,1535.95,1534.55,1535.85,206547
2024-05-27 10:45:00,1535.9,1538.0,1535.55,1537.6,307414
2024-05-27 10:55:00,1537.15,1538.8,1535.0,1538.0,279220
2024-05-27 11:05:00,1538.0,1538.4,1536.9,1537.0,195532
2024-05-27 11:15:00,1537.0,1538.65,1536.5,1538.3,213147
2024-05-27 11:25:00,1538.3,1538.7,1537.15,1537.35,143839
2024-05-27 11:35:00,1537.2,1538.0,1535.7,1537.95,190146
2024-05-27 11:45:00,1538.0,1538.95,1537.0,1538.9,193457
2024-05-27 11:55:00,1538.9,1540.0,1538.5,1539.15,460809
2024-05-27 12:05:00,1539.2,1539.7,1537.6,1538.5,239993
2024-05-27 12:15:00,1538.45,1541.6,1538.45,1541.4,365953
2024-05-27 12:25:00,1541.35,1544.5,1540.5,1544.25,638774
2024-05-27 12:35:00,1544.3,1545.0,1541.8,1541.85,420203
2024-05-27 12:45:00,1541.8,1543.0,1539.25,1539.65,312523
2024-05-27 12:55:00,1539.25,1540.0,1537.0,1539.05,325231
2024-05-27 13:05:00,1539.3,1539.95,1538.0,1538.8,203958
2024-05-27 13:15:00,1538.35,1540.0,1537.7,1539.55,189208
2024-05-27 13:25:00,1539.0,1540.0,1537.95,1539.65,135479
2024-05-27 13:35:00,1539.55,1539.75,1535.55,1537.5,259941
2024-05-27 13:45:00,1537.75,1538.0,1534.2,1536.8,234194
2024-05-27 13:55:00,1536.8,1540.7,1535.5,1540.7,270138
2024-05-27 14:05:00,1540.65,1541.5,1536.55,1539.45,265914
2024-05-27 14:15:00,1539.4,1539.9,1537.0,1537.1,205816
2024-05-27 14:25:00,1537.05,1538.2,1536.0,1537.35,213696
2024-05-27 14:35:00,1537.45,1537.45,1534.0,1534.5,403104
2024-05-27 14:45:00,1534.5,1535.25,1525.0,1526.6,1018935
2024-05-27 14:55:00,1527.0,1533.25,1519.05,1529.85,1203401
2024-05-27 15:05:00,1531.25,1531.4,1526.9,1529.4,849727
2024-05-27 15:15:00,1529.3,1529.45,1525.7,1528.4,667016
2024-05-27 15:25:00,1528.45,1529.4,1526.75,1527.5,264284
2024-05-28 09:15:00,1530.1,1533.3,1525.1,1530.9,1460049
2024-05-28 09:25:00,1530.7,1535.1,1530.2,1533.2,457260
2024-05-28 09:35:00,1533.25,1536.05,1532.55,1534.4,577067
2024-05-28 09:45:00,1534.9,1535.5,1531.05,1531.3,316815
2024-05-28 09:55:00,1531.05,1534.2,1529.3,1531.0,302782
2024-05-28 10:05:00,1530.8,1533.7,1530.0,1533.7,241743
2024-05-28 10:15:00,1533.3,1535.35,1533.0,1534.9,242174
2024-05-28 10:25:00,1534.9,1535.0,1533.15,1533.5,178053
2024-05-28 10:35:00,1533.5,1535.0,1532.85,1534.75,225774
2024-05-28 10:45:00,1534.7,1534.95,1533.45,1534.35,252991
2024-05-28 10:55:00,1534.35,1534.95,1533.35,1534.1,211198
2024-05-28 11:05:00,1534.1,1535.65,1531.0,1534.0,580109
2024-05-28 11:15:00,1534.0,1535.0,1532.85,1533.5,318707
2024-05-28 11:25:00,1533.5,1534.8,1531.65,1532.85,733191
2024-05-28 11:35:00,1532.9,1534.85,1532.4,1534.7,227687
2024-05-28 11:45:00,1534.5,1535.0,1533.05,1533.6,112065
2024-05-28 11:55:00,1533.6,1534.0,1531.1,1532.2,203918
2024-05-28 12:05:00,1532.2,1534.05,1531.8,1532.85,163544
2024-05-28 12:15:00,1532.85,1533.6,1531.0,1532.3,253556
2024-05-28 12:25:00,1532.3,1532.5,1527.05,1527.05,203416
2024-05-28 12:35:00,1527.5,1529.4,1526.65,1528.45,196870
2024-05-28 12:45:00,1528.5,1532.5,1527.65,1531.7,263210
2024-05-28 12:55:00,1532.0,1534.9,1531.5,1532.05,182109
2024-05-28 13:05:00,1532.45,1532.95,1530.8,1531.4,122248
2024-05-28 13:15:00,1531.4,1531.95,1530.0,1530.6,138512
2024-05-28 13:25:00,1530.7,1532.35,1528.75,1529.0,166986
2024-05-28 13:35:00,1528.95,1531.9,1528.65,1530.45,179375
2024-05-28 13:45:00,1530.5,1531.2,1529.25,1530.15,178047
2024-05-28 13:55:00,1530.15,1530.7,1528.85,1529.45,183738
2024-05-28 14:05:00,1529.5,1531.15,1529.0,1529.6,166447
2024-05-28 14:15:00,1529.55,1530.5,1528.55,1528.8,194852
2024-05-28 14:25:00,1528.95,1529.1,1526.1,1526.95,169897
2024-05-28 14:35:00,1527.0,1528.0,1526.0,1526.75,260384
2024-05-28 14:45:00,1526.8,1530.8,1524.8,1530.65,414787
2024-05-28 14:55:00,1530.6,1532.25,1526.2,1531.35,819559
2024-05-28 15:05:00,1531.15,1533.95,1529.85,1531.5,1442972
2024-05-28 15:15:00,1531.55,1532.4,1528.55,1529.15,1121901
2024-05-28 15:25:00,1529.15,1530.5,1528.1,1528.6,422443
2024-05-29 09:15:00,1518.0,1523.85,1510.5,1520.05,1208797
2024-05-29 09:25:00,1520.05,1520.25,1515.1,1517.9,394170
2024-05-29 09:35:00,1518.4,1518.7,1515.0,1516.5,294915
2024-05-29 09:45:00,1516.6,1516.65,1512.5,1513.7,352565
2024-05-29 09:55:00,1513.5,1515.8,1512.05,1512.4,396184
2024-05-29 10:05:00,1512.25,1513.0,1511.2,1511.55,432043
2024-05-29 10:15:00,1511.5,1513.0,1511.0,1511.2,407260
2024-05-29 10:25:00,1511.2,1512.45,1510.0,1510.95,277673
2024-05-29 10:35:00,1511.0,1512.5,1510.05,1512.1,252681
2024-05-29 10:45:00,1512.1,1512.35,1511.1,1512.15,244198
2024-05-29 10:55:00,1512.15,1512.3,1509.35,1509.6,228053
2024-05-29 11:05:00,1509.8,1511.55,1509.5,1510.1,179585
2024-05-29 11:15:00,1510.1,1510.65,1508.65,1510.25,191073
2024-05-29 11:25:00,1510.25,1512.7,1509.35,1511.05,207456
2024-05-29 11:35:00,1511.25,1511.9,1509.05,1509.9,189189
2024-05-29 11:45:00,1509.9,1511.2,1509.25,1510.25,206464
2024-05-29 11:55:00,1510.25,1510.25,1507.9,1508.5,175151
2024-05-29 12:05:00,1508.1,1508.65,1505.5,1507.55,256720
2024-05-29 12:15:00,1507.05,1509.0,1506.6,1507.1,178243
2024-05-29 12:25:00,1507.0,1507.8,1506.0,1507.2,174733
2024-05-29 12:35:00,1507.2,1508.4,1506.0,1508.1,191093
2024-05-29 12:45:00,1508.25,1510.6,1507.8,1509.15,327936
2024-05-29 12:55:00,1509.25,1509.7,1507.2,1508.2,440921
2024-05-29 13:05:00,1508.25,1509.4,1507.7,1508.1,171370
2024-05-29 13:15:00,1508.1,1509.85,1507.5,1508.45,180526
2024-05-29 13:25:00,1508.4,1511.95,1508.0,1511.4,372384
2024-05-29 13:35:00,1511.25,1512.0,1510.05,1510.8,548863
2024-05-29 13:45:00,1510.9,1512.2,1510.35,1511.2,536895
2024-05-29 13:55:00,1511.4,1512.5,1508.35,1509.05,1007492
2024-05-29 14:05:00,1509.2,1510.55,1507.5,1509.45,471536
2024-05-29 14:15:00,1509.75,1510.35,1508.0,1509.95,278564
2024-05-29 14:25:00,1509.9,1510.35,1507.15,1507.45,286826
2024-05-29 14:35:00,1507.45,1507.65,1503.5,1503.75,271148
2024-05-29 14:45:00,1503.75,1504.4,1501.25,1503.5,902090
2024-05-29 14:55:00,1503.65,1507.95,1502.85,1507.1,1331870
2024-05-29 15:05:00,1507.1,1510.9,1506.7,1510.0,1878985
2024-05-29 15:15:00,1509.7,1510.5,1505.75,1509.45,1619741
2024-05-29 15:25:00,1509.45,1510.1,1506.6,1507.35,301222
2024-05-30 09:15:00,1499.2,1509.9,1497.65,1505.3,1436186
2024-05-30 09:25:00,1505.3,1514.1,1504.8,1510.5,845369
2024-05-30 09:35:00,1510.5,1513.35,1509.25,1510.5,448196
2024-05-30 09:45:00,1510.35,1513.35,1510.35,1511.15,225437
2024-05-30 09:55:00,1511.15,1514.9,1511.15,1513.45,244084
2024-05-30 10:05:00,1513.35,1515.25,1510.35,1510.9,249320
2024-05-30 10:15:00,1510.9,1515.0,1510.05,1513.9,239905
2024-05-30 10:25:00,1513.7,1514.0,1512.1,1512.95,184030
2024-05-30 10:35:00,1512.95,1515.0,1511.85,1512.5,235706
2024-05-30 10:45:00,1512.5,1513.1,1511.0,1511.65,152482
2024-05-30 10:55:00,1511.55,1514.0,1510.55,1513.65,191334
2024-05-30 11:05:00,1513.3,1513.8,1508.9,1509.25,188809
2024-05-30 11:15:00,1508.95,1510.0,1505.4,1506.3,214984
2024-05-30 11:25:00,1506.25,1508.65,1506.25,1507.05,166358
2024-05-30 11:35:00,1507.05,1509.3,1506.8,1508.15,102299
2024-05-30 11:45:00,1507.65,1511.45,1506.35,1511.0,355803
2024-05-30 11:55:00,1511.0,1513.8,1511.0,1513.5,262917
2024-05-30 12:05:00,1513.55,1516.5,1513.5,1515.65,327414
2024-05-30 12:15:00,1515.75,1516.3,1514.55,1515.0,252698
2024-05-30 12:25:00,1515.0,1516.05,1513.6,1516.0,229889
2024-05-30 12:35:00,1516.1,1518.0,1516.0,1516.85,265045
2024-05-30 12:45:00,1516.8,1519.4,1516.7,1518.15,256596
2024-05-30 12:55:00,1518.15,1519.4,1517.6,1518.4,295204
2024-05-30 13:05:00,1518.4,1520.85,1518.4,1520.8,364680
2024-05-30 13:15:00,1520.7,1520.95,1517.55,1518.25,263261
2024-05-30 13:25:00,1518.05,1520.05,1517.95,1519.65,517763
2024-05-30 13:35:00,1519.65,1522.6,1519.05,1520.95,519907
2024-05-30 13:45:00,1520.55,1523.6,1520.2,1522.15,427280
2024-05-30 13:55:00,1522.15,1522.3,1520.35,1520.6,269751
2024-05-30 14:05:00,1520.5,1520.95,1518.4,1519.3,268773
2024-05-30 14:15:00,1519.3,1520.95,1518.9,1519.8,287995
2024-05-30 14:25:00,1519.75,1520.5,1516.5,1517.2,283669
2024-05-30 14:35:00,1517.2,1518.35,1515.65,1517.55,322512
2024-05-30 14:45:00,1517.55,1518.0,1515.75,1516.2,405048
2024-05-30 14:55:00,1516.15,1516.8,1508.5,1513.55,1403288
2024-05-30 15:05:00,1513.7,1518.2,1512.45,1513.85,2117789
2024-05-30 15:15:00,1513.95,1519.05,1513.5,1517.15,1341158
2024-05-30 15:25:00,1517.25,1518.8,1515.55,1518.3,457290
2024-05-31 09:15:00,1519.0,1526.8,1514.0,1523.65,1700505
2024-05-31 09:25:00,1523.6,1529.4,1523.6,1528.65,1118217
2024-05-31 09:35:00,1528.75,1531.55,1528.0,1530.3,822104
2024-05-31 09:45:00,1530.3,1530.3,1523.1,1524.8,543666
2024-05-31 09:55:00,1524.75,1527.45,1523.25,1525.0,564829
2024-05-31 10:05:00,1525.3,1526.45,1521.95,1523.75,617821
2024-05-31 10:15:00,1523.15,1527.55,1519.75,1521.65,425885
2024-05-31 10:25:00,1521.3,1526.45,1520.6,1523.7,584726
2024-05-31 10:35:00,1524.2,1525.1,1522.85,1524.4,358767
2024-05-31 10:45:00,1524.45,1526.3,1524.0,1525.35,332785
2024-05-31 10:55:00,1525.25,1525.55,1521.55,1522.55,160643
2024-05-31 11:05:00,1522.55,1524.8,1521.0,1524.65,277104
2024-05-31 11:15:00,1524.65,1524.9,1520.3,1520.85,255471
2024-05-31 11:25:00,1520.85,1520.95,1518.2,1519.65,224069
2024-05-31 11:35:00,1519.6,1521.6,1519.35,1520.85,282155
2024-05-31 11:45:00,1520.85,1521.45,1516.75,1517.05,252138
2024-05-31 11:55:00,1517.1,1520.1,1516.7,1518.5,235316
2024-05-31 12:05:00,1518.55,1518.95,1516.5,1516.65,223668
2024-05-31 12:15:00,1516.65,1519.9,1516.6,1519.2,228570
2024-05-31 12:25:00,1519.3,1521.15,1517.1,1520.35,280307
2024-05-31 12:35:00,1520.4,1521.2,1518.55,1520.55,296595
2024-05-31 12:45:00,1520.4,1522.25,1520.0,1521.85,312470
2024-05-31 12:55:00,1521.85,1524.0,1520.25,1523.35,371578
2024-05-31 13:05:00,1523.35,1525.45,1522.25,1524.25,440573
2024-05-31 13:15:00,1524.25,1527.5,1524.15,1526.95,252560
2024-05-31 13:25:00,1526.95,1527.4,1524.75,1525.35,272716
2024-05-31 13:35:00,1525.35,1526.0,1523.2,1524.9,280304
2024-05-31 13:45:00,1524.75,1527.7,1524.2,1526.15,515783
2024-05-31 13:55:00,1526.15,1531.0,1525.5,1529.95,616198
2024-05-31 14:05:00,1529.95,1532.5,1527.8,1531.65,539434
2024-05-31 14:15:00,1531.65,1532.5,1527.45,1529.65,336014
2024-05-31 14:25:00,1529.65,1531.25,1526.85,1527.55,381341
2024-05-31 14:35:00,1527.65,1534.0,1527.1,1533.95,740715
2024-05-31 14:45:00,1534.0,1534.0,1530.0,1533.25,716287
2024-05-31 14:55:00,1533.25,1535.0,1530.55,1531.25,4322783
2024-05-31 15:05:00,1531.2,1533.05,1528.75,1531.9,7508152
2024-05-31 15:15:00,1531.9,1536.0,1528.4,1529.2,7061926
2024-05-31 15:25:00,1528.9,1529.6,1521.6,1526.0,2458382
2024-06-03 09:15:00,1599.0,1599.0,1555.0,1570.15,7751479
2024-06-03 09:25:00,1570.1,1572.7,1561.9,1569.95,2003401
2024-06-03 09:35:00,1570.05,1571.55,1563.75,1565.0,2128719
2024-06-03 09:45:00,1565.05,1567.4,1559.7,1566.1,1573416
2024-06-03 09:55:00,1565.8,1569.8,1563.9,1566.55,1181213
2024-06-03 10:05:00,1566.55,1567.8,1563.75,1566.5,652381
2024-06-03 10:15:00,1566.1,1566.65,1562.1,1565.8,399660
2024-06-03 10:25:00,1565.95,1569.0,1563.1,1565.75,519906
2024-06-03 10:35:00,1566.05,1566.05,1560.0,1560.0,283297
2024-06-03 10:45:00,1560.0,1562.0,1558.0,1561.2,515695
2024-06-03 10:55:00,1561.3,1561.8,1558.0,1560.0,449494
2024-06-03 11:05:00,1560.05,1560.2,1556.3,1557.35,274140
2024-06-03 11:15:00,1557.65,1562.9,1557.1,1561.0,810588
2024-06-03 11:25:00,1561.15,1561.7,1558.25,1559.95,534463
2024-06-03 11:35:00,1559.3,1562.0,1556.5,1561.25,364562
2024-06-03 11:45:00,1561.9,1564.05,1560.6,1564.0,338784
2024-06-03 11:55:00,1564.0,1566.9,1563.05,1565.15,747653
2024-06-03 12:05:00,1565.25,1565.7,1561.4,1563.1,403796
2024-06-03 12:15:00,1563.25,1563.8,1560.0,1562.65,271116
2024-06-03 12:25:00,1562.65,1565.0,1561.35,1563.85,228913
2024-06-03 12:35:00,1564.05,1564.05,1560.1,1561.35,448243
2024-06-03 12:45:00,1561.35,1563.0,1560.2,1562.95,369923
2024-06-03 12:55:00,1562.95,1564.65,1562.15,1562.5,332131
2024-06-03 13:05:00,1562.55,1565.0,1561.95,1564.6,508345
2024-06-03 13:15:00,1564.7,1564.95,1562.85,1564.6,425705
2024-06-03 13:25:00,1564.5,1565.0,1563.25,1564.25,356966
2024-06-03 13:35:00,1564.25,1565.65,1550.0,1565.2,1857955
2024-06-03 13:45:00,1565.2,1569.9,1564.1,1567.4,889611
2024-06-03 13:55:00,1567.4,1575.0,1567.0,1573.6,1322408
2024-06-03 14:05:00,1573.8,1575.0,1569.65,1570.55,632385
2024-06-03 14:15:00,1570.4,1570.9,1566.6,1569.3,286577
2024-06-03 14:25:00,1569.4,1570.0,1566.15,1567.2,370480
2024-06-03 14:35:00,1567.35,1569.95,1566.1,1569.35,389049
2024-06-03 14:45:00,1569.5,1570.15,1567.2,1567.25,556930
2024-06-03 14:55:00,1567.7,1572.8,1567.25,1568.55,1582443
2024-06-03 15:05:00,1568.55,1572.8,1568.55,1571.45,1556911
2024-06-03 15:15:00,1571.75,1575.0,1571.5,1573.6,1456658
2024-06-03 15:25:00,1573.6,1575.0,1573.0,1573.0,593153
2024-06-04 09:15:00,1557.0,1559.0,1505.0,1510.95,5016105
2024-06-04 09:25:00,1513.3,1528.95,1507.05,1522.85,1924580
2024-06-04 09:35:00,1522.45,1530.2,1518.0,1522.95,1812800
2024-06-04 09:45:00,1522.3,1532.0,1519.1,1531.35,697536
2024-06-04 09:55:00,1531.3,1543.6,1528.3,1539.0,953905
2024-06-04 10:05:00,1539.5,1545.0,1538.75,1541.4,706845
2024-06-04 10:15:00,1542.35,1542.5,1521.95,1534.0,1200790
2024-06-04 10:25:00,1533.9,1534.85,1526.95,1527.95,650763
2024-06-04 10:35:00,1527.95,1532.75,1516.7,1519.2,804133
2024-06-04 10:45:00,1518.95,1525.55,1513.05,1514.5,650477
2024-06-04 10:55:00,1515.0,1515.25,1501.5,1502.15,1386835
2024-06-04 11:05:00,1502.85,1516.5,1486.45,1500.0,1438300
2024-06-04 11:15:00,1500.5,1530.0,1500.0,1524.6,1455792
2024-06-04 11:25:00,1524.0,1526.65,1512.05,1514.35,722530
2024-06-04 11:35:00,1514.35,1520.25,1500.75,1502.1,645737
2024-06-04 11:45:00,1502.0,1514.55,1501.1,1511.95,508912
2024-06-04 11:55:00,1511.0,1513.85,1486.35,1492.0,908327
2024-06-04 12:05:00,1492.25,1498.0,1467.2,1483.65,873636
2024-06-04 12:15:00,1483.65,1489.6,1471.0,1471.75,549851
2024-06-04 12:25:00,1471.75,1485.15,1454.0,1474.5,1180619
2024-06-04 12:35:00,1474.65,1493.55,1460.15,1489.75,885031
2024-06-04 12:45:00,1489.75,1494.7,1476.3,1494.0,758493
2024-06-04 12:55:00,1494.0,1494.75,1471.15,1479.5,1231161
2024-06-04 13:05:00,1479.5,1486.7,1474.45,1486.65,932217
2024-06-04 13:15:00,1486.65,1494.3,1480.85,1491.1,814122
2024-06-04 13:25:00,1491.1,1493.0,1475.05,1487.15,1086143
2024-06-04 13:35:00,1486.95,1496.0,1484.3,1496.0,785446
2024-06-04 13:45:00,1495.95,1518.75,1494.95,1515.05,1793160
2024-06-04 13:55:00,1515.95,1515.95,1500.0,1501.25,1277139
2024-06-04 14:05:00,1501.0,1502.9,1489.45,1495.4,774442
2024-06-04 14:15:00,1495.4,1498.75,1485.1,1492.55,367852
2024-06-04 14:25:00,1492.55,1500.5,1487.8,1495.05,630754
2024-06-04 14:35:00,1495.45,1505.0,1490.35,1495.7,1590313
2024-06-04 14:45:00,1495.75,1496.8,1486.9,1487.25,987145
2024-06-04 14:55:00,1488.15,1491.7,1475.05,1476.25,1825300
2024-06-04 15:05:00,1476.25,1489.35,1472.0,1484.45,2288920
2024-06-04 15:15:00,1484.45,1489.4,1481.15,1485.7,1752260
2024-06-04 15:25:00,1485.9,1503.0,1482.8,1503.0,556670
2024-06-05 09:15:00,1494.05,1499.45,1488.0,1498.2,1966876
2024-06-05 09:25:00,1498.25,1510.75,1497.65,1509.35,1946081
2024-06-05 09:35:00,1509.75,1512.0,1499.25,1499.7,1771186
2024-06-05 09:45:00,1499.85,1501.55,1490.35,1492.1,1519862
2024-06-05 09:55:00,1492.0,1494.0,1484.7,1492.0,1970909
2024-06-05 10:05:00,1491.7,1503.2,1491.0,1500.45,644046
2024-06-05 10:15:00,1500.35,1502.65,1490.35,1491.5,681750
2024-06-05 10:25:00,1491.45,1492.5,1482.35,1489.4,824374
2024-06-05 10:35:00,1489.45,1493.1,1486.35,1492.1,579486
2024-06-05 10:45:00,1492.1,1501.7,1490.05,1499.95,422367
2024-06-05 10:55:00,1499.55,1508.5,1497.3,1508.15,546864
2024-06-05 11:05:00,1508.25,1522.85,1504.8,1522.55,1151194
2024-06-05 11:15:00,1522.55,1524.0,1516.6,1521.75,1158549
2024-06-05 11:25:00,1521.75,1524.75,1518.4,1521.25,393372
2024-06-05 11:35:00,1521.25,1522.5,1517.3,1517.95,374700
2024-06-05 11:45:00,1517.95,1518.5,1507.95,1508.8,577982
2024-06-05 11:55:00,1508.8,1516.5,1508.75,1514.7,468961
2024-06-05 12:05:00,1515.05,1518.55,1511.05,1515.8,209016
2024-06-05 12:15:00,1515.8,1519.5,1515.2,1517.45,279054
2024-06-05 12:25:00,1517.45,1522.0,1515.1,1519.85,261134
2024-06-05 12:35:00,1519.9,1523.0,1516.0,1516.95,560280
2024-06-05 12:45:00,1517.15,1519.35,1512.85,1517.9,493667
2024-06-05 12:55:00,1517.9,1526.95,1517.9,1525.55,1269525
2024-06-05 13:05:00,1525.55,1528.4,1522.75,1524.7,541238
2024-06-05 13:15:00,1524.1,1527.8,1521.1,1525.9,597684
2024-06-05 13:25:00,1525.9,1529.3,1525.0,1528.35,809684
2024-06-05 13:35:00,1528.9,1529.45,1525.95,1527.3,457235
2024-06-05 13:45:00,1527.6,1529.95,1524.25,1529.65,583689
2024-06-05 13:55:00,1529.65,1533.65,1528.1,1533.0,960596
2024-06-05 14:05:00,1533.0,1538.0,1531.25,1535.9,2218187
2024-06-05 14:15:00,1536.0,1539.5,1533.25,1539.25,1378974
2024-06-05 14:25:00,1538.6,1546.55,1536.95,1543.65,2042327
2024-06-05 14:35:00,1543.7,1550.6,1542.25,1546.45,1684666
2024-06-05 14:45:00,1547.05,1559.6,1546.55,1555.95,2203601
2024-06-05 14:55:00,1556.0,1559.0,1548.15,1553.8,2113966
2024-06-05 15:05:00,1553.85,1555.0,1549.5,1552.1,1751225
2024-06-05 15:15:00,1552.15,1554.95,1545.75,1546.1,2303429
2024-06-05 15:25:00,1546.1,1547.65,1543.15,1545.85,747945
2024-06-06 09:15:00,1564.9,1565.45,1550.35,1551.0,2483877
2024-06-06 09:25:00,1551.35,1554.25,1546.6,1554.25,951421
2024-06-06 09:35:00,1554.4,1561.45,1551.2,1557.5,1299521
2024-06-06 09:45:00,1557.45,1558.35,1551.45,1553.0,492325
2024-06-06 09:55:00,1552.95,1556.0,1551.55,1555.65,623216
2024-06-06 10:05:00,1555.6,1555.7,1551.65,1554.25,245284
2024-06-06 10:15:00,1554.15,1560.95,1553.4,1559.6,697391
2024-06-06 10:25:00,1559.2,1560.0,1555.9,1557.05,302970
2024-06-06 10:35:00,1557.1,1559.75,1556.1,1558.95,345642
2024-06-06 10:45:00,1558.95,1560.85,1557.05,1557.4,231294
2024-06-06 10:55:00,1557.4,1560.9,1556.3,1560.0,183292
2024-06-06 11:05:00,1559.7,1560.45,1557.0,1557.8,156839
2024-06-06 11:15:00,1557.95,1560.0,1556.5,1560.0,225599
2024-06-06 11:25:00,1560.0,1560.0,1556.2,1557.5,211642
2024-06-06 11:35:00,1557.75,1559.75,1556.0,1559.5,349041
2024-06-06 11:45:00,1559.5,1559.8,1550.8,1558.6,500034
2024-06-06 11:55:00,1558.5,1560.9,1553.05,1554.35,525406
2024-06-06 12:05:00,1554.2,1557.75,1553.0,1554.6,487041
2024-06-06 12:15:00,1554.15,1560.0,1553.1,1557.65,309434
2024-06-06 12:25:00,1557.65,1559.5,1555.6,1558.35,178246
2024-06-06 12:35:00,1558.15,1558.35,1553.7,1554.9,274903
2024-06-06 12:45:00,1554.9,1556.9,1553.5,1553.85,242505
2024-06-06 12:55:00,1554.15,1555.95,1550.0,1551.3,322246
2024-06-06 13:05:00,1550.7,1553.2,1548.4,1551.55,483081
2024-06-06 13:15:00,1551.55,1555.0,1551.1,1552.05,310011
2024-06-06 13:25:00,1552.05,1556.75,1551.4,1554.65,277364
2024-06-06 13:35:00,1554.0,1560.0,1553.65,1559.15,309700
2024-06-06 13:45:00,1559.45,1560.0,1553.0,1554.95,405560
2024-06-06 13:55:00,1555.3,1559.65,1554.7,1556.0,441571
2024-06-06 14:05:00,1556.4,1558.55,1555.4,1558.3,607168
2024-06-06 14:15:00,1558.25,1558.45,1551.9,1555.2,452358
2024-06-06 14:25:00,1555.3,1556.25,1553.0,1554.55,421348
2024-06-06 14:35:00,1555.1,1556.05,1550.9,1554.9,751245
2024-06-06 14:45:00,1555.2,1558.8,1554.1,1555.8,1049504
2024-06-06 14:55:00,1555.85,1560.0,1555.2,1559.95,1771851
2024-06-06 15:05:00,1559.95,1561.0,1559.15,1560.45,1701250
2024-06-06 15:15:00,1560.4,1560.75,1557.25,1560.15,1734269
2024-06-06 15:25:00,1560.2,1561.15,1557.1,1559.5,577185
2024-06-07 09:15:00,1561.05,1564.0,1552.05,1562.75,830786
2024-06-07 09:25:00,1563.0,1567.0,1561.6,1564.5,514232
2024-06-07 09:35:00,1564.45,1566.65,1562.8,1563.45,314912
2024-06-07 09:45:00,1563.45,1564.0,1560.0,1560.05,173375
2024-06-07 09:55:00,1560.05,1566.75,1560.0,1561.0,376522
2024-06-07 10:05:00,1561.0,1564.0,1560.2,1562.0,241809
2024-06-07 10:15:00,1561.7,1562.55,1557.2,1562.15,159523
2024-06-07 10:25:00,1562.15,1566.45,1561.9,1565.1,243569
2024-06-07 10:35:00,1565.1,1571.35,1564.45,1570.05,722590
2024-06-07 10:45:00,1569.6,1570.95,1568.15,1568.15,237140
2024-06-07 10:55:00,1568.15,1570.0,1568.0,1568.6,199916
2024-06-07 11:05:00,1568.6,1571.0,1568.6,1570.9,324690
2024-06-07 11:15:00,1570.95,1571.0,1567.1,1568.35,179412
2024-06-07 11:25:00,1568.5,1570.0,1566.0,1569.8,178044
2024-06-07 11:35:00,1569.8,1575.0,1568.8,1574.95,724615
2024-06-07 11:45:00,1575.0,1580.0,1574.1,1579.35,1401667
2024-06-07 11:55:00,1579.3,1579.3,1575.35,1576.8,578001
2024-06-07 12:05:00,1576.85,1579.5,1576.4,1577.05,337837
2024-06-07 12:15:00,1577.0,1579.5,1573.0,1577.75,339061
2024-06-07 12:25:00,1578.15,1579.95,1576.9,1579.9,263126
2024-06-07 12:35:00,1579.95,1582.0,1579.45,1580.25,429613
2024-06-07 12:45:00,1580.4,1584.35,1579.1,1580.3,510907
2024-06-07 12:55:00,1580.3,1581.9,1576.55,1578.6,221047
2024-06-07 13:05:00,1578.95,1581.05,1578.0,1580.6,224413
2024-06-07 13:15:00,1580.85,1580.95,1573.1,1575.15,330503
2024-06-07 13:25:00,1574.95,1575.95,1573.1,1574.35,391318
2024-06-07 13:35:00,1574.5,1578.0,1574.15,1576.0,258426
2024-06-07 13:45:00,1576.0,1578.25,1574.65,1575.2,229257
2024-06-07 13:55:00,1575.2,1576.1,1571.05,1573.5,313487
2024-06-07 14:05:00,1573.3,1576.15,1573.0,1575.5,227387
2024-06-07 14:15:00,1575.4,1579.9,1575.4,1576.8,437387
2024-06-07 14:25:00,1576.65,1576.8,1572.4,1573.2,567018
2024-06-07 14:35:00,1573.2,1573.9,1569.1,1570.2,903945
2024-06-07 14:45:00,1569.95,1576.6,1569.6,1574.45,649754
2024-06-07 14:55:00,1574.55,1576.2,1570.3,1572.9,982846
2024-06-07 15:05:00,1572.6,1574.0,1571.9,1572.7,1385216
2024-06-07 15:15:00,1572.65,1575.6,1571.8,1574.65,1417382
2024-06-07 15:25:00,1575.0,1575.65,1574.1,1575.0,382938
2024-06-10 09:15:00,1574.0,1580.65,1572.15,1576.9,748844
2024-06-10 09:25:00,1577.95,1578.4,1566.0,1567.45,544532
2024-06-10 09:35:00,1567.65,1570.0,1560.1,1565.2,544608
2024-06-10 09:45:00,1565.15,1565.55,1559.2,1562.65,305666
2024-06-10 09:55:00,1562.65,1565.75,1560.0,1563.95,361165
2024-06-10 10:05:00,1563.85,1568.95,1562.25,1567.3,296734
2024-06-10 10:15:00,1567.25,1570.0,1563.9,1567.75,428883
2024-06-10 10:25:00,1568.35,1570.0,1567.0,1569.0,101812
2024-06-10 10:35:00,1569.0,1569.7,1564.5,1565.1,127883
2024-06-10 10:45:00,1564.75,1567.0,1563.05,1564.75,93969
2024-06-10 10:55:00,1564.75,1568.45,1564.05,1567.3,187242
2024-06-10 11:05:00,1567.3,1569.0,1566.1,1568.75,318361
2024-06-10 11:15:00,1568.75,1571.2,1568.75,1569.3,185107
2024-06-10 11:25:00,1569.05,1571.65,1567.65,1568.0,115944
2024-06-10 11:35:00,1568.0,1568.6,1566.65,1567.7,88978
2024-06-10 11:45:00,1567.7,1568.5,1567.0,1567.6,90409
2024-06-10 11:55:00,1567.6,1567.95,1565.5,1566.9,97210
2024-06-10 12:05:00,1566.9,1567.75,1565.85,1566.95,335985
2024-06-10 12:15:00,1566.95,1568.0,1566.0,1567.45,118767
2024-06-10 12:25:00,1567.2,1568.45,1566.1,1567.0,115246
2024-06-10 12:35:00,1567.0,1569.0,1566.55,1568.55,92698
2024-06-10 12:45:00,1568.95,1569.85,1567.4,1569.15,155334
2024-06-10 12:55:00,1569.15,1569.7,1568.15,1569.3,158252
2024-06-10 13:05:00,1569.35,1569.4,1567.65,1569.3,208164
2024-06-10 13:15:00,1569.0,1569.5,1567.8,1569.0,225155
2024-06-10 13:25:00,1569.0,1569.2,1567.35,1568.05,170898
2024-06-10 13:35:00,1568.05,1572.0,1567.05,1571.05,283891
2024-06-10 13:45:00,1570.85,1571.7,1569.0,1570.0,244871
2024-06-10 13:55:00,1569.95,1573.0,1569.75,1571.9,278006
2024-06-10 14:05:00,1571.85,1571.9,1569.25,1569.95,210502
2024-06-10 14:15:00,1570.05,1570.05,1567.75,1568.0,168534
2024-06-10 14:25:00,1567.85,1569.0,1563.95,1564.95,395245
2024-06-10 14:35:00,1564.95,1566.5,1561.55,1566.2,371900
2024-06-10 14:45:00,1566.25,1566.25,1562.1,1563.8,400114
2024-06-10 14:55:00,1563.6,1564.4,1562.15,1563.05,500802
2024-06-10 15:05:00,1563.1,1563.6,1561.0,1562.05,898959
2024-06-10 15:15:00,1562.05,1562.1,1559.0,1559.45,775025
2024-06-10 15:25:00,1559.5,1559.55,1557.6,1559.55,308340
2024-06-11 09:15:00,1556.0,1559.0,1552.2,1558.55,810219
2024-06-11 09:25:00,1558.55,1560.85,1557.0,1557.3,292938
2024-06-11 09:35:00,1557.35,1561.85,1556.0,1560.75,272129
2024-06-11 09:45:00,1560.9,1563.9,1559.5,1560.15,295920
2024-06-11 09:55:00,1560.0,1561.8,1558.0,1560.05,259680
2024-06-11 10:05:00,1560.05,1563.0,1559.05,1562.3,226757
2024-06-11 10:15:00,1562.3,1563.05,1559.0,1559.8,289314
2024-06-11 10:25:00,1559.9,1560.5,1558.6,1560.1,147620
2024-06-11 10:35:00,1560.25,1560.8,1557.65,1557.95,137389
2024-06-11 10:45:00,1558.05,1561.85,1557.95,1560.9,153955
2024-06-11 10:55:00,1560.9,1561.25,1558.7,1560.7,174783
2024-06-11 11:05:00,1560.7,1561.65,1560.0,1560.25,146365
2024-06-11 11:15:00,1560.35,1560.75,1559.0,1559.95,119497
2024-06-11 11:25:00,1559.95,1560.05,1558.85,1559.95,91449
2024-06-11 11:35:00,1559.95,1561.0,1559.6,1560.05,114253
2024-06-11 11:45:00,1560.05,1560.5,1559.45,1560.35,125860
2024-06-11 11:55:00,1560.4,1560.5,1559.2,1559.85,138984
2024-06-11 12:05:00,1559.85,1560.5,1559.55,1560.0,101929
2024-06-11 12:15:00,1560.0,1560.7,1559.05,1560.15,115852
2024-06-11 12:25:00,1560.2,1561.0,1559.5,1559.5,177498
2024-06-11 12:35:00,1559.8,1561.85,1559.35,1560.7,273393
2024-06-11 12:45:00,1560.75,1563.65,1560.05,1563.4,276308
2024-06-11 12:55:00,1563.35,1564.0,1561.35,1562.05,376656
2024-06-11 13:05:00,1562.0,1564.7,1561.75,1564.15,146965
2024-06-11 13:15:00,1564.15,1568.9,1564.15,1568.1,664103
2024-06-11 13:25:00,1568.1,1569.35,1566.4,1567.25,464550
2024-06-11 13:35:00,1567.25,1570.8,1567.1,1570.6,599291
2024-06-11 13:45:00,1570.65,1571.0,1569.15,1569.4,389673
2024-06-11 13:55:00,1569.55,1570.9,1565.6,1566.5,570991
2024-06-11 14:05:00,1566.55,1570.25,1566.5,1570.0,575458
2024-06-11 14:15:00,1570.0,1570.6,1567.2,1568.75,495059
2024-06-11 14:25:00,1569.0,1570.0,1567.5,1568.8,315090
2024-06-11 14:35:00,1568.75,1570.0,1567.45,1567.55,539044
2024-06-11 14:45:00,1568.0,1570.0,1566.65,1568.5,470240
2024-06-11 14:55:00,1568.5,1569.8,1564.5,1565.0,1009811
2024-06-11 15:05:00,1564.85,1568.55,1563.55,1567.4,1320140
2024-06-11 15:15:00,1567.0,1567.5,1559.7,1563.25,1523619
2024-06-11 15:25:00,1563.45,1564.5,1561.15,1561.15,335332
2024-06-12 09:15:00,1575.0,1577.9,1571.0,1571.15,1493293
2024-06-12 09:25:00,1571.35,1572.75,1566.4,1566.65,413061
2024-06-12 09:35:00,1566.75,1571.0,1566.6,1570.95,455365
2024-06-12 09:45:00,1570.95,1577.2,1570.5,1577.05,675790
2024-06-12 09:55:00,1577.15,1581.9,1576.1,1581.2,841607
2024-06-12 10:05:00,1581.25,1582.2,1579.3,1579.9,976697
2024-06-12 10:15:00,1580.3,1585.15,1579.5,1585.1,1459881
2024-06-12 10:25:00,1584.95,1585.3,1582.4,1584.95,571636
2024-06-12 10:35:00,1584.85,1588.3,1583.7,1586.9,400330
2024-06-12 10:45:00,1586.5,1587.0,1584.3,1585.0,234437
2024-06-12 10:55:00,1585.3,1585.3,1581.85,1582.15,450324
2024-06-12 11:05:00,1582.15,1584.9,1581.6,1583.95,279887
2024-06-12 11:15:00,1583.95,1584.3,1582.15,1583.7,177575
2024-06-12 11:25:00,1583.75,1584.4,1579.2,1580.4,363081
2024-06-12 11:35:00,1580.55,1581.6,1579.0,1580.3,274706
2024-06-12 11:45:00,1580.3,1581.9,1580.0,1581.4,231591
2024-06-12 11:55:00,1581.4,1583.0,1581.0,1582.55,226771
2024-06-12 12:05:00,1582.6,1582.7,1579.45,1580.8,203921
2024-06-12 12:15:00,1580.8,1581.3,1579.6,1579.7,184116
2024-06-12 12:25:00,1579.75,1580.75,1578.2,1579.5,209740
2024-06-12 12:35:00,1579.5,1580.15,1577.8,1578.6,196444
2024-06-12 12:45:00,1578.6,1578.6,1573.95,1575.0,307144
2024-06-12 12:55:00,1574.95,1578.55,1574.75,1578.5,204905
2024-06-12 13:05:00,1578.5,1579.5,1576.2,1576.65,119470
2024-06-12 13:15:00,1576.65,1577.0,1575.1,1575.1,108103
2024-06-12 13:25:00,1575.7,1577.35,1573.8,1577.1,127336
2024-06-12 13:35:00,1577.1,1577.95,1574.4,1574.8,158661
2024-06-12 13:45:00,1574.8,1577.0,1573.0,1574.9,200563
2024-06-12 13:55:00,1574.75,1574.95,1572.7,1574.4,181283
2024-06-12 14:05:00,1574.35,1574.55,1571.1,1571.3,417780
2024-06-12 14:15:00,1571.3,1573.95,1571.15,1572.5,221647
2024-06-12 14:25:00,1572.5,1573.75,1571.55,1573.25,245890
2024-06-12 14:35:00,1573.7,1576.9,1573.3,1576.55,285892
2024-06-12 14:45:00,1576.9,1578.0,1575.75,1577.0,463793
2024-06-12 14:55:00,1577.05,1577.35,1570.55,1571.15,1029825
2024-06-12 15:05:00,1571.25,1577.55,1570.6,1575.35,2371135
2024-06-12 15:15:00,1575.1,1577.55,1571.6,1575.0,1663309
2024-06-12 15:25:00,1575.0,1576.8,1568.0,1568.0,774624
2024-06-13 09:15:00,1581.75,1585.7,1578.9,1584.05,856653
2024-06-13 09:25:00,1584.05,1584.05,1579.25,1579.25,291869
2024-06-13 09:35:00,1579.25,1579.95,1575.65,1576.6,334393
2024-06-13 09:45:00,1576.55,1578.4,1574.0,1578.3,378502
2024-06-13 09:55:00,1578.35,1583.4,1578.3,1582.85,593070
2024-06-13 10:05:00,1582.8,1583.5,1579.85,1580.8,233219
2024-06-13 10:15:00,1580.95,1581.0,1579.05,1580.05,149325
2024-06-13 10:25:00,1580.05,1581.0,1578.1,1580.35,197031
2024-06-13 10:35:00,1580.55,1582.75,1580.45,1581.2,249660
2024-06-13 10:45:00,1581.0,1582.35,1580.45,1581.95,372768
2024-06-13 10:55:00,1581.9,1583.35,1580.0,1582.85,507067
2024-06-13 11:05:00,1582.85,1585.0,1582.25,1583.0,478455
2024-06-13 11:15:00,1583.0,1583.95,1580.5,1581.9,372201
2024-06-13 11:25:00,1581.85,1583.0,1581.35,1582.0,118901
2024-06-13 11:35:00,1582.0,1583.5,1581.9,1583.0,74674
2024-06-13 11:45:00,1583.1,1585.0,1582.8,1584.95,179958
2024-06-13 11:55:00,1584.95,1585.0,1583.6,1583.85,111910
2024-06-13 12:05:00,1583.75,1584.0,1582.15,1582.75,110244
2024-06-13 12:15:00,1582.75,1583.5,1582.5,1583.3,90317
2024-06-13 12:25:00,1583.3,1585.0,1583.0,1584.35,141571
2024-06-13 12:35:00,1584.25,1584.5,1583.0,1584.0,123500
2024-06-13 12:45:00,1584.0,1584.4,1582.65,1583.7,137380
2024-06-13 12:55:00,1583.7,1583.85,1581.0,1582.45,156568
2024-06-13 13:05:00,1582.45,1583.75,1581.45,1583.15,103720
2024-06-13 13:15:00,1583.15,1584.0,1582.6,1583.55,134186
2024-06-13 13:25:00,1583.55,1584.0,1583.0,1583.65,134516
2024-06-13 13:35:00,1583.6,1584.5,1583.1,1583.4,155624
2024-06-13 13:45:00,1583.0,1584.45,1581.85,1584.35,484096
2024-06-13 13:55:00,1584.35,1584.9,1582.0,1582.35,345860
2024-06-13 14:05:00,1582.4,1583.95,1581.8,1583.8,283208
2024-06-13 14:15:00,1583.9,1583.9,1581.7,1582.35,218362
2024-06-13 14:25:00,1582.35,1583.0,1581.0,1581.3,290524
2024-06-13 14:35:00,1581.15,1583.65,1581.05,1583.65,294911
2024-06-13 14:45:00,1583.6,1584.2,1581.5,1581.9,469893
2024-06-13 14:55:00,1581.85,1582.7,1580.0,1580.25,728511
2024-06-13 15:05:00,1580.2,1581.1,1579.0,1579.4,853178
2024-06-13 15:15:00,1579.3,1584.25,1579.05,1582.85,912307
2024-06-13 15:25:00,1582.7,1583.0,1580.85,1581.2,193328
2024-06-14 09:15:00,1584.0,1591.0,1577.7,1582.25,1352154
2024-06-14 09:25:00,1582.25,1585.75,1582.0,1582.65,572479
2024-06-14 09:35:00,1582.7,1582.9,1579.05,1579.8,366453
2024-06-14 09:45:00,1579.8,1583.0,1579.2,1581.1,265411
2024-06-14 09:55:00,1580.95,1586.5,1580.95,1586.5,314060
2024-06-14 10:05:00,1586.45,1589.9,1585.55,1588.95,336329
2024-06-14 10:15:00,1588.55,1595.95,1588.35,1594.85,605069
2024-06-14 10:25:00,1594.75,1595.6,1592.75,1593.85,397220
2024-06-14 10:35:00,1593.85,1597.0,1592.75,1595.05,399587
2024-06-14 10:45:00,1595.0,1595.75,1593.0,1594.25,193263
2024-06-14 10:55:00,1594.25,1595.0,1592.9,1594.5,167123
2024-06-14 11:05:00,1594.5,1595.8,1593.85,1594.65,154680
2024-06-14 11:15:00,1594.65,1595.0,1593.6,1594.1,159973
2024-06-14 11:25:00,1594.1,1594.1,1591.2,1591.9,154300
2024-06-14 11:35:00,1591.7,1594.0,1591.45,1593.75,161203
2024-06-14 11:45:00,1593.75,1595.65,1592.85,1595.0,360714
2024-06-14 11:55:00,1595.05,1595.5,1594.25,1594.5,202907
2024-06-14 12:05:00,1594.5,1594.8,1592.0,1593.5,120419
2024-06-14 12:15:00,1593.5,1595.0,1592.95,1594.2,183495
2024-06-14 12:25:00,1594.35,1594.85,1593.15,1593.85,110996
2024-06-14 12:35:00,1593.85,1594.9,1593.45,1594.4,145530
2024-06-14 12:45:00,1594.6,1595.0,1593.05,1594.3,123868
2024-06-14 12:55:00,1594.3,1595.0,1593.05,1593.75,158914
2024-06-14 13:05:00,1593.75,1594.5,1593.0,1593.5,127182
2024-06-14 13:15:00,1593.5,1594.05,1592.7,1593.6,142791
2024-06-14 13:25:00,1593.55,1593.95,1592.1,1592.7,146897
2024-06-14 13:35:00,1592.7,1593.5,1592.0,1593.0,134997
2024-06-14 13:45:00,1593.0,1593.8,1591.75,1592.6,193768
2024-06-14 13:55:00,1592.55,1594.45,1591.75,1594.0,142008
2024-06-14 14:05:00,1594.0,1594.95,1593.5,1593.75,274427
2024-06-14 14:15:00,1593.9,1594.15,1592.4,1593.95,177499
2024-06-14 14:25:00,1593.85,1596.65,1593.25,1596.6,527010
2024-06-14 14:35:00,1596.6,1597.5,1594.55,1596.55,352854
2024-06-14 14:45:00,1596.55,1599.0,1596.4,1598.75,419282
2024-06-14 14:55:00,1598.75,1599.0,1597.1,1597.7,615915
2024-06-14 15:05:00,1597.75,1599.0,1594.55,1598.0,1162254
2024-06-14 15:15:00,1598.15,1598.75,1594.85,1595.5,806245
2024-06-14 15:25:00,1595.45,1596.95,1594.7,1595.6,374933
2024-06-18 09:15:00,1596.9,1598.5,1589.45,1591.05,1319287
2024-06-18 09:25:00,1590.85,1597.05,1590.1,1596.8,486894
2024-06-18 09:35:00,1596.65,1600.0,1595.0,1599.05,455722
2024-06-18 09:45:00,1599.1,1605.8,1598.95,1604.8,594290
2024-06-18 09:55:00,1604.8,1605.2,1601.55,1602.15,284284
2024-06-18 10:05:00,1602.6,1604.75,1601.8,1602.4,219891
2024-06-18 10:15:00,1602.45,1603.55,1600.0,1601.0,282059
2024-06-18 10:25:00,1600.95,1602.15,1599.5,1601.55,259571
2024-06-18 10:35:00,1601.9,1602.5,1599.7,1600.85,329766
2024-06-18 10:45:00,1600.85,1602.6,1600.65,1601.35,190324
2024-06-18 10:55:00,1601.2,1602.6,1600.35,1600.9,200081
2024-06-18 11:05:00,1600.9,1603.45,1600.4,1603.0,359347
2024-06-18 11:15:00,1603.0,1605.0,1602.7,1603.35,379829
2024-06-18 11:25:00,1603.6,1605.05,1602.85,1604.9,305416
2024-06-18 11:35:00,1604.9,1605.85,1604.05,1604.35,233444
2024-06-18 11:45:00,1604.4,1605.1,1602.25,1603.95,220060
2024-06-18 11:55:00,1603.95,1605.0,1603.5,1604.95,155902
2024-06-18 12:05:00,1604.9,1605.1,1604.0,1605.0,212130
2024-06-18 12:15:00,1604.95,1605.0,1603.0,1604.85,242237
2024-06-18 12:25:00,1604.85,1605.25,1603.5,1604.85,176337
2024-06-18 12:35:00,1604.85,1606.3,1604.2,1606.0,306716
2024-06-18 12:45:00,1605.6,1607.0,1605.45,1607.0,307346
2024-06-18 12:55:00,1607.0,1607.5,1606.35,1606.35,134486
2024-06-18 13:05:00,1606.45,1606.75,1605.5,1605.6,129656
2024-06-18 13:15:00,1605.5,1606.9,1605.15,1606.35,153408
2024-06-18 13:25:00,1606.4,1607.0,1605.0,1606.7,149117
2024-06-18 13:35:00,1606.6,1607.85,1606.45,1607.7,146315
2024-06-18 13:45:00,1607.7,1608.9,1607.65,1608.5,270155
2024-06-18 13:55:00,1608.5,1609.5,1607.85,1609.5,225553
2024-06-18 14:05:00,1609.5,1609.5,1607.55,1608.7,214504
2024-06-18 14:15:00,1608.7,1609.4,1608.25,1608.6,191022
2024-06-18 14:25:00,1608.6,1609.2,1607.0,1607.95,199723
2024-06-18 14:35:00,1607.75,1607.95,1603.45,1603.95,504527
2024-06-18 14:45:00,1604.0,1605.95,1603.6,1605.85,398642
2024-06-18 14:55:00,1605.9,1606.55,1604.4,1605.65,968343
2024-06-18 15:05:00,1605.7,1608.25,1604.5,1608.25,2043624
2024-06-18 15:15:00,1608.4,1610.5,1607.5,1609.9,2139131
2024-06-18 15:25:00,1609.75,1609.9,1608.0,1608.0,414660
2024-06-19 09:15:00,1613.4,1618.9,1604.0,1618.45,1077122
2024-06-19 09:25:00,1618.3,1619.45,1613.55,1617.2,966753
2024-06-19 09:35:00,1617.0,1620.0,1616.35,1619.5,1646148
2024-06-19 09:45:00,1619.6,1622.95,1616.65,1622.05,1817433
2024-06-19 09:55:00,1622.55,1628.95,1621.4,1626.35,2215879
2024-06-19 10:05:00,1626.8,1630.0,1625.05,1626.9,913385
2024-06-19 10:15:00,1626.5,1627.35,1622.3,1622.5,698233
2024-06-19 10:25:00,1622.45,1624.5,1616.7,1624.0,598990
2024-06-19 10:35:00,1623.5,1625.8,1619.85,1625.5,359969
2024-06-19 10:45:00,1625.5,1626.8,1622.8,1622.85,350388
2024-06-19 10:55:00,1623.35,1633.8,1622.5,1632.5,1346667
2024-06-19 11:05:00,1632.15,1632.8,1628.25,1630.0,450494
2024-06-19 11:15:00,1630.0,1631.1,1626.0,1627.45,491436
2024-06-19 11:25:00,1627.35,1630.6,1627.35,1629.75,309452
2024-06-19 11:35:00,1629.75,1632.0,1628.0,1631.0,291621
2024-06-19 11:45:00,1631.0,1632.45,1630.15,1632.05,212098
2024-06-19 11:55:00,1632.2,1632.45,1631.05,1632.2,178124
2024-06-19 12:05:00,1631.6,1634.4,1630.8,1634.4,401021
2024-06-19 12:15:00,1634.3,1636.0,1633.25,1634.95,604360
2024-06-19 12:25:00,1634.95,1637.5,1634.6,1637.3,318290
2024-06-19 12:35:00,1637.3,1640.5,1637.0,1638.95,880069
2024-06-19 12:45:00,1639.1,1640.7,1637.35,1640.15,849465
2024-06-19 12:55:00,1640.15,1640.55,1638.15,1638.6,301330
2024-06-19 13:05:00,1638.6,1639.75,1636.15,1637.45,609753
2024-06-19 13:15:00,1637.3,1639.6,1636.05,1636.65,886511
2024-06-19 13:25:00,1636.35,1643.05,1636.1,1643.05,1033403
2024-06-19 13:35:00,1642.8,1648.5,1642.45,1646.95,1387399
2024-06-19 13:45:00,1647.0,1649.25,1646.05,1648.0,916240
2024-06-19 13:55:00,1648.0,1658.7,1647.9,1656.0,1731331
2024-06-19 14:05:00,1656.15,1659.7,1655.9,1658.55,1212186
2024-06-19 14:15:00,1658.55,1663.5,1656.3,1663.15,1349257
2024-06-19 14:25:00,1663.25,1664.0,1659.25,1662.85,1437500
2024-06-19 14:35:00,1662.8,1666.45,1661.2,1664.95,1665593
2024-06-19 14:45:00,1665.0,1669.9,1661.55,1662.0,2198570
2024-06-19 14:55:00,1661.75,1661.9,1650.85,1657.35,3799950
2024-06-19 15:05:00,1657.2,1662.75,1651.0,1660.9,5103220
2024-06-19 15:15:00,1660.9,1662.25,1657.5,1660.85,3489777
2024-06-19 15:25:00,1660.8,1660.8,1656.35,1657.5,781276
2024-06-20 09:15:00,1669.8,1681.45,1660.15,1669.15,3965474
2024-06-20 09:25:00,1669.3,1677.45,1665.25,1668.05,1322109
2024-06-20 09:35:00,1668.05,1668.95,1662.35,1663.75,994561
2024-06-20 09:45:00,1663.75,1664.35,1654.25,1654.85,683684
2024-06-20 09:55:00,1654.85,1658.65,1652.0,1655.5,415066
2024-06-20 10:05:00,1655.5,1656.65,1653.5,1654.05,282453
2024-06-20 10:15:00,1654.05,1658.1,1652.15,1657.1,278504
2024-06-20 10:25:00,1657.0,1663.5,1656.45,1660.4,421278
2024-06-20 10:35:00,1660.2,1662.5,1658.3,1661.55,213694
2024-06-20 10:45:00,1661.55,1662.65,1660.1,1660.1,227126
2024-06-20 10:55:00,1660.4,1666.0,1659.0,1664.45,369207
2024-06-20 11:05:00,1664.25,1665.1,1661.4,1661.4,282100
2024-06-20 11:15:00,1661.75,1663.0,1660.25,1662.1,209897
2024-06-20 11:25:00,1662.1,1665.0,1661.25,1665.0,299667
2024-06-20 11:35:00,1665.0,1667.0,1664.05,1666.65,300365
2024-06-20 11:45:00,1666.7,1669.0,1666.0,1668.7,290340
2024-06-20 11:55:00,1668.7,1669.0,1666.5,1667.65,331443
2024-06-20 12:05:00,1667.7,1668.45,1665.45,1667.25,258007
2024-06-20 12:15:00,1667.15,1668.9,1665.9,1668.85,275472
2024-06-20 12:25:00,1668.85,1668.85,1664.35,1666.05,230847
2024-06-20 12:35:00,1666.25,1666.9,1664.25,1664.75,200756
2024-06-20 12:45:00,1664.55,1666.25,1662.95,1664.75,295964
2024-06-20 12:55:00,1664.8,1667.3,1664.45,1667.0,200759
2024-06-20 13:05:00,1667.0,1667.8,1665.35,1665.8,232859
2024-06-20 13:15:00,1665.8,1669.95,1665.0,1669.5,438631
2024-06-20 13:25:00,1669.5,1673.25,1669.3,1672.1,698737
2024-06-20 13:35:00,1672.1,1672.5,1667.65,1671.55,592111
2024-06-20 13:45:00,1671.4,1672.6,1668.55,1669.0,362686
2024-06-20 13:55:00,1668.85,1670.0,1664.15,1667.95,346299
2024-06-20 14:05:00,1667.95,1670.0,1665.95,1669.8,298405
2024-06-20 14:15:00,1669.95,1671.65,1668.45,1670.15,379356
2024-06-20 14:25:00,1670.15,1671.7,1667.85,1668.4,399764
2024-06-20 14:35:00,1668.3,1671.4,1668.15,1671.3,566910
2024-06-20 14:45:00,1671.3,1672.15,1668.6,1669.4,551660
2024-06-20 14:55:00,1669.4,1670.5,1666.05,1670.1,758585
2024-06-20 15:05:00,1670.3,1670.85,1668.45,1669.5,1067942
2024-06-20 15:15:00,1669.5,1670.0,1668.25,1669.0,913441
2024-06-20 15:25:00,1668.95,1669.0,1666.55,1667.3,340643
2024-06-21 09:15:00,1672.85,1672.85,1654.4,1656.0,1279662
2024-06-21 09:25:00,1656.55,1658.55,1655.05,1656.4,498584
2024-06-21 09:35:00,1656.3,1657.15,1647.2,1648.15,584870
2024-06-21 09:45:00,1648.1,1651.8,1646.55,1651.0,543728
2024-06-21 09:55:00,1651.0,1653.3,1650.25,1650.8,364448
2024-06-21 10:05:00,1650.7,1651.9,1648.0,1648.2,326652
2024-06-21 10:15:00,1648.25,1649.9,1648.0,1648.75,303018
2024-06-21 10:25:00,1648.6,1649.8,1648.25,1649.0,213420
2024-06-21 10:35:00,1649.45,1650.9,1647.5,1649.55,411772
2024-06-21 10:45:00,1649.5,1649.6,1644.85,1646.45,616158
2024-06-21 10:55:00,1646.45,1647.75,1645.15,1645.85,360622
2024-06-21 11:05:00,1646.15,1648.45,1645.5,1646.1,408897
2024-06-21 11:15:00,1646.25,1647.35,1645.0,1646.05,374500
2024-06-21 11:25:00,1646.15,1646.5,1643.15,1645.4,348930
2024-06-21 11:35:00,1645.25,1648.7,1644.7,1647.3,242307
2024-06-21 11:45:00,1647.2,1648.3,1645.4,1647.9,182184
2024-06-21 11:55:00,1647.9,1651.55,1647.65,1650.85,249299
2024-06-21 12:05:00,1651.15,1653.75,1650.1,1651.0,217477
2024-06-21 12:15:00,1651.0,1653.5,1650.05,1651.7,223047
2024-06-21 12:25:00,1651.7,1652.3,1649.95,1650.2,195495
2024-06-21 12:35:00,1650.1,1650.7,1646.1,1647.05,504150
2024-06-21 12:45:00,1647.1,1649.6,1645.7,1648.7,387415
2024-06-21 12:55:00,1648.95,1650.0,1648.0,1648.6,181486
2024-06-21 13:05:00,1648.6,1648.65,1643.55,1645.0,217470
2024-06-21 13:15:00,1645.0,1647.6,1644.0,1646.6,312897
2024-06-21 13:25:00,1647.15,1650.5,1646.4,1649.4,282386
2024-06-21 13:35:00,1649.4,1652.0,1648.85,1651.9,187474
2024-06-21 13:45:00,1651.9,1657.95,1651.85,1657.9,400223
2024-06-21 13:55:00,1657.95,1664.9,1657.0,1664.2,501447
2024-06-21 14:05:00,1664.5,1667.1,1661.4,1661.5,825628
2024-06-21 14:15:00,1661.5,1662.9,1652.95,1653.0,345228
2024-06-21 14:25:00,1653.0,1654.9,1647.55,1651.1,550312
2024-06-21 14:35:00,1651.0,1654.9,1648.0,1654.1,510808
2024-06-21 14:45:00,1653.7,1660.0,1653.7,1659.75,629017
2024-06-21 14:55:00,1659.75,1669.5,1657.3,1668.55,3123112
2024-06-21 15:05:00,1668.55,1669.7,1665.0,1667.3,4243712
2024-06-21 15:15:00,1667.4,1667.4,1662.9,1663.55,3228008
2024-06-21 15:25:00,1663.95,1664.1,1659.0,1661.65,1098402
2024-06-24 09:15:00,1647.0,1656.0,1645.75,1652.8,1209298
2024-06-24 09:25:00,1652.75,1653.75,1647.4,1649.75,494124
2024-06-24 09:35:00,1649.7,1650.6,1647.2,1649.0,307125
2024-06-24 09:45:00,1649.0,1651.9,1647.75,1649.4,290848
2024-06-24 09:55:00,1649.6,1651.9,1649.25,1651.1,193978
2024-06-24 10:05:00,1651.2,1654.95,1650.8,1654.65,290283
2024-06-24 10:15:00,1654.6,1657.2,1652.65,1655.2,246034
2024-06-24 10:25:00,1655.15,1658.2,1653.7,1657.8,262784
2024-06-24 10:35:00,1657.65,1660.85,1655.4,1660.0,309641
2024-06-24 10:45:00,1660.1,1663.0,1658.55,1661.4,311814
2024-06-24 10:55:00,1661.4,1671.0,1658.75,1668.7,844608
2024-06-24 11:05:00,1668.2,1671.25,1665.0,1665.35,341569
2024-06-24 11:15:00,1665.35,1675.1,1664.5,1671.0,687298
2024-06-24 11:25:00,1670.85,1672.95,1669.75,1671.25,519981
2024-06-24 11:35:00,1670.85,1671.0,1665.7,1666.5,213574
2024-06-24 11:45:00,1666.45,1671.0,1665.7,1670.0,205168
2024-06-24 11:55:00,1670.0,1670.45,1668.25,1669.55,123122
2024-06-24 12:05:00,1669.55,1670.0,1668.5,1669.3,102149
2024-06-24 12:15:00,1669.35,1670.15,1668.1,1668.75,174406
2024-06-24 12:25:00,1668.8,1670.35,1668.65,1669.75,216737
2024-06-24 12:35:00,1669.9,1670.2,1667.0,1667.55,280267
2024-06-24 12:45:00,1667.1,1670.3,1667.1,1670.3,182801
2024-06-24 12:55:00,1670.3,1670.3,1669.0,1670.1,204437
2024-06-24 13:05:00,1670.1,1673.0,1670.0,1672.45,241904
2024-06-24 13:15:00,1672.5,1672.5,1669.75,1671.4,242231
2024-06-24 13:25:00,1671.25,1673.7,1669.55,1669.55,327685
2024-06-24 13:35:00,1669.6,1671.7,1669.55,1670.5,143191
2024-06-24 13:45:00,1670.6,1674.5,1670.35,1671.7,328583
2024-06-24 13:55:00,1671.7,1672.25,1669.55,1669.8,194716
2024-06-24 14:05:00,1669.75,1669.95,1667.05,1668.3,275786
2024-06-24 14:15:00,1668.35,1669.05,1666.15,1668.8,236582
2024-06-24 14:25:00,1668.8,1670.95,1668.8,1669.35,292338
2024-06-24 14:35:00,1669.65,1670.95,1669.0,1670.8,290006
2024-06-24 14:45:00,1670.8,1670.8,1667.1,1668.65,405124
2024-06-24 14:55:00,1668.65,1671.85,1667.8,1670.8,639475
2024-06-24 15:05:00,1670.8,1674.75,1669.05,1674.3,1007489
2024-06-24 15:15:00,1674.45,1675.0,1672.45,1674.4,983406
2024-06-24 15:25:00,1675.0,1675.0,1671.0,1671.75,295827
2024-06-25 09:15:00,1671.1,1689.9,1674.85,1687.15,1610676
2024-06-25 09:25:00,1687.0,1689.95,1684.8,1687.45,910180
2024-06-25 09:35:00,1687.45,1689.0,1684.05,1687.6,526558
2024-06-25 09:45:00,1687.45,1692.15,1686.55,1687.9,876301
2024-06-25 09:55:00,1687.25,1689.85,1686.3,1689.65,349498
2024-06-25 10:05:00,1689.75,1692.0,1688.45,1691.4,426485
2024-06-25 10:15:00,1691.05,1694.75,1690.7,1693.9,429102
2024-06-25 10:25:00,1694.35,1695.35,1691.35,1695.35,538702
2024-06-25 10:35:00,1695.2,1695.5,1693.25,1693.85,365092
2024-06-25 10:45:00,1693.9,1697.7,1693.7,1696.3,597969
2024-06-25 10:55:00,1696.4,1699.8,1695.7,1698.95,850563
2024-06-25 11:05:00,1698.3,1699.7,1697.0,1698.0,603617
2024-06-25 11:15:00,1697.5,1698.1,1692.95,1696.4,806243
2024-06-25 11:25:00,1696.6,1697.0,1693.2,1696.5,402059
2024-06-25 11:35:00,1696.5,1697.95,1695.15,1696.75,317179
2024-06-25 11:45:00,1696.75,1697.95,1695.0,1695.1,329187
2024-06-25 11:55:00,1695.1,1697.0,1693.05,1695.9,377404
2024-06-25 12:05:00,1695.9,1698.7,1695.05,1697.8,609324
2024-06-25 12:15:00,1698.0,1699.0,1697.45,1697.7,403444
2024-06-25 12:25:00,1698.1,1708.6,1697.85,1707.8,2613981
2024-06-25 12:35:00,1707.55,1710.0,1706.0,1707.4,1144204
2024-06-25 12:45:00,1707.4,1711.0,1706.1,1709.85,887915
2024-06-25 12:55:00,1709.85,1710.0,1707.2,1708.0,802982
2024-06-25 13:05:00,1708.2,1713.45,1707.85,1712.75,740236
2024-06-25 13:15:00,1712.25,1715.0,1711.5,1714.35,927348
2024-06-25 13:25:00,1714.35,1715.0,1711.25,1714.15,1044846
2024-06-25 13:35:00,1714.35,1716.95,1714.0,1716.0,941750
2024-06-25 13:45:00,1716.2,1716.8,1709.95,1712.95,1217210
2024-06-25 13:55:00,1713.4,1713.45,1708.0,1711.15,1597717
2024-06-25 14:05:00,1711.05,1715.25,1710.8,1712.45,1142818
2024-06-25 14:15:00,1712.65,1712.95,1708.9,1709.25,1012147
2024-06-25 14:25:00,1709.3,1714.3,1706.9,1713.95,1061074
2024-06-25 14:35:00,1713.7,1715.7,1711.5,1715.45,1136318
2024-06-25 14:45:00,1714.95,1716.5,1712.45,1712.7,1213256
2024-06-25 14:55:00,1713.1,1714.3,1710.35,1711.6,2244135
2024-06-25 15:05:00,1711.7,1712.6,1708.25,1711.1,3348199
2024-06-25 15:15:00,1711.1,1715.45,1710.15,1712.3,2284821
2024-06-25 15:25:00,1712.3,1712.5,1706.25,1707.0,411361
2024-06-26 09:15:00,1707.95,1707.95,1694.0,1695.35,1307044
2024-06-26 09:25:00,1695.45,1700.85,1694.2,1697.2,765474
2024-06-26 09:35:00,1697.0,1700.05,1694.0,1694.05,495083
2024-06-26 09:45:00,1693.35,1698.45,1691.1,1697.65,542625
2024-06-26 09:55:00,1698.0,1698.15,1694.55,1694.65,462566
2024-06-26 10:05:00,1694.7,1696.5,1693.25,1695.0,293782
2024-06-26 10:15:00,1695.0,1702.0,1695.0,1698.75,418258
2024-06-26 10:25:00,1698.8,1699.7,1696.8,1697.35,242703
2024-06-26 10:35:00,1697.4,1700.25,1696.25,1699.45,384931
2024-06-26 10:45:00,1699.3,1701.7,1698.35,1701.45,420613
2024-06-26 10:55:00,1701.4,1705.9,1700.05,1703.1,812577
2024-06-26 11:05:00,1703.25,1704.9,1701.5,1703.0,539922
2024-06-26 11:15:00,1702.65,1703.9,1700.0,1703.6,505228
2024-06-26 11:25:00,1703.55,1706.25,1702.4,1704.75,687917
2024-06-26 11:35:00,1705.0,1707.0,1703.45,1705.0,987462
2024-06-26 11:45:00,1705.15,1706.4,1704.35,1704.95,260798
2024-06-26 11:55:00,1704.95,1707.7,1704.25,1704.9,379408
2024-06-26 12:05:00,1704.95,1709.4,1704.1,1707.85,324397
2024-06-26 12:15:00,1708.05,1710.9,1707.8,1709.3,908829
2024-06-26 12:25:00,1709.55,1710.7,1706.1,1707.8,349874
2024-06-26 12:35:00,1707.8,1710.0,1707.5,1709.25,229736
2024-06-26 12:45:00,1709.25,1709.55,1707.1,1709.15,309963
2024-06-26 12:55:00,1709.15,1709.5,1703.25,1704.55,234175
2024-06-26 13:05:00,1704.75,1708.5,1704.7,1706.85,237798
2024-06-26 13:15:00,1706.85,1708.55,1706.85,1707.95,298719
2024-06-26 13:25:00,1707.9,1708.5,1706.35,1707.25,458503
2024-06-26 13:35:00,1707.25,1707.85,1702.7,1703.45,305480
2024-06-26 13:45:00,1703.2,1706.95,1703.2,1705.55,225794
2024-06-26 13:55:00,1705.55,1709.0,1705.4,1707.8,239924
2024-06-26 14:05:00,1707.85,1710.45,1707.75,1709.0,609748
2024-06-26 14:15:00,1709.05,1709.6,1706.0,1707.9,343682
2024-06-26 14:25:00,1707.65,1708.25,1705.95,1706.65,395754
2024-06-26 14:35:00,1706.65,1707.55,1703.05,1703.85,656198
2024-06-26 14:45:00,1703.9,1706.05,1703.0,1705.75,1131968
2024-06-26 14:55:00,1705.7,1707.0,1703.25,1704.2,1362655
2024-06-26 15:05:00,1704.15,1705.9,1700.0,1701.15,2604861
2024-06-26 15:15:00,1701.15,1701.6,1694.85,1696.3,2287948
2024-06-26 15:25:00,1696.3,1699.0,1693.35,1693.5,400270
2024-06-27 09:15:00,1696.1,1699.75,1689.1,1698.3,1143813
2024-06-27 09:25:00,1698.35,1699.8,1692.8,1693.5,398545
2024-06-27 09:35:00,1693.5,1697.8,1693.5,1695.55,364264
2024-06-27 09:45:00,1695.7,1704.35,1695.55,1703.95,794516
2024-06-27 09:55:00,1704.35,1713.0,1702.8,1712.15,802165
2024-06-27 10:05:00,1712.05,1712.75,1707.35,1708.05,621445
2024-06-27 10:15:00,1708.0,1708.65,1700.25,1700.55,551337
2024-06-27 10:25:00,1700.9,1701.65,1690.35,1692.45,908454
2024-06-27 10:35:00,1692.35,1692.85,1689.4,1690.0,660836
2024-06-27 10:45:00,1690.0,1694.1,1686.6,1691.55,696222
2024-06-27 10:55:00,1691.55,1694.4,1687.1,1688.15,435590
2024-06-27 11:05:00,1688.1,1695.6,1688.0,1695.25,309527
2024-06-27 11:15:00,1695.25,1696.0,1693.1,1695.0,280546
2024-06-27 11:25:00,1695.0,1696.75,1694.45,1695.5,233928
2024-06-27 11:35:00,1695.4,1695.5,1693.55,1695.0,543089
2024-06-27 11:45:00,1695.0,1695.4,1694.3,1694.95,398356
2024-06-27 11:55:00,1694.95,1696.15,1694.6,1696.0,315319
2024-06-27 12:05:00,1696.0,1696.1,1694.55,1695.0,882730
2024-06-27 12:15:00,1694.95,1703.2,1694.95,1702.9,621950
2024-06-27 12:25:00,1702.95,1702.95,1698.05,1701.85,270959
2024-06-27 12:35:00,1701.85,1703.0,1700.3,1701.5,231645
2024-06-27 12:45:00,1701.5,1702.05,1696.45,1697.25,769051
2024-06-27 12:55:00,1697.35,1699.0,1694.25,1698.85,408383
2024-06-27 13:05:00,1698.9,1700.55,1697.9,1700.1,205372
2024-06-27 13:15:00,1700.1,1703.4,1699.15,1702.8,341767
2024-06-27 13:25:00,1702.8,1702.95,1698.65,1699.95,313844
2024-06-27 13:35:00,1700.0,1702.95,1698.6,1702.55,372530
2024-06-27 13:45:00,1702.3,1702.75,1699.2,1701.35,331984
2024-06-27 13:55:00,1701.45,1704.15,1699.3,1700.3,366424
2024-06-27 14:05:00,1700.4,1701.2,1698.25,1700.7,373944
2024-06-27 14:15:00,1700.7,1702.55,1700.0,1700.2,549660
2024-06-27 14:25:00,1700.15,1701.15,1697.4,1699.8,586904
2024-06-27 14:35:00,1699.7,1706.4,1698.9,1706.35,871728
2024-06-27 14:45:00,1706.3,1708.5,1704.5,1707.35,793531
2024-06-27 14:55:00,1707.3,1707.85,1691.7,1693.1,2756413
2024-06-27 15:05:00,1693.15,1697.1,1693.0,1693.85,3459779
2024-06-27 15:15:00,1693.85,1698.8,1693.85,1695.85,2533612
2024-06-27 15:25:00,1695.85,1698.05,1695.65,1696.0,649798
2024-06-28 09:15:00,1697.6,1706.6,1697.0,1704.4,820729
2024-06-28 09:25:00,1704.35,1706.15,1696.6,1702.3,413298
2024-06-28 09:35:00,1702.45,1704.8,1700.0,1701.2,258250
2024-06-28 09:45:00,1701.2,1702.0,1699.0,1700.6,285839
2024-06-28 09:55:00,1700.15,1702.45,1696.15,1701.45,277785
2024-06-28 10:05:00,1701.45,1704.0,1701.2,1702.85,207381
2024-06-28 10:15:00,1702.3,1703.25,1699.5,1703.0,202934
2024-06-28 10:25:00,1702.95,1704.0,1701.75,1702.35,196669
2024-06-28 10:35:00,1702.35,1703.5,1701.05,1702.2,190564
2024-06-28 10:45:00,1702.35,1702.7,1700.2,1700.6,164490
2024-06-28 10:55:00,1700.65,1701.3,1698.25,1700.05,165184
2024-06-28 11:05:00,1700.15,1700.25,1697.0,1697.7,181243
2024-06-28 11:15:00,1697.7,1698.65,1691.55,1697.8,321292
2024-06-28 11:25:00,1697.8,1699.9,1694.4,1697.9,243513
2024-06-28 11:35:00,1697.85,1700.9,1697.85,1700.7,217303
2024-06-28 11:45:00,1700.6,1701.7,1699.5,1701.45,165157
2024-06-28 11:55:00,1701.45,1702.0,1700.05,1701.75,152115
2024-06-28 12:05:00,1701.75,1701.8,1699.0,1700.0,113069
2024-06-28 12:15:00,1699.95,1700.5,1692.45,1695.4,312439
2024-06-28 12:25:00,1695.4,1695.4,1690.0,1690.85,252745
2024-06-28 12:35:00,1690.85,1693.7,1690.3,1693.0,253145
2024-06-28 12:45:00,1693.0,1695.0,1689.25,1690.95,170356
2024-06-28 12:55:00,1691.0,1693.6,1690.2,1691.05,149214
2024-06-28 13:05:00,1691.05,1691.9,1686.65,1688.65,174114
2024-06-28 13:15:00,1688.65,1690.85,1687.05,1687.9,179544
2024-06-28 13:25:00,1687.9,1691.45,1686.9,1690.3,210804
2024-06-28 13:35:00,1690.3,1694.5,1688.9,1692.0,328319
2024-06-28 13:45:00,1692.0,1695.0,1691.75,1693.6,200286
2024-06-28 13:55:00,1693.55,1695.8,1691.15,1695.4,197027
2024-06-28 14:05:00,1695.05,1697.75,1694.2,1696.0,191655
2024-06-28 14:15:00,1695.95,1696.9,1693.3,1693.8,167302
2024-06-28 14:25:00,1693.8,1694.25,1685.35,1686.4,389508
2024-06-28 14:35:00,1686.5,1689.8,1684.55,1688.7,453460
2024-06-28 14:45:00,1688.65,1691.65,1688.65,1690.35,296888
2024-06-28 14:55:00,1690.35,1691.25,1683.5,1684.55,916427
2024-06-28 15:05:00,1684.55,1687.9,1680.5,1681.05,1452224
2024-06-28 15:15:00,1681.05,1683.75,1679.0,1682.85,1395065
2024-06-28 15:25:00,1682.8,1686.4,1682.35,1685.0,436949
2024-07-01 09:15:00,1680.0,1688.85,1680.0,1683.5,654729
2024-07-01 09:25:00,1683.5,1691.7,1683.1,1689.0,456188
2024-07-01 09:35:00,1688.75,1698.8,1688.05,1696.55,399495
2024-07-01 09:45:00,1697.2,1698.0,1693.05,1697.45,295421
2024-07-01 09:55:00,1697.45,1697.5,1694.05,1695.25,296536
2024-07-01 10:05:00,1695.25,1698.25,1693.95,1694.4,288818
2024-07-01 10:15:00,1694.4,1696.9,1694.4,1696.8,208838
2024-07-01 10:25:00,1696.65,1697.8,1695.8,1697.45,159300
2024-07-01 10:35:00,1697.45,1698.7,1695.85,1696.25,240721
2024-07-01 10:45:00,1696.0,1697.95,1694.5,1697.45,169846
2024-07-01 10:55:00,1697.4,1697.4,1695.7,1696.6,117872
2024-07-01 11:05:00,1696.55,1698.5,1696.0,1696.65,129890
2024-07-01 11:15:00,1696.35,1701.5,1696.35,1701.0,302915
2024-07-01 11:25:00,1700.85,1702.0,1699.1,1699.95,187834
2024-07-01 11:35:00,1699.9,1701.65,1698.4,1701.0,147927
2024-07-01 11:45:00,1701.0,1703.85,1700.35,1700.95,173936
2024-07-01 11:55:00,1700.95,1702.0,1700.0,1701.4,142591
2024-07-01 12:05:00,1701.4,1701.55,1700.0,1700.5,119087
2024-07-01 12:15:00,1700.5,1702.25,1700.1,1702.25,138714
2024-07-01 12:25:00,1702.35,1702.7,1700.0,1701.95,140372
2024-07-01 12:35:00,1701.95,1702.45,1700.3,1701.0,177205
2024-07-01 12:45:00,1701.0,1701.25,1700.05,1700.9,138854
2024-07-01 12:55:00,1700.9,1701.35,1700.45,1701.0,201665
2024-07-01 13:05:00,1700.95,1703.5,1700.95,1702.7,188380
2024-07-01 13:15:00,1702.8,1705.0,1702.25,1703.6,255501
2024-07-01 13:25:00,1703.6,1705.0,1701.6,1704.05,300391
2024-07-01 13:35:00,1704.25,1707.0,1704.2,1706.5,274948
2024-07-01 13:45:00,1706.5,1706.85,1704.9,1706.6,207652
2024-07-01 13:55:00,1706.4,1706.8,1703.05,1703.55,285352
2024-07-01 14:05:00,1704.0,1705.2,1702.5,1704.85,327678
2024-07-01 14:15:00,1704.8,1705.95,1703.95,1705.65,339429
2024-07-01 14:25:00,1705.5,1706.2,1704.1,1704.55,442570
2024-07-01 14:35:00,1704.5,1705.9,1703.1,1704.05,361490
2024-07-01 14:45:00,1704.45,1707.0,1703.05,1706.2,390211
2024-07-01 14:55:00,1706.9,1706.9,1702.9,1704.95,414702
2024-07-01 15:05:00,1704.95,1706.25,1703.45,1705.65,511953
2024-07-01 15:15:00,1705.4,1707.3,1703.45,1705.2,624099
2024-07-01 15:25:00,1705.2,1706.0,1703.05,1705.0,173734
2024-07-02 09:15:00,1715.0,1723.5,1711.75,1721.05,1331884
2024-07-02 09:25:00,1720.85,1723.0,1708.55,1711.9,972950
2024-07-02 09:35:00,1711.8,1713.8,1705.8,1705.85,880040
2024-07-02 09:45:00,1705.9,1717.25,1702.75,1715.85,1278323
2024-07-02 09:55:00,1715.65,1719.4,1714.25,1718.0,1022513
2024-07-02 10:05:00,1717.75,1720.45,1715.0,1715.3,852963
2024-07-02 10:15:00,1715.3,1719.45,1714.4,1718.85,625393
2024-07-02 10:25:00,1718.3,1718.85,1712.15,1712.15,236423
2024-07-02 10:35:00,1712.5,1716.55,1712.25,1715.3,192162
2024-07-02 10:45:00,1715.4,1718.0,1714.45,1716.15,205942
2024-07-02 10:55:00,1716.45,1718.95,1715.8,1718.2,251356
2024-07-02 11:05:00,1718.25,1721.0,1717.45,1720.55,407823
2024-07-02 11:15:00,1720.95,1724.35,1720.5,1721.9,451963
2024-07-02 11:25:00,1722.0,1724.0,1721.3,1722.85,254539
2024-07-02 11:35:00,1723.0,1723.55,1712.2,1714.0,665758
2024-07-02 11:45:00,1714.05,1724.0,1713.55,1723.95,849127
2024-07-02 11:55:00,1723.95,1726.75,1723.8,1726.0,758571
2024-07-02 12:05:00,1726.5,1728.65,1722.4,1728.2,363422
2024-07-02 12:15:00,1728.15,1729.85,1726.75,1728.4,378438
2024-07-02 12:25:00,1728.65,1729.95,1728.1,1728.7,238456
2024-07-02 12:35:00,1728.85,1729.6,1725.9,1728.1,348075
2024-07-02 12:45:00,1728.1,1729.6,1727.2,1729.5,323058
2024-07-02 12:55:00,1729.5,1730.0,1727.9,1729.45,475135
2024-07-02 13:05:00,1729.4,1733.6,1726.7,1733.6,594365
2024-07-02 13:15:00,1733.0,1734.9,1731.6,1734.2,397521
2024-07-02 13:25:00,1734.25,1734.7,1729.65,1729.65,484734
2024-07-02 13:35:00,1729.75,1733.5,1729.5,1731.15,433899
2024-07-02 13:45:00,1731.1,1731.55,1726.25,1726.25,550287
2024-07-02 13:55:00,1726.25,1726.85,1722.3,1723.95,482126
2024-07-02 14:05:00,1723.8,1724.25,1719.0,1721.55,537268
2024-07-02 14:15:00,1721.7,1725.4,1720.05,1725.3,623263
2024-07-02 14:25:00,1725.3,1729.4,1723.6,1728.3,348362
2024-07-02 14:35:00,1728.4,1729.0,1725.4,1726.15,612027
2024-07-02 14:45:00,1726.0,1728.45,1723.8,1727.35,728419
2024-07-02 14:55:00,1727.4,1731.75,1727.05,1730.5,1029766
2024-07-02 15:05:00,1730.45,1732.85,1729.15,1732.75,1082559
2024-07-02 15:15:00,1732.9,1733.0,1729.0,1729.45,855761
2024-07-02 15:25:00,1729.45,1730.0,1727.0,1728.0,272294
2024-07-03 09:15:00,1791.0,1794.0,1770.05,1778.1,14280881
2024-07-03 09:25:00,1778.2,1778.5,1768.1,1774.35,5442176
2024-07-03 09:35:00,1774.4,1778.5,1772.7,1776.75,2635669
2024-07-03 09:45:00,1776.8,1783.9,1775.0,1783.4,1699885
2024-07-03 09:55:00,1783.25,1784.0,1778.5,1781.65,1777159
2024-07-03 10:05:00,1781.7,1786.0,1781.25,1784.05,1387830
2024-07-03 10:15:00,1784.0,1785.45,1780.1,1780.75,1046882
2024-07-03 10:25:00,1780.5,1788.8,1780.4,1785.15,1155991
2024-07-03 10:35:00,1785.45,1787.5,1784.65,1787.1,836734
2024-07-03 10:45:00,1787.0,1789.8,1786.0,1788.8,781379
2024-07-03 10:55:00,1788.75,1790.15,1786.15,1789.3,1285112
2024-07-03 11:05:00,1789.35,1789.55,1785.0,1785.55,592694
2024-07-03 11:15:00,1785.65,1789.4,1785.0,1785.05,599612
2024-07-03 11:25:00,1785.1,1786.7,1783.05,1785.75,563802
2024-07-03 11:35:00,1785.8,1786.75,1783.9,1785.25,429791
2024-07-03 11:45:00,1785.3,1785.85,1783.45,1783.8,408068
2024-07-03 11:55:00,1784.0,1784.8,1782.55,1782.55,370369
2024-07-03 12:05:00,1782.6,1783.35,1779.5,1781.55,859465
2024-07-03 12:15:00,1781.5,1781.55,1778.6,1780.0,701312
2024-07-03 12:25:00,1780.0,1780.0,1776.1,1779.0,731456
2024-07-03 12:35:00,1779.05,1779.3,1775.3,1776.1,726909
2024-07-03 12:45:00,1776.0,1777.7,1775.15,1775.4,539319
2024-07-03 12:55:00,1775.4,1775.65,1771.75,1775.25,591561
2024-07-03 13:05:00,1775.25,1775.6,1772.75,1774.2,1389238
2024-07-03 13:15:00,1774.2,1774.6,1772.3,1772.9,736739
2024-07-03 13:25:00,1772.9,1773.55,1771.0,1771.35,513863
2024-07-03 13:35:00,1771.35,1771.9,1770.5,1771.0,543206
2024-07-03 13:45:00,1771.0,1774.4,1770.95,1774.15,732885
2024-07-03 13:55:00,1774.35,1775.55,1769.5,1769.6,973678
2024-07-03 14:05:00,1769.75,1771.1,1769.0,1770.0,1035222
2024-07-03 14:15:00,1770.05,1770.05,1768.0,1768.35,941617
2024-07-03 14:25:00,1768.35,1768.9,1765.05,1765.45,912581
2024-07-03 14:35:00,1765.5,1770.65,1765.45,1769.75,1428808
2024-07-03 14:45:00,1769.65,1769.85,1766.9,1768.4,1208008
2024-07-03 14:55:00,1768.4,1770.5,1766.9,1768.7,1967000
2024-07-03 15:05:00,1768.65,1770.7,1764.65,1770.25,3334185
2024-07-03 15:15:00,1770.2,1770.2,1767.65,1767.95,3203970
2024-07-03 15:25:00,1768.05,1769.0,1767.0,1768.4,1049420
2024-07-04 09:15:00,1759.75,1759.75,1739.85,1742.6,3295918
2024-07-04 09:25:00,1742.95,1745.45,1740.95,1742.7,679465
2024-07-04 09:35:00,1742.25,1745.15,1738.3,1744.95,1047655
2024-07-04 09:45:00,1745.0,1745.7,1740.3,1743.5,612890
2024-07-04 09:55:00,1743.45,1744.8,1741.25,1742.15,878921
2024-07-04 10:05:00,1742.1,1744.1,1741.8,1743.45,295624
2024-07-04 10:15:00,1743.5,1744.6,1736.4,1737.9,522761
2024-07-04 10:25:00,1737.85,1740.0,1734.0,1734.3,640963
2024-07-04 10:35:00,1734.3,1735.5,1733.6,1735.4,399401
2024-07-04 10:45:00,1735.4,1735.7,1731.55,1731.75,449290
2024-07-04 10:55:00,1731.75,1733.3,1731.2,1732.55,436825
2024-07-04 11:05:00,1732.55,1732.55,1731.0,1731.75,267371
2024-07-04 11:15:00,1731.75,1731.85,1729.1,1729.95,627389
2024-07-04 11:25:00,1729.95,1731.0,1728.35,1729.4,469239
2024-07-04 11:35:00,1729.4,1731.0,1728.3,1730.0,346576
2024-07-04 11:45:00,1730.0,1731.0,1729.5,1731.0,235907
2024-07-04 11:55:00,1730.95,1731.0,1729.6,1730.75,273316
2024-07-04 12:05:00,1730.75,1731.75,1727.35,1728.75,630283
2024-07-04 12:15:00,1728.65,1730.45,1728.6,1729.75,412470
2024-07-04 12:25:00,1729.75,1730.65,1729.1,1730.0,316421
2024-07-04 12:35:00,1729.95,1730.95,1729.9,1730.5,314686
2024-07-04 12:45:00,1730.5,1731.9,1730.1,1731.45,311709
2024-07-04 12:55:00,1731.4,1732.0,1730.85,1731.95,295539
2024-07-04 13:05:00,1732.0,1732.75,1729.9,1731.55,835667
2024-07-04 13:15:00,1731.55,1732.0,1729.0,1729.05,748331
2024-07-04 13:25:00,1729.05,1730.0,1727.85,1728.8,274681
2024-07-04 13:35:00,1728.75,1730.05,1728.2,1728.7,295106
2024-07-04 13:45:00,1728.7,1729.9,1728.0,1729.55,216024
2024-07-04 13:55:00,1729.6,1729.8,1728.8,1729.15,190947
2024-07-04 14:05:00,1729.2,1730.45,1729.1,1729.1,359434
2024-07-04 14:15:00,1729.15,1730.0,1727.0,1729.95,379006
2024-07-04 14:25:00,1730.0,1732.0,1729.0,1731.9,526334
2024-07-04 14:35:00,1731.9,1731.95,1729.3,1730.05,1208570
2024-07-04 14:45:00,1730.2,1730.6,1729.4,1729.75,305421
2024-07-04 14:55:00,1729.95,1730.5,1729.3,1730.0,456023
2024-07-04 15:05:00,1730.0,1730.0,1725.8,1727.3,1206019
2024-07-04 15:15:00,1727.25,1727.5,1724.85,1726.2,1222021
2024-07-04 15:25:00,1726.2,1728.0,1726.0,1728.0,317195
2024-07-05 09:15:00,1685.0,1685.0,1665.7,1669.3,6388654
2024-07-05 09:25:00,1669.5,1671.05,1660.1,1666.6,2534893
2024-07-05 09:35:00,1666.6,1666.9,1662.55,1663.1,1448026
2024-07-05 09:45:00,1663.1,1663.75,1655.25,1655.25,1778139
2024-07-05 09:55:00,1655.8,1660.2,1654.0,1659.65,1473187
2024-07-05 10:05:00,1659.7,1660.5,1655.15,1658.65,1118842
2024-07-05 10:15:00,1658.4,1658.45,1651.3,1652.85,1511640
2024-07-05 10:25:00,1652.75,1653.4,1647.9,1648.35,1354597
2024-07-05 10:35:00,1648.8,1653.9,1648.4,1653.0,914514
2024-07-05 10:45:00,1653.45,1658.55,1652.5,1657.0,1197590
2024-07-05 10:55:00,1656.8,1656.95,1653.6,1655.75,676616
2024-07-05 11:05:00,1655.85,1655.9,1650.5,1651.3,696027
2024-07-05 11:15:00,1651.35,1652.4,1650.2,1651.8,734323
2024-07-05 11:25:00,1651.6,1654.15,1651.25,1653.1,532809
2024-07-05 11:35:00,1653.1,1654.6,1651.6,1654.6,673514
2024-07-05 11:45:00,1654.3,1654.95,1652.1,1652.25,441807
2024-07-05 11:55:00,1652.25,1657.0,1652.15,1656.0,612025
2024-07-05 12:05:00,1656.2,1656.7,1653.0,1653.0,477756
2024-07-05 12:15:00,1653.0,1653.85,1652.2,1653.3,408367
2024-07-05 12:25:00,1653.8,1653.85,1651.05,1653.5,556897
2024-07-05 12:35:00,1653.4,1654.65,1652.0,1654.45,469955
2024-07-05 12:45:00,1654.45,1654.6,1652.0,1652.85,442647
2024-07-05 12:55:00,1652.3,1652.95,1651.7,1652.15,484249
2024-07-05 13:05:00,1652.15,1652.4,1649.25,1649.4,1071703
2024-07-05 13:15:00,1649.45,1649.95,1648.5,1649.25,832304
2024-07-05 13:25:00,1649.1,1650.9,1648.95,1650.25,660505
2024-07-05 13:35:00,1650.0,1650.5,1648.0,1648.3,679882
2024-07-05 13:45:00,1648.2,1649.5,1648.0,1648.9,622443
2024-07-05 13:55:00,1649.1,1649.25,1647.5,1648.5,586274
2024-07-05 14:05:00,1648.5,1648.5,1646.85,1647.2,536570
2024-07-05 14:15:00,1647.2,1647.65,1645.0,1645.05,627859
2024-07-05 14:25:00,1645.05,1645.5,1642.45,1643.3,858663
2024-07-05 14:35:00,1643.3,1646.5,1643.0,1644.85,777640
2024-07-05 14:45:00,1644.85,1645.25,1642.5,1642.8,714233
2024-07-05 14:55:00,1642.8,1648.0,1642.2,1646.75,1361582
2024-07-05 15:05:00,1646.7,1651.1,1645.95,1647.95,1953900
2024-07-05 15:15:00,1647.95,1649.2,1646.55,1648.65,1523033
2024-07-05 15:25:00,1648.4,1650.0,1648.1,1649.95,689543
2024-07-08 09:15:00,1645.3,1654.95,1634.0,1653.15,3188551
2024-07-08 09:25:00,1653.15,1654.0,1647.7,1650.65,1060736
2024-07-08 09:35:00,1650.65,1653.15,1641.65,1644.55,925234
2024-07-08 09:45:00,1644.55,1644.8,1640.45,1640.5,639534
2024-07-08 09:55:00,1640.6,1645.9,1639.85,1644.85,703652
2024-07-08 10:05:00,1644.65,1647.95,1643.65,1645.0,535686
2024-07-08 10:15:00,1645.0,1646.95,1643.35,1646.5,438159
2024-07-08 10:25:00,1646.4,1648.55,1642.25,1643.3,456326
2024-07-08 10:35:00,1643.85,1645.0,1641.8,1642.8,322420
2024-07-08 10:45:00,1643.0,1643.1,1640.1,1640.6,407730
2024-07-08 10:55:00,1640.6,1641.0,1638.45,1638.6,498154
2024-07-08 11:05:00,1638.75,1639.95,1636.9,1639.6,492004
2024-07-08 11:15:00,1639.2,1639.95,1636.8,1638.3,431125
2024-07-08 11:25:00,1638.3,1638.5,1636.0,1637.2,353509
2024-07-08 11:35:00,1637.15,1638.0,1634.05,1635.1,446684
2024-07-08 11:45:00,1635.1,1637.45,1634.25,1637.05,351312
2024-07-08 11:55:00,1637.0,1638.5,1634.0,1634.0,297516
2024-07-08 12:05:00,1634.0,1635.0,1627.15,1628.4,505482
2024-07-08 12:15:00,1628.4,1631.5,1627.25,1631.5,302941
2024-07-08 12:25:00,1630.95,1631.4,1627.8,1629.8,265237
2024-07-08 12:35:00,1629.35,1632.8,1629.1,1630.0,241292
2024-07-08 12:45:00,1630.1,1631.5,1629.25,1630.8,238548
2024-07-08 12:55:00,1631.05,1634.75,1630.95,1634.35,256752
2024-07-08 13:05:00,1634.7,1635.85,1633.25,1633.25,296319
2024-07-08 13:15:00,1633.5,1636.45,1632.95,1635.9,257529
2024-07-08 13:25:00,1635.95,1636.15,1632.8,1634.35,236138
2024-07-08 13:35:00,1633.9,1635.4,1633.55,1635.4,196853
2024-07-08 13:45:00,1635.25,1640.95,1635.25,1640.95,362904
2024-07-08 13:55:00,1640.95,1641.0,1637.45,1639.0,294517
2024-07-08 14:05:00,1638.8,1639.95,1636.55,1637.55,311318
2024-07-08 14:15:00,1637.95,1639.2,1636.65,1638.45,276551
2024-07-08 14:25:00,1638.45,1641.45,1638.45,1640.15,346641
2024-07-08 14:35:00,1640.15,1640.35,1636.9,1637.4,328173
2024-07-08 14:45:00,1637.25,1638.25,1636.4,1637.05,368742
2024-07-08 14:55:00,1636.95,1639.1,1634.15,1634.35,667093
2024-07-08 15:05:00,1634.6,1635.85,1634.05,1634.5,747040
2024-07-08 15:15:00,1634.5,1636.8,1633.05,1636.7,864789
2024-07-08 15:25:00,1636.6,1638.45,1636.0,1636.35,312830
2024-07-09 09:15:00,1625.0,1642.65,1620.35,1640.0,3002728
2024-07-09 09:25:00,1640.5,1645.95,1639.95,1643.25,914154
2024-07-09 09:35:00,1643.15,1645.5,1642.0,1644.95,523837
2024-07-09 09:45:00,1644.95,1646.0,1640.05,1642.95,565176
2024-07-09 09:55:00,1642.8,1645.0,1641.7,1643.2,307184
2024-07-09 10:05:00,1643.25,1646.7,1641.75,1645.0,637324
2024-07-09 10:15:00,1645.0,1646.6,1644.55,1645.0,492186
2024-07-09 10:25:00,1645.1,1645.1,1641.55,1641.65,479466
2024-07-09 10:35:00,1641.7,1644.45,1641.2,1643.85,322081
2024-07-09 10:45:00,1643.9,1644.0,1641.35,1642.2,302364
2024-07-09 10:55:00,1642.2,1642.7,1640.15,1640.25,233675
2024-07-09 11:05:00,1640.25,1642.0,1638.7,1640.6,1230196
2024-07-09 11:15:00,1640.05,1642.45,1639.25,1641.25,689168
2024-07-09 11:25:00,1641.25,1642.4,1640.3,1641.95,178422
2024-07-09 11:35:00,1641.9,1645.9,1639.95,1645.45,960403
2024-07-09 11:45:00,1645.45,1645.5,1642.05,1643.0,593735
2024-07-09 11:55:00,1643.0,1644.4,1641.45,1641.6,328364
2024-07-09 12:05:00,1641.6,1642.8,1640.65,1641.3,151063
2024-07-09 12:15:00,1641.65,1641.65,1639.95,1640.15,646498
2024-07-09 12:25:00,1640.15,1641.3,1639.1,1639.85,221406
2024-07-09 12:35:00,1639.85,1640.75,1637.6,1638.1,215248
2024-07-09 12:45:00,1638.15,1640.75,1638.15,1639.9,511233
2024-07-09 12:55:00,1640.0,1641.25,1638.95,1639.1,636261
2024-07-09 13:05:00,1639.1,1640.95,1638.9,1640.0,305169
2024-07-09 13:15:00,1640.0,1640.8,1638.5,1639.15,537180
2024-07-09 13:25:00,1639.15,1639.4,1636.65,1637.4,293143
2024-07-09 13:35:00,1637.3,1638.55,1636.8,1637.45,181223
2024-07-09 13:45:00,1637.4,1639.0,1637.25,1638.5,174152
2024-07-09 13:55:00,1638.5,1639.95,1637.8,1638.55,167149
2024-07-09 14:05:00,1638.25,1638.7,1637.15,1637.15,269247
2024-07-09 14:15:00,1637.15,1637.95,1636.1,1637.95,251147
2024-07-09 14:25:00,1637.95,1638.2,1635.85,1637.3,281917
2024-07-09 14:35:00,1637.5,1638.0,1636.55,1636.65,1013574
2024-07-09 14:45:00,1636.65,1638.05,1634.9,1636.45,1067408
2024-07-09 14:55:00,1636.45,1638.9,1634.95,1637.25,1446184
2024-07-09 15:05:00,1637.0,1638.4,1634.5,1635.0,1179770
2024-07-09 15:15:00,1635.0,1638.05,1634.9,1636.35,1076145
2024-07-09 15:25:00,1636.4,1638.55,1635.75,1637.2,636913
2024-07-10 09:15:00,1629.95,1632.7,1622.45,1629.2,3244449
2024-07-10 09:25:00,1629.2,1633.7,1629.15,1631.05,708627
2024-07-10 09:35:00,1630.85,1633.7,1630.1,1633.25,444706
2024-07-10 09:45:00,1633.25,1639.7,1631.0,1638.95,579384
2024-07-10 09:55:00,1639.0,1640.0,1633.3,1634.95,502365
2024-07-10 10:05:00,1634.95,1636.7,1633.55,1636.25,413606
2024-07-10 10:15:00,1636.15,1636.15,1630.65,1631.65,358659
2024-07-10 10:25:00,1631.65,1634.25,1630.8,1631.2,789648
2024-07-10 10:35:00,1631.1,1632.6,1628.35,1631.9,378474
2024-07-10 10:45:00,1631.9,1633.75,1630.65,1632.4,243412
2024-07-10 10:55:00,1632.4,1633.1,1629.6,1630.0,303684
2024-07-10 11:05:00,1630.0,1630.45,1629.0,1629.5,346410
2024-07-10 11:15:00,1629.5,1629.6,1627.35,1628.0,383729
2024-07-10 11:25:00,1628.0,1628.85,1627.35,1628.7,206311
2024-07-10 11:35:00,1628.8,1629.85,1627.3,1628.6,227464
2024-07-10 11:45:00,1628.6,1629.6,1628.0,1628.15,271105
2024-07-10 11:55:00,1628.15,1628.9,1627.0,1627.35,407691
2024-07-10 12:05:00,1627.35,1629.45,1627.3,1627.75,222266
2024-07-10 12:15:00,1627.75,1628.0,1627.1,1627.85,193625
2024-07-10 12:25:00,1627.85,1629.0,1627.05,1628.7,172609
2024-07-10 12:35:00,1628.7,1629.1,1626.35,1627.0,230303
2024-07-10 12:45:00,1626.8,1628.0,1626.2,1627.5,223403
2024-07-10 12:55:00,1627.75,1628.5,1624.1,1625.05,492608
2024-07-10 13:05:00,1625.05,1627.35,1625.0,1626.75,197743
2024-07-10 13:15:00,1626.7,1627.75,1626.1,1626.6,241876
2024-07-10 13:25:00,1626.6,1627.6,1625.55,1625.95,265290
2024-07-10 13:35:00,1625.65,1625.95,1623.4,1623.5,388054
2024-07-10 13:45:00,1623.75,1623.75,1620.75,1622.2,483776
2024-07-10 13:55:00,1622.2,1623.7,1621.95,1623.2,323825
2024-07-10 14:05:00,1623.05,1623.7,1621.3,1622.05,521897
2024-07-10 14:15:00,1622.0,1622.95,1621.1,1621.2,512171
2024-07-10 14:25:00,1621.2,1625.4,1620.85,1625.1,584131
2024-07-10 14:35:00,1624.65,1627.25,1624.2,1625.7,517335
2024-07-10 14:45:00,1625.7,1627.2,1624.25,1625.25,536648
2024-07-10 14:55:00,1625.2,1627.1,1624.6,1626.1,1674651
2024-07-10 15:05:00,1626.2,1626.75,1624.65,1625.45,2468821
2024-07-10 15:15:00,1625.4,1627.35,1625.2,1626.75,1921890
2024-07-10 15:25:00,1626.8,1628.8,1626.75,1628.0,448279
2024-07-11 09:15:00,1623.95,1625.85,1611.0,1614.1,1805818
2024-07-11 09:25:00,1614.0,1616.7,1613.05,1613.15,621907
2024-07-11 09:35:00,1613.15,1614.9,1611.5,1613.95,386231
2024-07-11 09:45:00,1613.9,1616.0,1613.4,1614.7,218408
2024-07-11 09:55:00,1614.65,1615.15,1612.3,1614.2,270566
2024-07-11 10:05:00,1614.2,1616.5,1611.25,1611.8,510387
2024-07-11 10:15:00,1611.8,1612.15,1605.2,1605.95,631858
2024-07-11 10:25:00,1605.3,1606.55,1603.2,1605.9,637312
2024-07-11 10:35:00,1605.55,1606.75,1603.5,1603.5,384364
2024-07-11 10:45:00,1603.85,1604.55,1602.6,1603.95,394741
2024-07-11 10:55:00,1603.8,1604.4,1601.05,1601.45,472158
2024-07-11 11:05:00,1601.45,1603.35,1601.0,1602.75,505823
2024-07-11 11:15:00,1602.75,1606.85,1602.55,1606.55,736095
2024-07-11 11:25:00,1606.45,1609.05,1606.1,1608.55,551811
2024-07-11 11:35:00,1608.6,1610.0,1607.3,1607.95,460194
2024-07-11 11:45:00,1607.95,1608.0,1606.0,1606.95,191630
2024-07-11 11:55:00,1606.95,1609.0,1605.05,1606.6,342953
2024-07-11 12:05:00,1606.6,1608.0,1605.0,1607.65,293749
2024-07-11 12:15:00,1607.7,1609.75,1607.0,1608.35,254090
2024-07-11 12:25:00,1608.45,1609.45,1607.55,1609.2,296491
2024-07-11 12:35:00,1609.2,1610.0,1607.8,1609.65,319345
2024-07-11 12:45:00,1609.6,1610.5,1608.7,1608.95,290765
2024-07-11 12:55:00,1608.95,1611.85,1607.7,1611.45,572755
2024-07-11 13:05:00,1611.45,1612.9,1611.4,1612.1,346678
2024-07-11 13:15:00,1612.1,1612.7,1609.25,1610.45,947267
2024-07-11 13:25:00,1610.45,1611.65,1607.8,1608.25,337498
2024-07-11 13:35:00,1607.5,1609.15,1607.0,1608.35,359293
2024-07-11 13:45:00,1608.35,1610.7,1607.35,1609.85,1365645
2024-07-11 13:55:00,1609.65,1617.5,1608.8,1616.85,1351689
2024-07-11 14:05:00,1616.8,1617.5,1614.75,1616.1,519335
2024-07-11 14:15:00,1616.15,1618.7,1615.65,1616.45,491431
2024-07-11 14:25:00,1616.5,1616.5,1614.4,1616.0,387662
2024-07-11 14:35:00,1615.95,1616.5,1615.3,1615.75,393830
2024-07-11 14:45:00,1615.75,1621.7,1614.5,1621.2,588194
2024-07-11 14:55:00,1621.25,1623.0,1620.2,1622.35,1105595
2024-07-11 15:05:00,1622.35,1623.85,1621.4,1622.25,1019252
2024-07-11 15:15:00,1622.3,1622.7,1619.2,1622.7,1128910
2024-07-11 15:25:00,1622.7,1624.0,1621.9,1623.55,279637
2024-07-12 09:15:00,1622.0,1624.45,1615.0,1622.7,944946
2024-07-12 09:25:00,1622.05,1629.5,1621.35,1626.85,723179
2024-07-12 09:35:00,1626.75,1628.5,1625.4,1625.8,493453
2024-07-12 09:45:00,1625.9,1625.9,1617.7,1618.65,608553
2024-07-12 09:55:00,1618.65,1618.85,1613.55,1616.5,641895
2024-07-12 10:05:00,1616.9,1619.2,1611.15,1612.15,1719400
2024-07-12 10:15:00,1612.0,1614.35,1611.4,1613.0,845761
2024-07-12 10:25:00,1613.0,1615.65,1612.6,1615.2,382325
2024-07-12 10:35:00,1615.0,1615.8,1612.35,1613.85,492485
2024-07-12 10:45:00,1613.85,1622.85,1613.2,1620.45,903200
2024-07-12 10:55:00,1620.55,1630.0,1618.1,1629.75,1172555
2024-07-12 11:05:00,1629.75,1630.9,1625.5,1627.0,811316
2024-07-12 11:15:00,1626.9,1627.1,1623.15,1623.55,310941
2024-07-12 11:25:00,1623.5,1626.25,1622.75,1626.1,748384
2024-07-12 11:35:00,1626.25,1627.5,1623.0,1627.5,174962
2024-07-12 11:45:00,1627.5,1629.85,1625.6,1626.6,230109
2024-07-12 11:55:00,1626.6,1628.9,1626.0,1628.1,187394
2024-07-12 12:05:00,1628.1,1634.0,1627.8,1633.0,372018
2024-07-12 12:15:00,1632.8,1634.1,1631.45,1631.5,322982
2024-07-12 12:25:00,1631.5,1632.45,1630.75,1631.85,154964
2024-07-12 12:35:00,1631.95,1632.5,1630.25,1630.5,222855
2024-07-12 12:45:00,1630.5,1633.0,1629.45,1632.9,191458
2024-07-12 12:55:00,1633.0,1635.45,1632.45,1634.65,345842
2024-07-12 13:05:00,1634.6,1635.5,1633.1,1635.0,223265
2024-07-12 13:15:00,1635.05,1636.5,1634.5,1634.65,302250
2024-07-12 13:25:00,1634.65,1635.2,1631.55,1634.4,274386
2024-07-12 13:35:00,1634.4,1634.65,1632.0,1632.4,130947
2024-07-12 13:45:00,1632.4,1635.7,1632.0,1635.0,264998
2024-07-12 13:55:00,1635.0,1636.35,1634.7,1635.5,233716
2024-07-12 14:05:00,1635.25,1636.15,1634.45,1634.5,201115
2024-07-12 14:15:00,1634.5,1635.9,1633.35,1634.8,375149
2024-07-12 14:25:00,1634.8,1638.4,1634.4,1636.9,527072
2024-07-12 14:35:00,1636.9,1638.05,1632.85,1633.8,1227375
2024-07-12 14:45:00,1633.25,1633.6,1627.95,1629.45,721567
2024-07-12 14:55:00,1629.0,1630.0,1623.6,1628.3,1922340
2024-07-12 15:05:00,1628.25,1628.3,1620.4,1620.4,1628484
2024-07-12 15:15:00,1620.4,1625.3,1619.1,1624.6,1487130
2024-07-12 15:25:00,1624.75,1627.9,1619.0,1627.55,5179312
2024-07-15 09:15:00,1623.5,1629.8,1623.5,1625.2,619177
2024-07-15 09:25:00,1625.2,1627.9,1624.25,1625.9,554255
2024-07-15 09:35:00,1625.85,1625.85,1617.45,1619.55,1015497
2024-07-15 09:45:00,1619.9,1622.85,1618.45,1620.0,405622
2024-07-15 09:55:00,1620.15,1620.35,1617.15,1620.0,293880
2024-07-15 10:05:00,1620.0,1624.2,1619.55,1621.7,404132
2024-07-15 10:15:00,1621.7,1623.0,1618.25,1619.55,279039
2024-07-15 10:25:00,1619.55,1620.0,1618.5,1619.65,124451
2024-07-15 10:35:00,1619.25,1624.75,1618.45,1623.0,794185
2024-07-15 10:45:00,1622.95,1624.85,1620.65,1620.9,597790
2024-07-15 10:55:00,1620.95,1622.95,1619.85,1622.2,402326
2024-07-15 11:05:00,1622.2,1622.95,1619.95,1620.0,458090
2024-07-15 11:15:00,1620.0,1621.5,1619.25,1620.5,317689
2024-07-15 11:25:00,1620.5,1621.0,1619.55,1620.3,318941
2024-07-15 11:35:00,1620.3,1622.25,1619.85,1620.5,207144
2024-07-15 11:45:00,1620.45,1622.6,1619.55,1621.95,344082
2024-07-15 11:55:00,1621.95,1624.0,1615.2,1621.25,380453
2024-07-15 12:05:00,1621.2,1621.85,1619.0,1619.95,194583
2024-07-15 12:15:00,1619.9,1620.0,1617.25,1617.8,99054
2024-07-15 12:25:00,1617.75,1618.5,1617.0,1618.2,136197
2024-07-15 12:35:00,1618.15,1618.8,1617.5,1618.3,120790
2024-07-15 12:45:00,1618.3,1620.0,1618.0,1619.1,133863
2024-07-15 12:55:00,1619.1,1620.3,1618.7,1619.95,207531
2024-07-15 13:05:00,1619.95,1621.3,1619.75,1620.85,494767
2024-07-15 13:15:00,1621.0,1623.8,1620.1,1622.9,1078491
2024-07-15 13:25:00,1623.15,1625.95,1622.75,1624.45,274617
2024-07-15 13:35:00,1624.15,1625.5,1623.6,1623.6,161761
2024-07-15 13:45:00,1623.6,1627.5,1623.35,1623.75,207843
2024-07-15 13:55:00,1623.75,1624.85,1623.1,1623.95,104592
2024-07-15 14:05:00,1624.05,1624.65,1620.55,1622.8,213182
2024-07-15 14:15:00,1622.8,1623.25,1621.1,1622.8,121294
2024-07-15 14:25:00,1622.8,1623.2,1621.0,1622.3,213119
2024-07-15 14:35:00,1622.15,1625.8,1621.95,1623.9,406447
2024-07-15 14:45:00,1623.8,1625.55,1622.25,1623.2,232396
2024-07-15 14:55:00,1623.2,1623.4,1620.0,1620.75,941729
2024-07-15 15:05:00,1620.8,1623.15,1620.2,1622.15,1520118
2024-07-15 15:15:00,1621.7,1623.95,1621.45,1623.45,1697588
2024-07-15 15:25:00,1623.0,1623.5,1621.75,1623.0,423597
2024-07-16 09:15:00,1620.75,1625.9,1620.75,1625.0,1111604
2024-07-16 09:25:00,1625.2,1626.3,1623.5,1624.85,415126
2024-07-16 09:35:00,1624.4,1625.45,1620.0,1623.1,429054
2024-07-16 09:45:00,1623.05,1625.35,1620.65,1620.65,707921
2024-07-16 09:55:00,1621.15,1623.9,1620.5,1623.25,305287
2024-07-16 10:05:00,1623.25,1625.1,1623.0,1624.8,189052
2024-07-16 10:15:00,1624.7,1625.45,1623.5,1623.5,159742
2024-07-16 10:25:00,1623.75,1626.8,1623.75,1626.75,302182
2024-07-16 10:35:00,1627.0,1627.0,1625.0,1625.25,203786
2024-07-16 10:45:00,1625.25,1626.0,1624.35,1624.5,191990
2024-07-16 10:55:00,1624.55,1625.15,1624.2,1624.5,157551
2024-07-16 11:05:00,1624.45,1626.15,1623.7,1626.15,213199
2024-07-16 11:15:00,1626.15,1626.5,1625.15,1625.9,137816
2024-07-16 11:25:00,1625.9,1626.0,1625.0,1625.4,95638
2024-07-16 11:35:00,1625.3,1626.0,1624.0,1624.95,136653
2024-07-16 11:45:00,1624.95,1625.75,1624.2,1625.05,147287
2024-07-16 11:55:00,1625.05,1625.5,1623.05,1624.3,135404
2024-07-16 12:05:00,1624.25,1624.8,1623.55,1624.1,123819
2024-07-16 12:15:00,1624.2,1625.65,1624.05,1625.25,158482
2024-07-16 12:25:00,1625.25,1625.8,1623.5,1624.0,190460
2024-07-16 12:35:00,1623.95,1625.0,1623.65,1623.95,215815
2024-07-16 12:45:00,1624.0,1624.95,1623.1,1624.3,245713
2024-07-16 12:55:00,1623.95,1624.5,1623.05,1623.9,208698
2024-07-16 13:05:00,1623.9,1624.65,1622.75,1624.4,178373
2024-07-16 13:15:00,1624.0,1624.65,1623.0,1623.0,148398
2024-07-16 13:25:00,1623.0,1623.95,1622.2,1622.75,139255
2024-07-16 13:35:00,1622.6,1624.2,1621.4,1621.4,212100
2024-07-16 13:45:00,1621.45,1621.6,1620.6,1621.4,502487
2024-07-16 13:55:00,1621.35,1622.55,1620.5,1622.35,409427
2024-07-16 14:05:00,1621.8,1622.55,1619.45,1620.0,585677
2024-07-16 14:15:00,1620.0,1620.2,1618.8,1619.25,243614
2024-07-16 14:25:00,1619.8,1620.2,1617.1,1617.1,509803
2024-07-16 14:35:00,1617.05,1619.95,1616.8,1619.15,320943
2024-07-16 14:45:00,1619.15,1620.0,1618.45,1619.6,209648
2024-07-16 14:55:00,1619.6,1620.25,1617.2,1618.9,727293
2024-07-16 15:05:00,1618.9,1621.85,1617.5,1620.85,2455055
2024-07-16 15:15:00,1620.9,1621.8,1618.15,1621.6,1187946
2024-07-16 15:25:00,1621.55,1621.85,1620.1,1621.0,203192
2024-07-18 09:15:00,1608.0,1610.85,1599.15,1608.5,2232722
2024-07-18 09:25:00,1608.4,1614.9,1608.2,1614.9,606489
2024-07-18 09:35:00,1614.5,1617.7,1612.85,1616.05,393774
2024-07-18 09:45:00,1616.35,1621.0,1615.8,1620.1,503538
2024-07-18 09:55:00,1620.05,1620.6,1618.25,1620.0,420730
2024-07-18 10:05:00,1620.0,1621.95,1619.05,1619.45,337041
2024-07-18 10:15:00,1619.45,1619.75,1616.0,1617.75,194996
2024-07-18 10:25:00,1617.25,1619.95,1616.9,1619.05,191445
2024-07-18 10:35:00,1619.0,1619.5,1615.45,1616.3,247910
2024-07-18 10:45:00,1616.95,1617.5,1613.2,1614.0,201000
2024-07-18 10:55:00,1614.0,1615.0,1611.1,1613.1,239907
2024-07-18 11:05:00,1612.75,1613.7,1608.5,1609.25,260738
2024-07-18 11:15:00,1609.0,1610.0,1607.6,1608.75,290065
2024-07-18 11:25:00,1608.75,1609.95,1605.15,1607.2,177669
2024-07-18 11:35:00,1607.0,1609.3,1606.15,1609.0,169267
2024-07-18 11:45:00,1609.0,1611.0,1608.85,1609.9,281875
2024-07-18 11:55:00,1609.9,1610.15,1608.0,1608.65,145484
2024-07-18 12:05:00,1608.65,1613.5,1608.4,1613.5,180926
2024-07-18 12:15:00,1613.45,1615.4,1612.0,1612.55,232646
2024-07-18 12:25:00,1613.0,1613.65,1610.5,1612.5,160484
2024-07-18 12:35:00,1612.5,1612.5,1609.3,1611.35,226672
2024-07-18 12:45:00,1611.75,1611.8,1608.45,1608.6,236783
2024-07-18 12:55:00,1608.5,1609.25,1606.85,1608.95,214375
2024-07-18 13:05:00,1608.85,1616.55,1607.95,1616.35,498597
2024-07-18 13:15:00,1616.4,1617.6,1613.95,1615.55,356776
2024-07-18 13:25:00,1615.55,1619.3,1615.05,1617.55,418397
2024-07-18 13:35:00,1617.65,1618.35,1614.7,1615.2,329018
2024-07-18 13:45:00,1615.2,1618.1,1614.65,1618.0,264295
2024-07-18 13:55:00,1618.25,1621.9,1617.75,1621.2,320370
2024-07-18 14:05:00,1621.2,1622.0,1619.0,1621.9,404212
2024-07-18 14:15:00,1621.85,1623.95,1620.05,1620.45,388556
2024-07-18 14:25:00,1620.2,1622.9,1618.45,1619.5,353061
2024-07-18 14:35:00,1619.5,1621.25,1619.0,1620.6,287786
2024-07-18 14:45:00,1620.65,1621.3,1618.6,1618.6,350772
2024-07-18 14:55:00,1618.7,1619.45,1614.3,1614.75,849673
2024-07-18 15:05:00,1614.7,1616.5,1612.0,1613.85,1182067
2024-07-18 15:15:00,1613.85,1616.55,1613.45,1616.35,1001723
2024-07-18 15:25:00,1616.3,1616.3,1614.45,1614.9,275353
2024-07-19 09:15:00,1616.0,1622.8,1610.0,1622.8,830757
2024-07-19 09:25:00,1622.65,1623.0,1614.4,1616.75,375142
2024-07-19 09:35:00,1616.75,1617.7,1614.15,1614.85,428046
2024-07-19 09:45:00,1614.7,1615.0,1609.45,1610.05,440852
2024-07-19 09:55:00,1610.4,1612.2,1609.0,1611.15,180209
2024-07-19 10:05:00,1611.15,1612.0,1609.05,1611.3,167987
2024-07-19 10:15:00,1611.15,1614.9,1610.9,1614.55,168212
2024-07-19 10:25:00,1614.7,1618.5,1613.55,1615.3,366204
2024-07-19 10:35:00,1615.3,1616.6,1611.95,1614.25,222096
2024-07-19 10:45:00,1614.25,1615.5,1611.25,1612.2,143553
2024-07-19 10:55:00,1612.2,1612.3,1605.8,1610.9,336582
2024-07-19 11:05:00,1610.5,1611.0,1608.5,1609.0,187594
2024-07-19 11:15:00,1609.5,1612.45,1608.7,1611.7,225035
2024-07-19 11:25:00,1611.35,1612.85,1611.0,1612.25,169522
2024-07-19 11:35:00,1612.15,1612.8,1609.3,1609.85,377131
2024-07-19 11:45:00,1609.85,1612.0,1608.65,1609.2,319949
2024-07-19 11:55:00,1609.2,1610.55,1608.4,1609.5,269023
2024-07-19 12:05:00,1609.5,1610.05,1608.8,1609.0,201992
2024-07-19 12:15:00,1608.9,1610.0,1606.85,1607.0,383700
2024-07-19 12:25:00,1606.95,1608.1,1604.8,1606.15,328278
2024-07-19 12:35:00,1606.15,1607.6,1605.3,1606.4,160483
2024-07-19 12:45:00,1606.4,1607.8,1606.0,1607.0,149075
2024-07-19 12:55:00,1607.0,1607.2,1603.65,1605.25,196317
2024-07-19 13:05:00,1605.1,1607.15,1604.95,1607.05,123357
2024-07-19 13:15:00,1606.5,1607.7,1605.05,1606.35,407800
2024-07-19 13:25:00,1606.1,1609.1,1605.9,1606.2,281291
2024-07-19 13:35:00,1606.15,1607.7,1606.05,1606.45,311257
2024-07-19 13:45:00,1606.45,1608.55,1605.9,1608.1,201881
2024-07-19 13:55:00,1608.0,1609.75,1607.4,1608.6,265116
2024-07-19 14:05:00,1608.6,1609.0,1606.35,1606.85,192495
2024-07-19 14:15:00,1606.85,1608.4,1606.2,1607.7,240528
2024-07-19 14:25:00,1607.6,1608.5,1606.2,1607.2,257421
2024-07-19 14:35:00,1607.2,1608.7,1607.1,1608.4,280725
2024-07-19 14:45:00,1608.4,1609.9,1608.0,1609.0,404870
2024-07-19 14:55:00,1609.0,1610.65,1606.45,1607.55,984055
2024-07-19 15:05:00,1607.7,1607.9,1605.75,1607.4,1035108
2024-07-19 15:15:00,1607.5,1608.7,1606.2,1606.95,873114
2024-07-19 15:25:00,1607.0,1607.0,1603.5,1605.15,326466
2024-07-22 09:15:00,1617.0,1625.0,1612.65,1618.2,2829421
2024-07-22 09:25:00,1618.5,1630.0,1616.35,1626.95,837010
2024-07-22 09:35:00,1626.55,1640.0,1626.1,1637.0,1435482
2024-07-22 09:45:00,1636.5,1646.5,1636.5,1645.0,892551
2024-07-22 09:55:00,1644.75,1645.0,1640.45,1644.6,626977
2024-07-22 10:05:00,1644.7,1645.2,1642.7,1644.95,632329
2024-07-22 10:15:00,1645.0,1648.25,1643.0,1648.25,722111
2024-07-22 10:25:00,1648.25,1651.0,1647.05,1650.0,1027283
2024-07-22 10:35:00,1650.0,1650.95,1644.9,1646.95,865387
2024-07-22 10:45:00,1646.9,1649.9,1643.5,1648.7,509516
2024-07-22 10:55:00,1648.85,1649.8,1644.5,1647.15,1028344
2024-07-22 11:05:00,1647.15,1647.65,1643.75,1643.9,500735
2024-07-22 11:15:00,1643.9,1644.0,1639.55,1640.8,689428
2024-07-22 11:25:00,1640.8,1643.4,1639.55,1640.95,776754
2024-07-22 11:35:00,1641.0,1641.85,1638.75,1639.85,438508
2024-07-22 11:45:00,1639.85,1642.5,1639.75,1640.95,353838
2024-07-22 11:55:00,1640.9,1643.55,1639.55,1639.95,382290
2024-07-22 12:05:00,1639.95,1640.35,1637.5,1639.85,379686
2024-07-22 12:15:00,1639.9,1640.0,1637.6,1637.85,305674
2024-07-22 12:25:00,1637.9,1638.0,1634.05,1634.95,509520
2024-07-22 12:35:00,1634.9,1637.0,1634.65,1636.6,306530
2024-07-22 12:45:00,1636.8,1638.8,1635.65,1635.75,260152
2024-07-22 12:55:00,1635.75,1636.0,1634.05,1634.7,330865
2024-07-22 13:05:00,1634.7,1637.6,1634.15,1634.95,535565
2024-07-22 13:15:00,1635.0,1635.9,1634.6,1635.0,373224
2024-07-22 13:25:00,1635.0,1637.0,1634.9,1637.0,384711
2024-07-22 13:35:00,1637.0,1637.4,1635.85,1637.0,328335
2024-07-22 13:45:00,1637.0,1638.0,1636.85,1638.0,281039
2024-07-22 13:55:00,1638.0,1639.0,1635.45,1637.5,433698
2024-07-22 14:05:00,1637.45,1637.5,1635.75,1636.55,331577
2024-07-22 14:15:00,1636.75,1639.1,1635.3,1638.45,350061
2024-07-22 14:25:00,1638.6,1640.1,1638.0,1639.45,368001
2024-07-22 14:35:00,1639.45,1639.8,1636.5,1637.9,668797
2024-07-22 14:45:00,1637.9,1637.95,1632.75,1634.35,906477
2024-07-22 14:55:00,1634.4,1640.45,1633.2,1640.0,1465624
2024-07-22 15:05:00,1639.95,1644.7,1639.3,1643.9,1607686
2024-07-22 15:15:00,1644.25,1646.3,1643.45,1645.5,1412786
2024-07-22 15:25:00,1645.55,1645.55,1640.9,1642.0,431587
2024-07-23 09:15:00,1647.55,1647.8,1632.2,1635.4,1247508
2024-07-23 09:25:00,1635.35,1637.5,1633.0,1635.75,619803
2024-07-23 09:35:00,1635.75,1635.75,1623.65,1630.2,783045
2024-07-23 09:45:00,1630.2,1633.15,1629.1,1632.2,403504
2024-07-23 09:55:00,1632.1,1633.0,1627.35,1630.1,331336
2024-07-23 10:05:00,1630.0,1630.55,1627.95,1629.65,198274
2024-07-23 10:15:00,1629.2,1629.7,1625.65,1628.75,604160
2024-07-23 10:25:00,1628.75,1636.9,1628.55,1633.2,336808
2024-07-23 10:35:00,1633.25,1634.6,1630.55,1633.5,204006
2024-07-23 10:45:00,1633.6,1635.3,1632.8,1634.5,243046
2024-07-23 10:55:00,1634.7,1636.4,1633.75,1635.9,594588
2024-07-23 11:05:00,1635.9,1639.0,1634.1,1637.6,243727
2024-07-23 11:15:00,1637.5,1638.55,1615.2,1632.6,1142780
2024-07-23 11:25:00,1633.4,1634.5,1628.4,1631.1,243727
2024-07-23 11:35:00,1631.1,1632.7,1627.7,1631.1,239736
2024-07-23 11:45:00,1631.1,1631.9,1626.6,1629.2,230667
2024-07-23 11:55:00,1629.2,1634.4,1627.0,1628.45,334496
2024-07-23 12:05:00,1628.5,1632.8,1627.5,1630.95,340305
2024-07-23 12:15:00,1630.95,1632.9,1619.05,1623.3,832738
2024-07-23 12:25:00,1623.7,1630.0,1616.4,1630.0,1424506
2024-07-23 12:35:00,1629.05,1632.5,1621.95,1625.8,762829
2024-07-23 12:45:00,1625.65,1626.7,1621.0,1621.05,541174
2024-07-23 12:55:00,1621.1,1622.0,1614.4,1615.15,780128
2024-07-23 13:05:00,1615.0,1617.3,1606.55,1606.55,1207785
2024-07-23 13:15:00,1606.6,1610.9,1605.0,1608.5,793417
2024-07-23 13:25:00,1608.6,1614.0,1607.6,1612.95,482544
2024-07-23 13:35:00,1612.95,1619.8,1612.3,1618.25,455074
2024-07-23 13:45:00,1618.3,1621.35,1616.55,1620.0,528238
2024-07-23 13:55:00,1620.0,1624.0,1619.7,1623.6,417250
2024-07-23 14:05:00,1623.7,1626.9,1621.6,1623.0,724927
2024-07-23 14:15:00,1622.85,1623.5,1618.0,1620.0,449522
2024-07-23 14:25:00,1620.0,1621.35,1616.3,1620.65,1014702
2024-07-23 14:35:00,1620.05,1628.55,1618.8,1628.2,1832374
2024-07-23 14:45:00,1627.95,1629.8,1626.9,1629.35,752400
2024-07-23 14:55:00,1628.75,1628.75,1618.1,1622.35,1433308
2024-07-23 15:05:00,1622.8,1622.85,1616.25,1617.6,1645808
2024-07-23 15:15:00,1617.45,1617.9,1613.95,1616.2,1014456
2024-07-23 15:25:00,1616.2,1617.7,1615.05,1616.6,308845
2024-07-24 09:15:00,1608.15,1617.0,1606.7,1615.15,1751794
2024-07-24 09:25:00,1615.2,1617.9,1612.95,1617.8,861892
2024-07-24 09:35:00,1617.8,1619.9,1609.65,1613.9,867162
2024-07-24 09:45:00,1613.85,1621.0,1612.05,1617.9,590565
2024-07-24 09:55:00,1617.9,1621.0,1615.35,1616.9,630377
2024-07-24 10:05:00,1616.85,1620.0,1616.4,1618.7,431777
2024-07-24 10:15:00,1618.55,1620.85,1615.5,1619.7,390369
2024-07-24 10:25:00,1619.9,1620.2,1610.5,1612.25,1119503
2024-07-24 10:35:00,1612.2,1614.95,1611.2,1613.75,724916
2024-07-24 10:45:00,1613.5,1614.2,1609.3,1612.75,668401
2024-07-24 10:55:00,1612.3,1612.35,1605.15,1608.7,851008
2024-07-24 11:05:00,1608.35,1608.4,1603.1,1603.35,866840
2024-07-24 11:15:00,1603.5,1604.75,1602.2,1603.75,748263
2024-07-24 11:25:00,1603.75,1604.2,1597.5,1598.25,1119814
2024-07-24 11:35:00,1598.35,1599.85,1596.05,1598.4,974455
2024-07-24 11:45:00,1598.5,1601.45,1597.7,1601.0,447322
2024-07-24 11:55:00,1600.95,1602.5,1598.65,1600.85,432395
2024-07-24 12:05:00,1601.45,1601.45,1597.55,1599.05,475996
2024-07-24 12:15:00,1599.05,1599.15,1589.6,1590.8,968446
2024-07-24 12:25:00,1590.8,1591.95,1588.05,1591.25,627713
2024-07-24 12:35:00,1591.2,1593.0,1589.8,1591.75,484142
2024-07-24 12:45:00,1591.75,1594.35,1591.05,1591.9,419857
2024-07-24 12:55:00,1591.85,1594.0,1591.55,1592.75,289783
2024-07-24 13:05:00,1592.75,1595.8,1591.45,1595.0,409605
2024-07-24 13:15:00,1595.05,1596.6,1592.4,1595.6,478073
2024-07-24 13:25:00,1595.9,1596.65,1593.35,1594.1,524998
2024-07-24 13:35:00,1593.65,1604.0,1593.3,1603.35,697133
2024-07-24 13:45:00,1603.0,1603.2,1599.0,1600.8,366240
2024-07-24 13:55:00,1600.75,1600.8,1595.4,1596.7,580211
2024-07-24 14:05:00,1597.35,1599.1,1596.45,1597.95,465160
2024-07-24 14:15:00,1597.95,1599.35,1595.95,1599.3,507546
2024-07-24 14:25:00,1599.35,1603.8,1597.2,1603.4,1171198
2024-07-24 14:35:00,1603.3,1604.0,1600.25,1601.1,705642
2024-07-24 14:45:00,1600.6,1604.85,1600.2,1604.5,1584656
2024-07-24 14:55:00,1604.4,1605.95,1600.2,1600.25,1584338
2024-07-24 15:05:00,1600.25,1605.9,1600.1,1604.45,1988047
2024-07-24 15:15:00,1604.85,1607.5,1602.25,1607.0,1786900
2024-07-24 15:25:00,1607.15,1609.0,1605.7,1608.35,363037
2024-07-25 09:15:00,1593.0,1607.95,1593.0,1606.7,1472010
2024-07-25 09:25:00,1607.0,1612.9,1606.45,1609.3,655332
2024-07-25 09:35:00,1609.2,1610.7,1605.3,1608.15,419541
2024-07-25 09:45:00,1608.3,1610.75,1603.2,1609.7,495925
2024-07-25 09:55:00,1609.7,1611.0,1606.75,1610.95,351848
2024-07-25 10:05:00,1610.95,1611.15,1608.9,1610.6,214912
2024-07-25 10:15:00,1610.75,1611.25,1607.95,1608.1,293690
2024-07-25 10:25:00,1608.35,1611.9,1607.6,1610.35,309978
2024-07-25 10:35:00,1610.55,1613.95,1610.55,1613.95,304105
2024-07-25 10:45:00,1613.95,1614.45,1610.3,1610.9,211510
2024-07-25 10:55:00,1610.9,1613.3,1610.0,1611.35,241933
2024-07-25 11:05:00,1611.35,1612.4,1609.0,1609.25,137844
2024-07-25 11:15:00,1609.25,1610.4,1608.65,1609.75,175666
2024-07-25 11:25:00,1609.75,1614.0,1609.75,1613.25,186034
2024-07-25 11:35:00,1613.25,1614.95,1612.8,1614.75,223863
2024-07-25 11:45:00,1614.7,1615.55,1612.7,1614.8,197201
2024-07-25 11:55:00,1614.5,1615.7,1614.05,1615.25,113136
2024-07-25 12:05:00,1615.25,1615.8,1613.2,1614.3,114889
2024-07-25 12:15:00,1614.3,1616.25,1613.85,1615.7,173569
2024-07-25 12:25:00,1615.65,1615.95,1614.2,1615.6,178038
2024-07-25 12:35:00,1615.55,1616.45,1614.2,1614.85,187833
2024-07-25 12:45:00,1614.85,1618.75,1614.85,1617.9,299989
2024-07-25 12:55:00,1617.75,1619.35,1616.7,1618.7,174067
2024-07-25 13:05:00,1618.65,1620.0,1617.3,1619.0,218304
2024-07-25 13:15:00,1619.05,1619.95,1618.45,1619.35,245670
2024-07-25 13:25:00,1619.5,1619.5,1616.15,1618.6,251934
2024-07-25 13:35:00,1618.45,1619.0,1616.4,1616.65,208740
2024-07-25 13:45:00,1616.4,1620.5,1616.4,1619.9,457763
2024-07-25 13:55:00,1619.9,1625.0,1619.0,1624.6,423951
2024-07-25 14:05:00,1624.55,1624.85,1622.1,1623.85,318978
2024-07-25 14:15:00,1623.95,1624.65,1623.35,1624.3,290280
2024-07-25 14:25:00,1624.3,1624.65,1620.0,1620.55,396359
2024-07-25 14:35:00,1620.5,1621.6,1618.35,1619.55,379974
2024-07-25 14:45:00,1619.55,1620.8,1618.3,1619.4,341356
2024-07-25 14:55:00,1619.35,1619.95,1617.4,1618.5,491902
2024-07-25 15:05:00,1618.5,1619.0,1616.0,1616.2,581880
2024-07-25 15:15:00,1616.2,1616.2,1613.45,1615.15,614699
2024-07-25 15:25:00,1615.1,1617.0,1614.2,1616.0,178928
2024-07-26 09:15:00,1605.0,1611.8,1597.85,1601.7,2285325
2024-07-26 09:25:00,1601.7,1603.95,1596.45,1598.7,1417944
2024-07-26 09:35:00,1598.7,1604.5,1598.6,1602.5,662793
2024-07-26 09:45:00,1603.0,1604.15,1598.1,1601.45,603684
2024-07-26 09:55:00,1601.75,1602.9,1599.45,1601.05,482290
2024-07-26 10:05:00,1600.9,1601.9,1598.1,1599.6,513132
2024-07-26 10:15:00,1599.5,1600.3,1598.2,1598.9,394429
2024-07-26 10:25:00,1598.35,1600.35,1596.85,1600.1,333771
2024-07-26 10:35:00,1600.1,1600.3,1598.65,1599.95,213639
2024-07-26 10:45:00,1599.95,1601.2,1599.3,1599.65,319338
2024-07-26 10:55:00,1600.0,1602.0,1599.65,1601.85,508859
2024-07-26 11:05:00,1601.65,1605.5,1601.65,1604.7,517307
2024-07-26 11:15:00,1604.7,1605.3,1603.25,1605.3,415766
2024-07-26 11:25:00,1605.3,1605.5,1603.1,1604.2,238652
2024-07-26 11:35:00,1604.2,1604.85,1603.0,1604.7,257005
2024-07-26 11:45:00,1604.7,1605.1,1604.65,1605.05,172593
2024-07-26 11:55:00,1605.0,1607.8,1605.0,1607.25,358634
2024-07-26 12:05:00,1607.25,1607.4,1603.4,1603.8,309784
2024-07-26 12:15:00,1603.8,1605.05,1602.55,1602.6,347295
2024-07-26 12:25:00,1602.7,1606.8,1602.6,1606.5,280344
2024-07-26 12:35:00,1606.5,1609.9,1605.65,1609.4,386544
2024-07-26 12:45:00,1609.5,1612.0,1609.35,1612.0,502304
2024-07-26 12:55:00,1612.0,1612.0,1609.25,1610.65,206875
2024-07-26 13:05:00,1610.7,1614.85,1608.6,1614.7,433913
2024-07-26 13:15:00,1614.9,1615.5,1612.95,1615.3,437370
2024-07-26 13:25:00,1615.3,1616.0,1614.45,1614.95,298874
2024-07-26 13:35:00,1614.95,1619.4,1614.85,1618.95,635253
2024-07-26 13:45:00,1618.8,1621.75,1618.65,1620.9,324490
2024-07-26 13:55:00,1620.9,1620.95,1617.15,1618.8,418005
2024-07-26 14:05:00,1618.85,1619.9,1615.5,1617.0,421276
2024-07-26 14:15:00,1617.1,1617.7,1614.35,1615.05,562893
2024-07-26 14:25:00,1615.05,1617.9,1615.0,1616.8,371425
2024-07-26 14:35:00,1616.45,1617.4,1615.0,1616.8,362929
2024-07-26 14:45:00,1616.8,1618.85,1616.15,1617.1,524336
2024-07-26 14:55:00,1617.0,1620.0,1615.3,1619.0,1023904
2024-07-26 15:05:00,1619.0,1620.4,1616.75,1618.5,1568848
2024-07-26 15:15:00,1618.5,1619.15,1616.15,1618.05,1542745
2024-07-26 15:25:00,1618.05,1619.0,1616.3,1617.3,629733
2024-07-29 09:15:00,1615.0,1621.7,1608.2,1619.05,2264148
2024-07-29 09:25:00,1618.95,1619.8,1613.0,1615.35,740061
2024-07-29 09:35:00,1615.35,1619.85,1615.35,1619.15,587662
2024-07-29 09:45:00,1619.3,1619.9,1614.0,1616.6,604525
2024-07-29 09:55:00,1616.6,1616.8,1613.0,1616.1,456360
2024-07-29 10:05:00,1616.05,1616.45,1614.5,1615.5,243575
2024-07-29 10:15:00,1615.6,1618.0,1615.35,1617.2,373605
2024-07-29 10:25:00,1617.1,1618.4,1615.1,1615.9,171957
2024-07-29 10:35:00,1615.95,1617.25,1615.0,1617.05,178542
2024-07-29 10:45:00,1617.05,1621.85,1616.95,1621.35,520018
2024-07-29 10:55:00,1621.5,1629.6,1621.4,1628.9,801368
2024-07-29 11:05:00,1629.0,1629.1,1626.0,1626.25,266236
2024-07-29 11:15:00,1626.25,1629.9,1626.2,1628.85,352122
2024-07-29 11:25:00,1628.65,1628.95,1626.65,1627.05,125956
2024-07-29 11:35:00,1627.0,1629.15,1625.65,1628.6,260122
2024-07-29 11:45:00,1628.7,1631.85,1628.7,1629.55,627597
2024-07-29 11:55:00,1629.45,1630.0,1627.15,1627.45,217972
2024-07-29 12:05:00,1627.5,1627.5,1613.85,1616.45,1538838
2024-07-29 12:15:00,1616.4,1617.9,1598.3,1606.5,3085936
2024-07-29 12:25:00,1606.25,1609.6,1605.8,1608.5,459101
2024-07-29 12:35:00,1607.8,1612.8,1607.55,1610.0,677111
2024-07-29 12:45:00,1610.0,1611.9,1608.0,1608.15,447432
2024-07-29 12:55:00,1608.1,1611.8,1608.0,1611.3,384759
2024-07-29 13:05:00,1611.25,1611.9,1606.0,1606.1,465210
2024-07-29 13:15:00,1606.0,1609.45,1605.9,1608.85,261814
2024-07-29 13:25:00,1608.85,1609.6,1607.25,1609.3,229277
2024-07-29 13:35:00,1609.55,1609.55,1608.0,1608.55,250094
2024-07-29 13:45:00,1608.5,1608.7,1606.0,1606.65,254540
2024-07-29 13:55:00,1606.55,1607.5,1602.35,1603.0,680188
2024-07-29 14:05:00,1603.1,1605.3,1602.5,1603.15,303198
2024-07-29 14:15:00,1603.15,1604.65,1600.3,1603.55,390138
2024-07-29 14:25:00,1603.55,1608.45,1603.45,1608.15,497854
2024-07-29 14:35:00,1608.15,1608.45,1606.05,1607.75,461721
2024-07-29 14:45:00,1607.75,1610.0,1607.2,1608.3,636651
2024-07-29 14:55:00,1608.75,1610.85,1605.1,1605.35,1596032
2024-07-29 15:05:00,1605.4,1606.7,1602.5,1603.55,1462883
2024-07-29 15:15:00,1603.6,1605.0,1602.65,1602.8,1467157
2024-07-29 15:25:00,1602.7,1605.0,1602.55,1605.0,502406
2024-07-30 09:15:00,1602.0,1606.25,1599.0,1603.7,2179496
2024-07-30 09:25:00,1603.65,1605.4,1600.35,1605.0,1066663
2024-07-30 09:35:00,1604.75,1606.65,1602.4,1605.45,534076
2024-07-30 09:45:00,1605.5,1606.35,1600.0,1605.75,757640
2024-07-30 09:55:00,1605.9,1606.0,1602.15,1603.55,747160
2024-07-30 10:05:00,1603.55,1606.0,1601.45,1605.65,357477
2024-07-30 10:15:00,1605.8,1608.0,1605.1,1607.5,752510
2024-07-30 10:25:00,1607.5,1610.5,1606.65,1610.5,890157
2024-07-30 10:35:00,1610.2,1614.95,1609.7,1614.5,540638
2024-07-30 10:45:00,1614.55,1617.4,1613.5,1616.15,708001
2024-07-30 10:55:00,1616.15,1617.0,1615.05,1615.9,421301
2024-07-30 11:05:00,1615.9,1616.9,1615.0,1616.45,433895
2024-07-30 11:15:00,1616.45,1617.75,1616.0,1616.95,344115
2024-07-30 11:25:00,1616.95,1619.85,1616.3,1619.5,429092
2024-07-30 11:35:00,1619.45,1621.7,1618.75,1620.3,829194
2024-07-30 11:45:00,1620.0,1621.45,1618.65,1619.9,468635
2024-07-30 11:55:00,1620.0,1620.5,1617.1,1620.45,273826
2024-07-30 12:05:00,1620.1,1621.2,1619.2,1620.35,152075
2024-07-30 12:15:00,1620.35,1622.4,1620.15,1621.3,204624
2024-07-30 12:25:00,1621.3,1624.0,1620.95,1623.05,292696
2024-07-30 12:35:00,1623.05,1624.2,1622.0,1623.1,295947
2024-07-30 12:45:00,1623.6,1623.75,1621.05,1623.75,314968
2024-07-30 12:55:00,1623.05,1624.25,1618.3,1618.65,971100
2024-07-30 13:05:00,1618.9,1627.0,1618.35,1623.0,1056859
2024-07-30 13:15:00,1622.75,1625.2,1618.2,1620.7,513554
2024-07-30 13:25:00,1620.95,1622.5,1620.35,1621.95,133861
2024-07-30 13:35:00,1621.95,1626.0,1621.95,1625.7,252417
2024-07-30 13:45:00,1625.95,1629.7,1625.2,1628.7,449192
2024-07-30 13:55:00,1629.0,1629.95,1627.85,1629.0,283459
2024-07-30 14:05:00,1628.65,1631.25,1627.15,1630.3,381709
2024-07-30 14:15:00,1630.3,1634.75,1630.2,1633.9,580270
2024-07-30 14:25:00,1633.4,1634.5,1629.85,1630.95,464636
2024-07-30 14:35:00,1630.95,1634.0,1629.65,1631.5,346215
2024-07-30 14:45:00,1631.5,1631.7,1627.3,1628.0,579925
2024-07-30 14:55:00,1627.9,1628.7,1616.55,1616.95,2394647
2024-07-30 15:05:00,1616.55,1619.4,1611.35,1612.75,2730721
2024-07-30 15:15:00,1612.7,1616.55,1612.55,1612.65,1977177
2024-07-30 15:25:00,1612.65,1615.0,1611.95,1614.2,911106
2024-07-31 09:15:00,1614.0,1624.0,1613.25,1620.55,2514458
2024-07-31 09:25:00,1620.65,1624.8,1620.1,1620.35,1119989
2024-07-31 09:35:00,1620.55,1623.45,1619.65,1621.55,410600
2024-07-31 09:45:00,1621.9,1622.85,1620.1,1620.65,318656
2024-07-31 09:55:00,1620.65,1624.8,1620.0,1623.85,300238
2024-07-31 10:05:00,1624.25,1626.8,1623.15,1626.65,285829
2024-07-31 10:15:00,1626.3,1627.9,1624.65,1624.65,309249
2024-07-31 10:25:00,1624.75,1626.4,1623.9,1625.1,192767
2024-07-31 10:35:00,1625.4,1626.0,1624.05,1624.7,178745
2024-07-31 10:45:00,1624.6,1625.65,1622.9,1623.8,276470
2024-07-31 10:55:00,1623.8,1623.8,1620.6,1622.45,239885
2024-07-31 11:05:00,1622.45,1623.15,1620.25,1620.6,275710
2024-07-31 11:15:00,1620.55,1620.6,1618.05,1619.0,547500
2024-07-31 11:25:00,1619.0,1619.05,1615.15,1618.0,325871
2024-07-31 11:35:00,1618.0,1619.85,1617.55,1619.05,272920
2024-07-31 11:45:00,1619.05,1619.6,1617.55,1617.95,175314
2024-07-31 11:55:00,1617.95,1618.1,1615.55,1615.6,284950
2024-07-31 12:05:00,1615.6,1616.75,1614.5,1615.7,299392
2024-07-31 12:15:00,1615.4,1616.75,1614.6,1615.6,209933
2024-07-31 12:25:00,1615.6,1616.4,1613.35,1613.5,241534
2024-07-31 12:35:00,1613.4,1614.5,1612.2,1614.2,171553
2024-07-31 12:45:00,1614.2,1617.35,1613.6,1615.0,216019
2024-07-31 12:55:00,1615.1,1615.85,1614.0,1614.65,113026
2024-07-31 13:05:00,1614.7,1616.0,1613.3,1614.75,226426
2024-07-31 13:15:00,1614.6,1617.0,1614.45,1616.0,135699
2024-07-31 13:25:00,1616.0,1617.5,1615.5,1617.05,127460
2024-07-31 13:35:00,1617.0,1617.25,1611.5,1614.55,321285
2024-07-31 13:45:00,1614.55,1615.95,1614.05,1615.95,149822
2024-07-31 13:55:00,1615.9,1616.0,1613.0,1613.7,228053
2024-07-31 14:05:00,1613.65,1613.7,1610.8,1611.4,307858
2024-07-31 14:15:00,1611.35,1611.9,1609.2,1610.25,306018
2024-07-31 14:25:00,1610.25,1614.65,1609.35,1612.7,371596
2024-07-31 14:35:00,1612.7,1614.95,1612.7,1613.55,560661
2024-07-31 14:45:00,1613.65,1615.0,1612.45,1613.0,801890
2024-07-31 14:55:00,1613.0,1615.75,1612.2,1613.2,1330791
2024-07-31 15:05:00,1613.3,1616.7,1612.8,1615.8,2227633
2024-07-31 15:15:00,1615.75,1619.9,1614.8,1618.3,1826686
2024-07-31 15:25:00,1618.3,1619.85,1617.1,1617.95,334156
2024-08-01 09:15:00,1622.9,1628.6,1617.95,1626.85,847711
2024-08-01 09:25:00,1626.7,1630.4,1625.1,1626.75,576346
2024-08-01 09:35:00,1626.65,1629.9,1626.65,1628.55,399547
2024-08-01 09:45:00,1628.0,1628.75,1626.0,1626.95,385329
2024-08-01 09:55:00,1626.95,1629.15,1625.6,1626.6,263141
2024-08-01 10:05:00,1626.75,1629.05,1624.85,1628.6,334160
2024-08-01 10:15:00,1628.55,1631.6,1628.55,1630.5,357798
2024-08-01 10:25:00,1630.5,1630.6,1627.65,1630.0,224519
2024-08-01 10:35:00,1630.0,1630.75,1629.0,1629.3,252266
2024-08-01 10:45:00,1629.3,1629.95,1628.1,1628.95,178031
2024-08-01 10:55:00,1628.95,1631.15,1628.8,1630.4,157876
2024-08-01 11:05:00,1630.35,1633.5,1629.6,1632.3,229580
2024-08-01 11:15:00,1632.25,1633.5,1631.65,1633.5,148006
2024-08-01 11:25:00,1633.5,1635.3,1632.5,1634.0,269394
2024-08-01 11:35:00,1634.0,1635.0,1630.5,1631.15,239190
2024-08-01 11:45:00,1631.15,1633.1,1630.75,1632.75,236798
2024-08-01 11:55:00,1632.75,1636.2,1632.25,1636.0,532242
2024-08-01 12:05:00,1636.05,1638.0,1633.6,1634.95,240372
2024-08-01 12:15:00,1635.0,1635.0,1632.0,1632.1,169829
2024-08-01 12:25:00,1632.1,1633.0,1629.35,1630.2,244387
2024-08-01 12:35:00,1630.2,1631.75,1629.55,1631.05,167755
2024-08-01 12:45:00,1631.1,1632.7,1629.4,1632.65,312748
2024-08-01 12:55:00,1632.65,1634.45,1632.65,1634.25,109898
2024-08-01 13:05:00,1634.25,1634.8,1632.1,1634.15,141606
2024-08-01 13:15:00,1634.1,1634.55,1633.0,1633.7,125173
2024-08-01 13:25:00,1633.7,1635.0,1632.7,1634.0,133552
2024-08-01 13:35:00,1633.95,1634.4,1633.25,1633.65,115731
2024-08-01 13:45:00,1633.65,1634.0,1632.85,1633.95,116843
2024-08-01 13:55:00,1633.95,1634.0,1631.5,1632.25,126998
2024-08-01 14:05:00,1632.85,1633.55,1632.1,1632.25,126367
2024-08-01 14:15:00,1632.2,1632.85,1630.55,1632.0,269490
2024-08-01 14:25:00,1632.0,1632.8,1629.35,1631.2,427949
2024-08-01 14:35:00,1631.05,1635.35,1630.2,1633.8,362765
2024-08-01 14:45:00,1633.95,1634.65,1632.05,1633.45,383806
2024-08-01 14:55:00,1633.3,1633.6,1630.3,1631.1,714771
2024-08-01 15:05:00,1631.0,1636.5,1630.75,1636.4,1130301
2024-08-01 15:15:00,1636.5,1645.85,1636.4,1645.65,1147504
2024-08-01 15:25:00,1645.65,1650.05,1645.6,1647.65,599098
2024-08-02 09:15:00,1631.0,1643.75,1631.0,1643.0,1605321
2024-08-02 09:25:00,1643.35,1656.6,1643.0,1652.05,1208115
2024-08-02 09:35:00,1652.0,1659.9,1651.7,1658.75,1149546
2024-08-02 09:45:00,1659.0,1662.8,1654.2,1659.95,1100029
2024-08-02 09:55:00,1660.4,1662.0,1655.0,1660.15,698702
2024-08-02 10:05:00,1660.5,1662.3,1658.5,1659.0,396348
2024-08-02 10:15:00,1659.0,1660.6,1657.95,1659.6,685885
2024-08-02 10:25:00,1659.65,1662.1,1655.7,1662.1,873723
2024-08-02 10:35:00,1661.85,1662.5,1659.45,1661.2,807478
2024-08-02 10:45:00,1661.5,1666.35,1661.0,1663.45,1294141
2024-08-02 10:55:00,1663.4,1663.6,1659.4,1660.95,424959
2024-08-02 11:05:00,1660.65,1666.35,1660.6,1666.3,524551
2024-08-02 11:15:00,1666.05,1670.0,1666.0,1669.15,787389
2024-08-02 11:25:00,1668.95,1669.6,1666.55,1667.15,358130
2024-08-02 11:35:00,1666.8,1670.5,1666.5,1669.4,407012
2024-08-02 11:45:00,1669.4,1670.0,1667.0,1667.65,214894
2024-08-02 11:55:00,1667.7,1670.0,1665.5,1667.0,338149
2024-08-02 12:05:00,1666.95,1669.7,1665.6,1668.5,197757
2024-08-02 12:15:00,1668.5,1669.0,1666.55,1667.95,157965
2024-08-02 12:25:00,1667.95,1668.45,1665.0,1665.8,213271
2024-08-02 12:35:00,1665.65,1666.15,1660.0,1660.4,442993
2024-08-02 12:45:00,1660.0,1664.7,1660.0,1662.7,313988
2024-08-02 12:55:00,1662.6,1664.5,1661.6,1663.0,242384
2024-08-02 13:05:00,1663.0,1663.5,1662.0,1662.5,153938
2024-08-02 13:15:00,1662.5,1665.2,1662.0,1664.45,180823
2024-08-02 13:25:00,1664.45,1667.0,1664.05,1665.4,208198
2024-08-02 13:35:00,1665.45,1668.85,1664.7,1667.35,258937
2024-08-02 13:45:00,1667.3,1667.35,1663.1,1663.5,209856
2024-08-02 13:55:00,1663.5,1664.3,1662.25,1662.75,179748
2024-08-02 14:05:00,1662.75,1663.7,1659.1,1659.55,480153
2024-08-02 14:15:00,1660.15,1662.85,1659.05,1661.0,395294
2024-08-02 14:25:00,1660.9,1663.6,1660.9,1662.05,248316
2024-08-02 14:35:00,1662.0,1662.6,1660.35,1660.7,294311
2024-08-02 14:45:00,1660.65,1662.7,1657.15,1657.2,570022
2024-08-02 14:55:00,1657.15,1658.8,1655.25,1657.75,1003892
2024-08-02 15:05:00,1658.35,1661.8,1657.4,1658.2,1158060
2024-08-02 15:15:00,1658.5,1661.6,1658.0,1660.25,1275867
2024-08-02 15:25:00,1660.4,1660.5,1658.05,1658.05,537611
2024-08-05 09:15:00,1640.1,1646.0,1632.4,1641.65,2685032
2024-08-05 09:25:00,1641.15,1642.0,1633.9,1635.65,938988
2024-08-05 09:35:00,1635.15,1636.0,1628.7,1631.6,653223
2024-08-05 09:45:00,1631.35,1633.75,1629.4,1631.5,518297
2024-08-05 09:55:00,1631.55,1636.45,1630.95,1636.0,605559
2024-08-05 10:05:00,1636.5,1636.5,1632.15,1633.9,336877
2024-08-05 10:15:00,1633.9,1635.05,1632.3,1633.55,364480
2024-08-05 10:25:00,1633.55,1634.4,1631.0,1632.0,294308
2024-08-05 10:35:00,1632.3,1632.6,1628.1,1628.9,480577
2024-08-05 10:45:00,1628.95,1629.0,1618.55,1621.15,981126
2024-08-05 10:55:00,1621.0,1621.85,1611.05,1613.25,722435
2024-08-05 11:05:00,1613.3,1614.95,1605.55,1606.75,670154
2024-08-05 11:15:00,1606.75,1610.15,1601.0,1602.5,525519
2024-08-05 11:25:00,1602.8,1617.25,1602.6,1614.35,670469
2024-08-05 11:35:00,1614.45,1618.9,1612.05,1612.95,519199
2024-08-05 11:45:00,1613.0,1615.3,1611.65,1614.85,320753
2024-08-05 11:55:00,1614.85,1616.75,1611.45,1611.9,246014
2024-08-05 12:05:00,1612.05,1614.65,1611.0,1613.95,264307
2024-08-05 12:15:00,1614.0,1617.1,1611.0,1611.1,803224
2024-08-05 12:25:00,1610.9,1611.95,1606.85,1611.2,316464
2024-08-05 12:35:00,1611.2,1611.2,1609.1,1610.0,143560
2024-08-05 12:45:00,1610.1,1611.35,1608.5,1611.3,165609
2024-08-05 12:55:00,1611.0,1611.75,1609.3,1610.05,207011
2024-08-05 13:05:00,1610.15,1615.35,1609.2,1615.0,224209
2024-08-05 13:15:00,1614.8,1619.7,1612.4,1614.1,397080
2024-08-05 13:25:00,1614.05,1617.9,1613.7,1617.55,184349
2024-08-05 13:35:00,1617.55,1618.7,1616.0,1616.2,356999
2024-08-05 13:45:00,1616.4,1621.2,1615.05,1620.35,370276
2024-08-05 13:55:00,1620.3,1622.65,1617.8,1619.45,347803
2024-08-05 14:05:00,1619.4,1620.0,1616.0,1617.25,326349
2024-08-05 14:15:00,1617.25,1620.0,1615.7,1616.8,370504
2024-08-05 14:25:00,1616.9,1619.25,1614.65,1618.7,374214
2024-08-05 14:35:00,1618.75,1620.65,1617.9,1620.15,440342
2024-08-05 14:45:00,1620.45,1620.45,1614.85,1616.25,637960
2024-08-05 14:55:00,1616.05,1619.3,1614.5,1616.35,638198
2024-08-05 15:05:00,1616.25,1616.3,1612.8,1614.0,714914
2024-08-05 15:15:00,1614.0,1619.2,1613.6,1618.25,1140631
2024-08-05 15:25:00,1618.7,1619.0,1613.25,1616.05,311998
2024-08-06 09:15:00,1630.0,1632.95,1622.1,1627.8,1438681
2024-08-06 09:25:00,1627.4,1628.1,1623.0,1624.6,469723
2024-08-06 09:35:00,1624.15,1627.5,1623.35,1623.9,357247
2024-08-06 09:45:00,1623.9,1626.4,1621.65,1624.25,273867
2024-08-06 09:55:00,1624.05,1626.95,1623.15,1624.6,244077
2024-08-06 10:05:00,1624.6,1625.0,1619.5,1619.8,338221
2024-08-06 10:15:00,1620.5,1621.35,1617.15,1617.7,302220
2024-08-06 10:25:00,1617.7,1618.8,1612.1,1613.05,419943
2024-08-06 10:35:00,1613.05,1614.55,1607.0,1608.3,504513
2024-08-06 10:45:00,1608.35,1613.45,1608.25,1611.0,649341
2024-08-06 10:55:00,1611.2,1614.9,1610.5,1612.7,341791
2024-08-06 11:05:00,1612.7,1613.65,1610.25,1612.2,164336
2024-08-06 11:15:00,1612.2,1616.5,1610.6,1611.0,1366959
2024-08-06 11:25:00,1611.0,1612.3,1608.3,1610.9,863507
2024-08-06 11:35:00,1610.55,1612.55,1610.1,1612.45,200494
2024-08-06 11:45:00,1612.05,1613.0,1611.0,1612.5,164677
2024-08-06 11:55:00,1612.5,1615.0,1612.5,1615.0,208574
2024-08-06 12:05:00,1615.0,1616.0,1612.85,1615.65,151544
2024-08-06 12:15:00,1616.0,1616.0,1612.45,1613.55,181703
2024-08-06 12:25:00,1613.85,1614.1,1610.25,1611.8,181772
2024-08-06 12:35:00,1611.55,1612.75,1610.3,1610.3,231079
2024-08-06 12:45:00,1610.25,1614.4,1610.0,1613.95,251638
2024-08-06 12:55:00,1614.0,1614.75,1612.0,1614.7,209665
2024-08-06 13:05:00,1614.7,1615.4,1610.4,1610.6,327737
2024-08-06 13:15:00,1610.75,1612.5,1608.9,1609.3,351630
2024-08-06 13:25:00,1609.1,1610.0,1607.95,1609.05,381148
2024-08-06 13:35:00,1609.1,1609.5,1602.6,1604.15,488458
2024-08-06 13:45:00,1604.15,1604.15,1598.25,1601.25,612724
2024-08-06 13:55:00,1601.25,1603.35,1599.55,1600.95,507167
2024-08-06 14:05:00,1601.05,1602.65,1597.45,1599.1,3280848
2024-08-06 14:15:00,1599.05,1599.9,1593.3,1598.2,701293
2024-08-06 14:25:00,1598.05,1601.2,1594.25,1596.15,513532
2024-08-06 14:35:00,1595.6,1599.4,1595.0,1595.45,376212
2024-08-06 14:45:00,1595.4,1599.1,1595.4,1599.0,472612
2024-08-06 14:55:00,1599.45,1601.45,1598.1,1601.4,1040993
2024-08-06 15:05:00,1601.65,1603.9,1600.2,1602.85,1853517
2024-08-06 15:15:00,1602.9,1603.4,1596.85,1601.15,1442940
2024-08-06 15:25:00,1601.25,1603.6,1600.85,1602.7,377447
2024-08-07 09:15:00,1617.0,1622.8,1612.2,1615.25,743743
2024-08-07 09:25:00,1615.25,1617.7,1611.3,1612.35,259371
2024-08-07 09:35:00,1612.35,1614.35,1611.0,1612.7,266440
2024-08-07 09:45:00,1612.55,1613.85,1608.05,1609.55,221941
2024-08-07 09:55:00,1609.8,1612.5,1606.35,1606.75,238106
2024-08-07 10:05:00,1606.95,1608.0,1602.2,1606.3,359237
2024-08-07 10:15:00,1606.05,1612.7,1604.85,1611.7,4533008
2024-08-07 10:25:00,1611.7,1617.9,1610.4,1617.4,310156
2024-08-07 10:35:00,1617.4,1623.65,1616.65,1619.8,414881
2024-08-07 10:45:00,1619.8,1622.65,1618.4,1621.95,322476
2024-08-07 10:55:00,1621.95,1627.0,1619.0,1619.25,358654
2024-08-07 11:05:00,1619.35,1621.95,1618.8,1621.15,245556
2024-08-07 11:15:00,1621.15,1622.5,1618.55,1620.45,186794
2024-08-07 11:25:00,1620.45,1625.1,1619.8,1624.05,271768
2024-08-07 11:35:00,1624.15,1626.9,1621.85,1622.85,166939
2024-08-07 11:45:00,1622.4,1623.75,1618.0,1620.85,206811
2024-08-07 11:55:00,1620.85,1621.6,1619.3,1621.05,103698
2024-08-07 12:05:00,1621.1,1622.0,1617.55,1617.75,136205
2024-08-07 12:15:00,1617.9,1624.0,1617.85,1623.45,404466
2024-08-07 12:25:00,1623.45,1625.0,1621.3,1623.55,134574
2024-08-07 12:35:00,1623.55,1624.9,1622.05,1623.45,180254
2024-08-07 12:45:00,1623.5,1625.0,1622.0,1622.35,288748
2024-08-07 12:55:00,1622.4,1624.0,1621.85,1623.85,156049
2024-08-07 13:05:00,1623.65,1624.7,1621.6,1623.35,140296
2024-08-07 13:15:00,1623.05,1624.3,1621.5,1623.5,172391
2024-08-07 13:25:00,1623.15,1624.55,1621.5,1621.6,154288
2024-08-07 13:35:00,1621.8,1623.55,1621.3,1621.8,584041
2024-08-07 13:45:00,1621.85,1622.75,1620.65,1621.9,354783
2024-08-07 13:55:00,1621.85,1622.9,1620.15,1620.8,241617
2024-08-07 14:05:00,1620.65,1622.3,1618.7,1619.9,847451
2024-08-07 14:15:00,1619.9,1623.6,1619.7,1623.1,1094607
2024-08-07 14:25:00,1623.3,1626.4,1620.1,1620.6,1045328
2024-08-07 14:35:00,1620.6,1624.2,1620.0,1622.7,254658
2024-08-07 14:45:00,1623.0,1623.25,1618.5,1620.1,363093
2024-08-07 14:55:00,1620.0,1622.55,1619.15,1621.15,1203629
2024-08-07 15:05:00,1621.1,1625.0,1620.5,1624.05,1875298
2024-08-07 15:15:00,1623.95,1625.55,1622.1,1624.35,1616973
2024-08-07 15:25:00,1624.3,1630.0,1623.8,1629.1,426750
2024-08-08 09:15:00,1624.0,1632.9,1620.0,1625.2,1161220
2024-08-08 09:25:00,1625.0,1628.15,1622.45,1627.55,359912
2024-08-08 09:35:00,1627.8,1629.4,1626.0,1628.4,300605
2024-08-08 09:45:00,1628.35,1630.0,1628.0,1629.4,1246830
2024-08-08 09:55:00,1629.6,1630.0,1626.2,1627.45,212802
2024-08-08 10:05:00,1627.45,1628.5,1619.25,1621.5,456198
2024-08-08 10:15:00,1621.45,1626.25,1620.4,1626.25,195334
2024-08-08 10:25:00,1626.3,1633.0,1625.75,1630.0,710388
2024-08-08 10:35:00,1630.0,1639.8,1630.0,1637.4,722848
2024-08-08 10:45:00,1637.4,1640.8,1636.55,1637.45,442207
2024-08-08 10:55:00,1637.4,1638.1,1632.15,1635.85,285157
2024-08-08 11:05:00,1635.85,1643.0,1635.2,1639.7,378527
2024-08-08 11:15:00,1639.7,1642.9,1638.45,1641.0,415231
2024-08-08 11:25:00,1641.65,1642.5,1640.15,1641.55,345293
2024-08-08 11:35:00,1641.55,1644.5,1641.0,1642.8,258361
2024-08-08 11:45:00,1642.1,1646.5,1641.2,1645.3,320751
2024-08-08 11:55:00,1645.85,1647.9,1644.5,1645.05,248665
2024-08-08 12:05:00,1645.1,1651.05,1645.05,1651.0,454359
2024-08-08 12:15:00,1651.0,1653.3,1647.65,1647.75,827584
2024-08-08 12:25:00,1647.75,1651.1,1646.75,1648.4,305835
2024-08-08 12:35:00,1648.4,1650.0,1648.0,1649.45,166558
2024-08-08 12:45:00,1649.45,1649.65,1645.25,1645.7,214472
2024-08-08 12:55:00,1645.65,1646.8,1642.4,1644.55,277887
2024-08-08 13:05:00,1644.9,1645.8,1641.0,1645.2,231805
2024-08-08 13:15:00,1645.2,1645.95,1643.0,1643.55,196845
2024-08-08 13:25:00,1643.85,1644.9,1639.15,1644.5,534666
2024-08-08 13:35:00,1644.5,1647.0,1643.35,1646.05,205175
2024-08-08 13:45:00,1646.05,1646.9,1643.2,1643.4,203913
2024-08-08 13:55:00,1643.7,1644.4,1640.8,1644.25,236822
2024-08-08 14:05:00,1644.25,1645.9,1642.5,1643.3,204202
2024-08-08 14:15:00,1643.3,1646.2,1642.6,1643.6,242371
2024-08-08 14:25:00,1643.65,1645.25,1642.95,1644.1,206887
2024-08-08 14:35:00,1644.1,1645.95,1643.7,1645.2,259841
2024-08-08 14:45:00,1645.85,1646.8,1640.9,1641.5,370549
2024-08-08 14:55:00,1641.2,1645.7,1640.1,1643.35,873000
2024-08-08 15:05:00,1643.4,1644.5,1641.95,1642.45,1198682
2024-08-08 15:15:00,1642.45,1643.7,1639.3,1641.8,1134425
2024-08-08 15:25:00,1641.45,1641.8,1639.7,1640.2,283791
2024-08-09 09:15:00,1652.0,1656.6,1645.8,1653.9,1077187
2024-08-09 09:25:00,1653.95,1659.95,1652.75,1656.9,408825
2024-08-09 09:35:00,1656.55,1661.5,1656.0,1658.55,528655
2024-08-09 09:45:00,1658.0,1662.55,1658.0,1659.85,954367
2024-08-09 09:55:00,1659.85,1660.9,1654.6,1656.0,595725
2024-08-09 10:05:00,1656.3,1657.45,1654.2,1655.0,405849
2024-08-09 10:15:00,1655.25,1659.95,1655.0,1657.4,289427
2024-08-09 10:25:00,1657.4,1657.9,1654.9,1655.15,261297
2024-08-09 10:35:00,1655.35,1656.3,1653.4,1654.75,213235
2024-08-09 10:45:00,1654.75,1658.8,1654.6,1657.0,207385
2024-08-09 10:55:00,1656.85,1659.3,1656.85,1659.3,139008
2024-08-09 11:05:00,1658.8,1660.0,1657.9,1658.25,159402
2024-08-09 11:15:00,1658.2,1660.75,1657.95,1660.15,244541
2024-08-09 11:25:00,1660.1,1661.95,1660.0,1661.2,181864
2024-08-09 11:35:00,1661.2,1661.5,1658.65,1660.0,215360
2024-08-09 11:45:00,1659.95,1660.9,1659.25,1660.0,131123
2024-08-09 11:55:00,1659.95,1661.65,1659.4,1661.1,228436
2024-08-09 12:05:00,1661.0,1661.5,1660.55,1661.35,190375
2024-08-09 12:15:00,1661.35,1661.5,1659.05,1659.95,153650
2024-08-09 12:25:00,1659.9,1660.9,1658.9,1659.65,163191
2024-08-09 12:35:00,1659.6,1660.0,1658.6,1658.95,124725
2024-08-09 12:45:00,1658.95,1659.1,1654.7,1655.0,333341
2024-08-09 12:55:00,1654.8,1655.9,1654.0,1655.0,333484
2024-08-09 13:05:00,1654.95,1655.7,1654.0,1654.95,297333
2024-08-09 13:15:00,1654.95,1655.6,1654.5,1655.0,365210
2024-08-09 13:25:00,1655.0,1657.1,1653.75,1656.85,194741
2024-08-09 13:35:00,1656.8,1656.95,1654.1,1654.55,231135
2024-08-09 13:45:00,1654.5,1655.15,1651.5,1651.95,308890
2024-08-09 13:55:00,1651.9,1655.4,1651.2,1655.4,500443
2024-08-09 14:05:00,1655.7,1657.8,1655.55,1656.9,219238
2024-08-09 14:15:00,1656.6,1657.35,1655.55,1656.6,209928
2024-08-09 14:25:00,1656.6,1657.2,1655.75,1656.85,249997
2024-08-09 14:35:00,1656.85,1659.25,1656.15,1656.45,268856
2024-08-09 14:45:00,1656.4,1657.85,1654.25,1654.65,299690
2024-08-09 14:55:00,1654.65,1655.65,1652.0,1652.3,562634
2024-08-09 15:05:00,1652.2,1653.85,1648.65,1649.05,757827
2024-08-09 15:15:00,1649.25,1649.7,1646.85,1648.6,822838
2024-08-09 15:25:00,1648.55,1650.0,1648.0,1650.0,224330
2024-08-12 09:15:00,1652.0,1657.05,1648.35,1650.35,1000892
2024-08-12 09:25:00,1650.4,1656.55,1650.4,1655.3,451465
2024-08-12 09:35:00,1655.25,1658.0,1650.45,1652.5,395713
2024-08-12 09:45:00,1652.5,1652.65,1647.35,1649.45,312455
2024-08-12 09:55:00,1649.45,1653.95,1649.3,1653.9,253858
2024-08-12 10:05:00,1653.9,1656.65,1651.4,1655.5,271308
2024-08-12 10:15:00,1656.0,1665.0,1655.7,1663.4,606846
2024-08-12 10:25:00,1663.1,1664.3,1661.15,1663.2,342859
2024-08-12 10:35:00,1663.2,1668.65,1663.2,1668.05,773246
2024-08-12 10:45:00,1668.0,1669.8,1666.85,1668.65,417655
2024-08-12 10:55:00,1668.65,1674.0,1668.55,1671.2,593432
2024-08-12 11:05:00,1671.3,1674.5,1670.35,1674.4,383892
2024-08-12 11:15:00,1673.95,1675.95,1672.4,1674.9,480070
2024-08-12 11:25:00,1674.9,1675.4,1670.5,1671.15,688370
2024-08-12 11:35:00,1670.65,1671.55,1669.05,1669.4,325131
2024-08-12 11:45:00,1669.4,1671.75,1669.15,1670.5,202206
2024-08-12 11:55:00,1670.55,1672.05,1668.05,1668.3,303054
2024-08-12 12:05:00,1668.25,1670.0,1667.0,1667.05,288968
2024-08-12 12:15:00,1667.05,1668.25,1666.25,1667.2,234817
2024-08-12 12:25:00,1667.2,1670.7,1666.25,1670.55,490777
2024-08-12 12:35:00,1670.55,1672.85,1670.05,1672.05,232505
2024-08-12 12:45:00,1672.05,1675.0,1670.65,1672.55,414461
2024-08-12 12:55:00,1672.55,1674.8,1672.0,1673.65,379032
2024-08-12 13:05:00,1673.65,1674.2,1672.0,1672.45,262037
2024-08-12 13:15:00,1672.45,1672.75,1670.0,1671.4,322328
2024-08-12 13:25:00,1671.5,1672.65,1670.3,1671.95,260471
2024-08-12 13:35:00,1672.35,1674.55,1671.0,1674.25,358931
2024-08-12 13:45:00,1674.25,1674.55,1671.15,1673.55,278035
2024-08-12 13:55:00,1673.55,1674.25,1672.5,1672.8,353349
2024-08-12 14:05:00,1672.8,1674.9,1672.3,1673.85,397787
2024-08-12 14:15:00,1673.85,1674.1,1667.1,1668.7,479285
2024-08-12 14:25:00,1668.7,1668.9,1663.2,1665.9,587043
2024-08-12 14:35:00,1665.9,1668.55,1662.75,1665.0,494098
2024-08-12 14:45:00,1665.0,1665.95,1660.0,1662.5,1091669
2024-08-12 14:55:00,1662.25,1662.95,1656.0,1656.9,1256379
2024-08-12 15:05:00,1656.4,1663.65,1655.45,1661.95,1913693
2024-08-12 15:15:00,1661.95,1663.65,1659.35,1661.1,1186166
2024-08-12 15:25:00,1661.05,1663.0,1659.35,1660.0,386851
2024-08-13 09:15:00,1628.0,1632.4,1613.55,1623.6,3556435
2024-08-13 09:25:00,1623.6,1624.4,1619.7,1621.0,877079
2024-08-13 09:35:00,1621.3,1621.9,1618.0,1621.15,749118
2024-08-13 09:45:00,1621.15,1623.75,1621.0,1623.0,426171
2024-08-13 09:55:00,1623.05,1623.4,1620.05,1621.05,551173
2024-08-13 10:05:00,1621.05,1621.85,1618.1,1618.7,598575
2024-08-13 10:15:00,1618.75,1619.05,1614.45,1615.5,719440
2024-08-13 10:25:00,1615.6,1616.3,1612.6,1614.0,626046
2024-08-13 10:35:00,1614.0,1614.75,1610.0,1610.55,445895
2024-08-13 10:45:00,1610.5,1610.95,1607.15,1608.6,881125
2024-08-13 10:55:00,1608.6,1608.65,1605.0,1606.55,578461
2024-08-13 11:05:00,1606.55,1608.0,1605.35,1607.4,727588
2024-08-13 11:15:00,1607.4,1609.7,1606.6,1609.3,843258
2024-08-13 11:25:00,1609.4,1611.45,1608.5,1611.0,389600
2024-08-13 11:35:00,1610.6,1613.25,1610.0,1610.9,465672
2024-08-13 11:45:00,1610.9,1611.55,1610.0,1610.95,194775
2024-08-13 11:55:00,1610.95,1611.0,1607.3,1608.0,247912
2024-08-13 12:05:00,1608.45,1612.25,1608.15,1612.1,431623
2024-08-13 12:15:00,1612.2,1612.75,1611.6,1612.2,408515
2024-08-13 12:25:00,1612.15,1613.15,1611.0,1611.4,816819
2024-08-13 12:35:00,1611.4,1615.0,1611.05,1614.65,951638
2024-08-13 12:45:00,1614.05,1616.5,1612.25,1616.0,1008214
2024-08-13 12:55:00,1616.3,1617.5,1615.0,1615.2,516785
2024-08-13 13:05:00,1615.7,1616.9,1614.0,1615.7,229604
2024-08-13 13:15:00,1615.7,1616.55,1613.4,1615.05,286634
2024-08-13 13:25:00,1615.15,1616.2,1614.85,1615.05,274555
2024-08-13 13:35:00,1615.05,1615.75,1613.15,1614.0,539683
2024-08-13 13:45:00,1614.05,1614.55,1611.35,1611.8,396981
2024-08-13 13:55:00,1611.8,1613.2,1611.1,1611.4,595133
2024-08-13 14:05:00,1611.35,1611.45,1605.7,1608.8,452598
2024-08-13 14:15:00,1608.8,1609.35,1607.15,1609.05,340543
2024-08-13 14:25:00,1609.05,1609.95,1608.05,1608.9,429954
2024-08-13 14:35:00,1608.6,1610.3,1607.65,1608.55,877753
2024-08-13 14:45:00,1608.55,1608.55,1604.5,1607.3,673350
2024-08-13 14:55:00,1606.95,1607.55,1601.65,1603.5,1125190
2024-08-13 15:05:00,1603.45,1603.95,1601.15,1602.7,1433732
2024-08-13 15:15:00,1602.7,1605.0,1602.0,1603.75,1085913
2024-08-13 15:25:00,1603.65,1605.9,1603.65,1605.75,281032
2024-08-14 09:15:00,1606.5,1612.0,1603.95,1608.0,1826446
2024-08-14 09:25:00,1608.0,1611.2,1605.25,1610.3,650277
2024-08-14 09:35:00,1610.35,1613.7,1609.85,1610.55,839839
2024-08-14 09:45:00,1610.55,1612.7,1607.15,1607.15,640261
2024-08-14 09:55:00,1607.15,1610.1,1606.9,1610.05,372275
2024-08-14 10:05:00,1609.8,1610.1,1605.5,1606.0,306495
2024-08-14 10:15:00,1606.0,1608.75,1604.35,1605.8,469007
2024-08-14 10:25:00,1605.8,1608.0,1605.35,1607.5,315368
2024-08-14 10:35:00,1607.5,1608.2,1606.15,1607.05,220303
2024-08-14 10:45:00,1607.05,1607.05,1606.0,1606.2,176612
2024-08-14 10:55:00,1606.1,1606.4,1604.5,1605.5,217447
2024-08-14 11:05:00,1605.55,1605.95,1603.2,1604.5,264503
2024-08-14 11:15:00,1604.5,1606.0,1603.2,1604.2,283300
2024-08-14 11:25:00,1604.2,1605.3,1603.5,1605.1,155227
2024-08-14 11:35:00,1605.05,1605.95,1604.0,1605.6,128313
2024-08-14 11:45:00,1605.55,1607.0,1604.55,1606.75,196434
2024-08-14 11:55:00,1606.75,1607.55,1605.35,1606.05,174170
2024-08-14 12:05:00,1605.95,1608.6,1604.85,1608.4,240748
2024-08-14 12:15:00,1608.4,1611.4,1608.4,1610.95,256745
2024-08-14 12:25:00,1610.95,1611.05,1609.0,1609.9,189411
2024-08-14 12:35:00,1609.75,1612.0,1609.6,1611.2,215750
2024-08-14 12:45:00,1611.2,1612.0,1610.7,1611.35,210888
2024-08-14 12:55:00,1611.4,1612.45,1609.35,1610.0,259824
2024-08-14 13:05:00,1610.0,1610.75,1609.3,1609.6,161956
2024-08-14 13:15:00,1609.8,1609.95,1607.4,1608.85,201795
2024-08-14 13:25:00,1608.95,1609.9,1607.75,1608.2,139397
2024-08-14 13:35:00,1608.15,1609.35,1607.25,1608.1,141348
2024-08-14 13:45:00,1608.1,1609.2,1607.8,1607.8,138584
2024-08-14 13:55:00,1607.8,1608.8,1605.05,1605.65,367918
2024-08-14 14:05:00,1606.05,1608.85,1605.8,1607.85,417109
2024-08-14 14:15:00,1607.8,1608.0,1606.1,1606.7,291470
2024-08-14 14:25:00,1607.3,1609.05,1606.75,1608.95,270313
2024-08-14 14:35:00,1608.95,1609.0,1604.0,1604.95,617717
2024-08-14 14:45:00,1605.7,1606.95,1605.1,1606.45,809758
2024-08-14 14:55:00,1606.05,1607.75,1605.45,1607.25,922916
2024-08-14 15:05:00,1607.25,1609.0,1606.05,1607.35,1453704
2024-08-14 15:15:00,1607.35,1609.85,1607.1,1607.95,1108201
2024-08-14 15:25:00,1608.05,1609.3,1607.1,1607.8,227126
2024-08-16 09:15:00,1628.5,1632.0,1620.1,1623.85,2054361
2024-08-16 09:25:00,1624.0,1625.0,1620.65,1623.6,996197
2024-08-16 09:35:00,1623.1,1624.2,1615.95,1616.4,369583
2024-08-16 09:45:00,1616.2,1617.0,1613.45,1615.0,335851
2024-08-16 09:55:00,1615.0,1617.9,1613.0,1617.9,883807
2024-08-16 10:05:00,1617.85,1618.6,1613.7,1617.95,195733
2024-08-16 10:15:00,1617.8,1618.25,1615.25,1616.45,134313
2024-08-16 10:25:00,1616.4,1617.0,1611.0,1613.35,241250
2024-08-16 10:35:00,1613.45,1614.95,1612.1,1614.95,161435
2024-08-16 10:45:00,1614.9,1618.0,1614.7,1617.0,189123
2024-08-16 10:55:00,1617.0,1617.5,1615.0,1617.3,149717
2024-08-16 11:05:00,1617.25,1617.25,1614.8,1615.75,118432
2024-08-16 11:15:00,1615.75,1618.0,1615.0,1616.8,122301
2024-08-16 11:25:00,1616.8,1623.15,1616.5,1622.25,454513
2024-08-16 11:35:00,1622.25,1623.35,1621.1,1623.2,191749
2024-08-16 11:45:00,1622.55,1625.0,1622.35,1623.7,375877
2024-08-16 11:55:00,1623.7,1626.8,1622.25,1626.0,392589
2024-08-16 12:05:00,1626.75,1629.25,1625.7,1628.05,421733
2024-08-16 12:15:00,1628.1,1628.5,1624.0,1626.35,214460
2024-08-16 12:25:00,1626.1,1628.55,1625.95,1627.5,213678
2024-08-16 12:35:00,1627.5,1629.55,1627.15,1628.45,301101
2024-08-16 12:45:00,1628.5,1629.4,1627.2,1628.55,218242
2024-08-16 12:55:00,1628.35,1629.8,1627.0,1629.6,172700
2024-08-16 13:05:00,1629.55,1629.8,1627.5,1627.7,122080
2024-08-16 13:15:00,1627.7,1629.45,1627.05,1628.4,144913
2024-08-16 13:25:00,1628.35,1629.2,1626.55,1628.6,133789
2024-08-16 13:35:00,1628.65,1630.0,1628.4,1629.85,196940
2024-08-16 13:45:00,1629.85,1632.95,1629.1,1632.05,296046
2024-08-16 13:55:00,1632.15,1633.0,1629.7,1632.05,200090
2024-08-16 14:05:00,1632.15,1632.9,1630.5,1631.85,227159
2024-08-16 14:15:00,1631.85,1631.95,1628.15,1629.65,194448
2024-08-16 14:25:00,1629.5,1629.7,1626.05,1626.3,302381
2024-08-16 14:35:00,1626.5,1629.0,1625.6,1627.05,261261
2024-08-16 14:45:00,1627.6,1629.45,1626.0,1629.1,391435
2024-08-16 14:55:00,1628.55,1632.85,1627.25,1632.4,602838
2024-08-16 15:05:00,1632.3,1634.15,1631.25,1633.15,789167
2024-08-16 15:15:00,1633.0,1633.95,1630.5,1631.2,631461
2024-08-16 15:25:00,1631.05,1632.5,1629.65,1630.5,202973
2024-08-19 09:15:00,1637.65,1637.65,1628.4,1629.45,919106
2024-08-19 09:25:00,1629.45,1629.5,1626.0,1627.0,279012
2024-08-19 09:35:00,1627.0,1628.45,1625.0,1627.15,417725
2024-08-19 09:45:00,1627.15,1628.2,1623.7,1623.7,336148
2024-08-19 09:55:00,1623.7,1627.0,1623.7,1626.5,223293
2024-08-19 10:05:00,1626.5,1627.0,1624.0,1624.45,240479
2024-08-19 10:15:00,1624.45,1626.0,1623.8,1625.45,149954
2024-08-19 10:25:00,1625.45,1627.4,1625.05,1625.6,194490
2024-08-19 10:35:00,1625.5,1626.75,1625.5,1626.6,100352
2024-08-19 10:45:00,1626.1,1626.75,1624.75,1625.3,139033
2024-08-19 10:55:00,1625.1,1626.3,1624.0,1625.3,137545
2024-08-19 11:05:00,1625.3,1626.5,1625.0,1626.25,121483
2024-08-19 11:15:00,1626.25,1631.55,1626.2,1630.25,418444
2024-08-19 11:25:00,1630.25,1633.0,1628.6,1630.6,195304
2024-08-19 11:35:00,1631.0,1632.0,1630.5,1630.7,150432
2024-08-19 11:45:00,1630.7,1631.2,1629.0,1630.4,169094
2024-08-19 11:55:00,1630.4,1632.8,1629.0,1630.95,146300
2024-08-19 12:05:00,1630.9,1631.15,1627.4,1628.95,115421
2024-08-19 12:15:00,1628.4,1629.5,1625.5,1627.5,156312
2024-08-19 12:25:00,1627.5,1628.0,1625.5,1626.35,147173
2024-08-19 12:35:00,1626.25,1628.0,1626.0,1626.8,115264
2024-08-19 12:45:00,1626.95,1628.5,1626.5,1628.25,184500
2024-08-19 12:55:00,1628.25,1628.5,1627.1,1627.55,260268
2024-08-19 13:05:00,1627.55,1628.15,1625.0,1626.45,624299
2024-08-19 13:15:00,1626.45,1627.55,1625.25,1625.5,150531
2024-08-19 13:25:00,1625.5,1626.15,1624.55,1625.5,106055
2024-08-19 13:35:00,1625.5,1626.1,1623.8,1625.25,177715
2024-08-19 13:45:00,1625.2,1626.5,1624.05,1626.0,112961
2024-08-19 13:55:00,1626.0,1626.7,1625.0,1625.65,133725
2024-08-19 14:05:00,1625.65,1626.75,1625.35,1626.4,111133
2024-08-19 14:15:00,1626.5,1627.5,1626.0,1627.15,159206
2024-08-19 14:25:00,1627.15,1629.25,1626.9,1628.9,174481
2024-08-19 14:35:00,1628.85,1629.75,1627.9,1629.2,168729
2024-08-19 14:45:00,1629.1,1629.65,1628.0,1629.0,245303
2024-08-19 14:55:00,1629.0,1629.35,1626.5,1628.6,424249
2024-08-19 15:05:00,1628.95,1632.85,1628.75,1632.0,828306
2024-08-19 15:15:00,1632.0,1634.7,1631.45,1632.75,662870
2024-08-19 15:25:00,1633.2,1634.0,1631.4,1632.75,255136
2024-08-20 09:15:00,1627.45,1636.75,1627.45,1631.95,928488
2024-08-20 09:25:00,1631.95,1634.0,1630.5,1633.05,271083
2024-08-20 09:35:00,1633.05,1638.0,1632.95,1637.5,326908
2024-08-20 09:45:00,1637.5,1639.55,1635.0,1637.4,334058
2024-08-20 09:55:00,1637.5,1640.0,1635.3,1639.55,314228
2024-08-20 10:05:00,1639.85,1641.5,1638.0,1640.5,248233
2024-08-20 10:15:00,1640.95,1641.15,1637.15,1637.3,213648
2024-08-20 10:25:00,1637.65,1641.35,1637.0,1640.5,217185
2024-08-20 10:35:00,1640.05,1641.25,1638.25,1638.55,187777
2024-08-20 10:45:00,1638.3,1640.0,1638.0,1638.45,168056
2024-08-20 10:55:00,1638.45,1639.2,1637.2,1637.85,179852
2024-08-20 11:05:00,1637.85,1641.8,1637.75,1641.2,282120
2024-08-20 11:15:00,1641.15,1644.0,1640.8,1643.7,310269
2024-08-20 11:25:00,1643.2,1643.8,1641.4,1642.9,202281
2024-08-20 11:35:00,1642.9,1643.35,1640.95,1642.35,172549
2024-08-20 11:45:00,1642.55,1644.9,1642.15,1644.3,217447
2024-08-20 11:55:00,1644.3,1644.95,1643.0,1643.95,197181
2024-08-20 12:05:00,1643.95,1644.95,1643.2,1644.6,117180
2024-08-20 12:15:00,1644.55,1645.9,1644.0,1645.0,213799
2024-08-20 12:25:00,1645.1,1646.0,1644.15,1645.95,177151
2024-08-20 12:35:00,1645.9,1646.0,1643.25,1643.95,212285
2024-08-20 12:45:00,1643.8,1645.0,1643.5,1644.8,183210
2024-08-20 12:55:00,1644.6,1645.9,1644.0,1645.35,170538
2024-08-20 13:05:00,1645.0,1645.65,1644.0,1645.45,168537
2024-08-20 13:15:00,1645.45,1645.45,1642.2,1642.75,362440
2024-08-20 13:25:00,1642.75,1643.95,1640.65,1642.4,210798
2024-08-20 13:35:00,1642.5,1643.8,1641.95,1643.45,156724
2024-08-20 13:45:00,1643.2,1643.7,1641.75,1642.3,196403
2024-08-20 13:55:00,1642.45,1643.2,1640.35,1641.55,219695
2024-08-20 14:05:00,1641.05,1642.7,1640.75,1642.5,261273
2024-08-20 14:15:00,1642.5,1643.2,1640.75,1641.0,367830
2024-08-20 14:25:00,1640.95,1642.65,1640.05,1641.35,320249
2024-08-20 14:35:00,1641.65,1642.0,1641.0,1641.8,227991
2024-08-20 14:45:00,1641.8,1642.6,1641.0,1641.3,268462
2024-08-20 14:55:00,1641.2,1642.5,1638.0,1640.2,1038937
2024-08-20 15:05:00,1640.2,1640.35,1635.8,1636.75,2833607
2024-08-20 15:15:00,1636.85,1638.8,1635.1,1636.75,1784310
2024-08-20 15:25:00,1636.75,1636.75,1633.2,1634.0,784061
2024-08-21 09:15:00,1628.1,1634.55,1628.1,1629.05,1814671
2024-08-21 09:25:00,1629.2,1629.55,1625.0,1627.05,880303
2024-08-21 09:35:00,1627.0,1627.5,1624.1,1625.6,604627
2024-08-21 09:45:00,1625.6,1629.0,1625.4,1625.5,475282
2024-08-21 09:55:00,1625.75,1628.75,1625.45,1628.45,238835
2024-08-21 10:05:00,1628.55,1628.85,1626.75,1628.0,240983
2024-08-21 10:15:00,1628.05,1630.7,1627.75,1630.45,244881
2024-08-21 10:25:00,1630.45,1630.9,1628.15,1628.55,198545
2024-08-21 10:35:00,1628.5,1629.05,1625.6,1626.7,351776
2024-08-21 10:45:00,1626.65,1627.45,1626.15,1627.05,163346
2024-08-21 10:55:00,1627.05,1628.1,1626.35,1626.75,223079
2024-08-21 11:05:00,1627.0,1627.25,1620.35,1622.9,993137
2024-08-21 11:15:00,1622.9,1625.6,1621.7,1625.5,453854
2024-08-21 11:25:00,1625.5,1628.5,1625.3,1626.05,408142
2024-08-21 11:35:00,1625.95,1626.55,1621.1,1621.85,713190
2024-08-21 11:45:00,1621.85,1623.0,1621.05,1622.65,418484
2024-08-21 11:55:00,1622.65,1623.85,1621.8,1622.75,365731
2024-08-21 12:05:00,1623.15,1624.4,1621.95,1623.35,288454
2024-08-21 12:15:00,1623.4,1624.0,1621.85,1623.0,299534
2024-08-21 12:25:00,1622.95,1623.8,1621.15,1622.05,262651
2024-08-21 12:35:00,1622.2,1622.6,1619.45,1620.9,558242
2024-08-21 12:45:00,1620.6,1622.15,1619.9,1621.35,478422
2024-08-21 12:55:00,1620.75,1622.0,1620.55,1620.9,285344
2024-08-21 13:05:00,1620.85,1622.3,1620.45,1622.2,233859
2024-08-21 13:15:00,1622.2,1622.35,1617.8,1618.7,721501
2024-08-21 13:25:00,1618.95,1620.2,1618.0,1618.9,324193
2024-08-21 13:35:00,1618.9,1620.8,1618.25,1620.45,338087
2024-08-21 13:45:00,1620.45,1621.85,1619.8,1621.5,214623
2024-08-21 13:55:00,1621.5,1622.0,1619.7,1621.75,225325
2024-08-21 14:05:00,1621.75,1622.75,1620.85,1622.15,174926
2024-08-21 14:15:00,1622.15,1622.45,1620.35,1621.85,315801
2024-08-21 14:25:00,1621.85,1622.5,1620.3,1620.8,284550
2024-08-21 14:35:00,1620.8,1623.4,1620.6,1623.3,416232
2024-08-21 14:45:00,1623.25,1624.9,1622.95,1624.35,934946
2024-08-21 14:55:00,1623.7,1626.25,1623.25,1624.35,2700690
2024-08-21 15:05:00,1624.3,1627.0,1623.55,1626.6,3241542
2024-08-21 15:15:00,1626.6,1628.95,1625.2,1628.0,1657875
2024-08-21 15:25:00,1627.45,1628.6,1627.0,1628.0,417547
2024-08-22 09:15:00,1632.0,1633.8,1628.0,1632.0,612327
2024-08-22 09:25:00,1632.0,1636.35,1631.0,1635.45,396040
2024-08-22 09:35:00,1635.15,1638.3,1635.1,1635.1,232894
2024-08-22 09:45:00,1635.1,1635.4,1631.0,1632.1,252871
2024-08-22 09:55:00,1632.1,1635.0,1630.5,1631.5,425697
2024-08-22 10:05:00,1631.5,1634.0,1631.45,1633.8,138950
2024-08-22 10:15:00,1633.8,1634.8,1633.0,1634.45,131346
2024-08-22 10:25:00,1634.4,1635.0,1632.55,1634.05,181953
2024-08-22 10:35:00,1634.05,1634.85,1632.5,1632.8,158049
2024-08-22 10:45:00,1632.8,1633.25,1630.0,1631.7,194881
2024-08-22 10:55:00,1631.7,1631.75,1630.0,1630.4,130990
2024-08-22 11:05:00,1630.35,1631.0,1629.0,1630.8,200123
2024-08-22 11:15:00,1630.5,1632.0,1629.75,1631.1,157814
2024-08-22 11:25:00,1631.1,1633.0,1630.6,1632.0,168674
2024-08-22 11:35:00,1631.95,1634.45,1631.9,1634.15,234053
2024-08-22 11:45:00,1634.15,1634.4,1632.95,1633.6,186751
2024-08-22 11:55:00,1633.65,1634.2,1633.0,1633.8,121275
2024-08-22 12:05:00,1633.95,1634.2,1631.2,1632.6,237464
2024-08-22 12:15:00,1633.0,1633.0,1631.4,1632.3,145444
2024-08-22 12:25:00,1632.75,1634.25,1632.25,1632.85,245799
2024-08-22 12:35:00,1632.65,1633.45,1632.0,1632.35,149084
2024-08-22 12:45:00,1632.9,1634.9,1632.4,1634.4,152567
2024-08-22 12:55:00,1634.9,1635.0,1633.1,1633.35,202309
2024-08-22 13:05:00,1633.25,1634.8,1633.05,1634.75,132658
2024-08-22 13:15:00,1634.8,1635.9,1634.4,1635.55,212782
2024-08-22 13:25:00,1635.35,1635.9,1634.25,1634.95,167779
2024-08-22 13:35:00,1634.95,1635.65,1634.05,1635.0,135752
2024-08-22 13:45:00,1635.0,1635.65,1633.6,1634.05,175339
2024-08-22 13:55:00,1634.4,1634.65,1633.3,1634.0,194633
2024-08-22 14:05:00,1634.0,1634.65,1632.55,1634.0,289483
2024-08-22 14:15:00,1634.05,1634.8,1632.45,1632.65,208524
2024-08-22 14:25:00,1632.7,1633.4,1630.7,1631.7,318532
2024-08-22 14:35:00,1632.0,1633.3,1631.35,1632.25,184930
2024-08-22 14:45:00,1632.2,1632.9,1631.4,1632.3,367477
2024-08-22 14:55:00,1632.3,1632.7,1628.55,1631.55,793805
2024-08-22 15:05:00,1631.5,1632.65,1629.25,1632.1,1100369
2024-08-22 15:15:00,1632.2,1633.0,1631.25,1631.6,784927
2024-08-22 15:25:00,1631.8,1632.05,1628.0,1628.6,377122
2024-08-23 09:15:00,1634.0,1634.0,1625.05,1631.0,705910
2024-08-23 09:25:00,1631.25,1631.6,1626.2,1628.15,303295
2024-08-23 09:35:00,1628.8,1629.45,1626.2,1626.65,252769
2024-08-23 09:45:00,1626.95,1629.8,1626.35,1629.2,351646
2024-08-23 09:55:00,1629.2,1632.0,1628.85,1630.1,269754
2024-08-23 10:05:00,1630.05,1631.0,1627.3,1627.85,212173
2024-08-23 10:15:00,1628.35,1629.1,1627.15,1628.0,205755
2024-08-23 10:25:00,1627.8,1629.8,1627.2,1627.9,165710
2024-08-23 10:35:00,1628.0,1629.55,1627.15,1628.4,203968
2024-08-23 10:45:00,1628.85,1630.35,1628.4,1629.6,256163
2024-08-23 10:55:00,1629.55,1630.2,1628.3,1629.9,188086
2024-08-23 11:05:00,1629.9,1630.25,1628.8,1629.95,209582
2024-08-23 11:15:00,1629.9,1630.35,1628.65,1629.9,136124
2024-08-23 11:25:00,1629.8,1630.7,1629.4,1630.45,354469
2024-08-23 11:35:00,1630.4,1631.65,1629.85,1631.0,222613
2024-08-23 11:45:00,1631.0,1631.9,1630.15,1631.0,103762
2024-08-23 11:55:00,1630.95,1631.0,1629.05,1629.7,254977
2024-08-23 12:05:00,1629.55,1629.7,1629.1,1629.5,150404
2024-08-23 12:15:00,1629.45,1629.55,1628.6,1629.45,162396
2024-08-23 12:25:00,1629.45,1629.5,1628.55,1629.5,113170
2024-08-23 12:35:00,1629.45,1630.5,1628.55,1629.0,188870
2024-08-23 12:45:00,1629.0,1629.5,1627.75,1628.85,122005
2024-08-23 12:55:00,1629.0,1629.0,1628.1,1628.25,99253
2024-08-23 13:05:00,1628.2,1628.8,1627.5,1628.0,149907
2024-08-23 13:15:00,1627.65,1628.0,1627.0,1627.95,120428
2024-08-23 13:25:00,1627.95,1628.4,1627.0,1627.5,98142
2024-08-23 13:35:00,1627.25,1627.85,1625.95,1627.3,176919
2024-08-23 13:45:00,1627.2,1627.55,1625.5,1625.65,147291
2024-08-23 13:55:00,1625.65,1626.75,1624.0,1625.55,265280
2024-08-23 14:05:00,1625.75,1625.85,1624.0,1625.15,181307
2024-08-23 14:15:00,1625.15,1627.65,1625.0,1627.3,184089
2024-08-23 14:25:00,1627.3,1628.35,1626.05,1627.95,269981
2024-08-23 14:35:00,1627.95,1628.0,1625.55,1625.9,253381
2024-08-23 14:45:00,1626.3,1626.95,1624.35,1625.95,309096
2024-08-23 14:55:00,1625.95,1627.8,1624.45,1627.75,450358
2024-08-23 15:05:00,1627.8,1628.35,1623.2,1623.75,978690
2024-08-23 15:15:00,1623.75,1626.7,1623.0,1624.8,844983
2024-08-23 15:25:00,1624.8,1626.45,1623.85,1625.2,253157
2024-08-26 09:15:00,1632.2,1638.95,1632.2,1638.85,787617
2024-08-26 09:25:00,1638.85,1644.5,1638.65,1644.5,624780
2024-08-26 09:35:00,1644.2,1645.55,1642.35,1644.95,453855
2024-08-26 09:45:00,1645.0,1646.8,1642.95,1645.85,485424
2024-08-26 09:55:00,1645.9,1646.8,1643.7,1644.25,248235
2024-08-26 10:05:00,1644.25,1646.75,1644.05,1645.35,221152
2024-08-26 10:15:00,1645.35,1647.3,1645.2,1646.2,248797
2024-08-26 10:25:00,1646.2,1646.55,1643.1,1644.0,188703
2024-08-26 10:35:00,1643.65,1646.0,1643.45,1644.8,184670
2024-08-26 10:45:00,1644.8,1645.0,1640.1,1640.35,373035
2024-08-26 10:55:00,1640.5,1642.9,1640.25,1641.75,194689
2024-08-26 11:05:00,1641.7,1643.0,1641.0,1642.95,130675
2024-08-26 11:15:00,1642.95,1644.4,1642.5,1642.9,184757
2024-08-26 11:25:00,1642.9,1643.85,1642.65,1643.1,144884
2024-08-26 11:35:00,1643.1,1644.2,1642.8,1643.0,137422
2024-08-26 11:45:00,1643.0,1643.6,1642.4,1642.85,128384
2024-08-26 11:55:00,1642.85,1643.75,1642.5,1642.8,148912
2024-08-26 12:05:00,1642.75,1643.05,1641.75,1641.75,172327
2024-08-26 12:15:00,1641.75,1642.5,1641.25,1641.7,194007
2024-08-26 12:25:00,1641.65,1642.95,1641.3,1642.75,155951
2024-08-26 12:35:00,1642.75,1644.65,1642.1,1643.2,172477
2024-08-26 12:45:00,1643.8,1644.9,1643.35,1644.3,139383
2024-08-26 12:55:00,1644.3,1645.9,1643.75,1645.9,186602
2024-08-26 13:05:00,1645.9,1647.95,1645.5,1647.5,301342
2024-08-26 13:15:00,1647.7,1647.85,1645.6,1645.9,213150
2024-08-26 13:25:00,1645.9,1646.45,1644.8,1645.4,213700
2024-08-26 13:35:00,1645.5,1646.4,1644.85,1645.7,201137
2024-08-26 13:45:00,1645.85,1646.45,1645.05,1646.1,186155
2024-08-26 13:55:00,1646.1,1646.5,1645.9,1646.35,196908
2024-08-26 14:05:00,1646.2,1646.75,1644.4,1644.75,328796
2024-08-26 14:15:00,1644.65,1645.15,1643.55,1644.4,171921
2024-08-26 14:25:00,1644.4,1644.95,1642.15,1642.65,192304
2024-08-26 14:35:00,1642.65,1643.75,1640.15,1641.65,206881
2024-08-26 14:45:00,1641.65,1641.95,1640.2,1640.5,304543
2024-08-26 14:55:00,1640.65,1641.15,1637.55,1638.2,713528
2024-08-26 15:05:00,1638.0,1641.0,1637.95,1639.4,732257
2024-08-26 15:15:00,1639.4,1641.7,1639.4,1639.95,800532
2024-08-26 15:25:00,1639.9,1640.9,1636.6,1639.0,311691
2024-08-27 09:15:00,1643.4,1644.35,1635.35,1638.0,674277
2024-08-27 09:25:00,1637.5,1638.0,1634.05,1635.05,375354
2024-08-27 09:35:00,1635.3,1635.65,1632.2,1634.1,260409
2024-08-27 09:45:00,1634.1,1641.95,1633.0,1640.5,351129
2024-08-27 09:55:00,1640.5,1644.95,1639.05,1643.25,611675
2024-08-27 10:05:00,1643.7,1644.25,1639.3,1639.55,477832
2024-08-27 10:15:00,1639.9,1640.95,1638.25,1639.55,239057
2024-08-27 10:25:00,1639.55,1639.8,1633.5,1636.8,416443
2024-08-27 10:35:00,1636.95,1640.4,1636.15,1637.45,431203
2024-08-27 10:45:00,1637.15,1641.45,1636.3,1639.9,471100
2024-08-27 10:55:00,1639.9,1642.0,1637.25,1639.65,403271
2024-08-27 11:05:00,1639.65,1642.6,1639.15,1639.85,402178
2024-08-27 11:15:00,1639.85,1644.35,1639.3,1642.15,652183
2024-08-27 11:25:00,1642.1,1646.65,1641.4,1645.7,1058112
2024-08-27 11:35:00,1645.65,1647.4,1645.1,1645.9,710269
2024-08-27 11:45:00,1645.9,1645.95,1642.8,1643.1,291581
2024-08-27 11:55:00,1643.05,1643.2,1640.7,1641.25,224978
2024-08-27 12:05:00,1641.25,1643.8,1640.8,1641.5,201398
2024-08-27 12:15:00,1641.5,1643.0,1639.35,1641.35,302125
2024-08-27 12:25:00,1641.8,1642.0,1640.05,1640.5,246349
2024-08-27 12:35:00,1640.35,1640.75,1639.1,1640.45,240858
2024-08-27 12:45:00,1640.45,1642.2,1639.35,1640.15,293577
2024-08-27 12:55:00,1640.05,1641.55,1638.5,1640.65,212343
2024-08-27 13:05:00,1640.6,1641.85,1639.4,1640.6,218718
2024-08-27 13:15:00,1640.6,1640.65,1639.0,1639.7,288028
2024-08-27 13:25:00,1639.7,1640.0,1636.45,1638.0,353271
2024-08-27 13:35:00,1638.0,1640.6,1637.85,1639.65,182093
2024-08-27 13:45:00,1639.65,1639.65,1638.15,1639.0,240347
2024-08-27 13:55:00,1638.9,1639.6,1637.5,1639.1,213312
2024-08-27 14:05:00,1638.95,1639.9,1637.75,1638.25,210543
2024-08-27 14:15:00,1638.25,1639.0,1636.85,1637.75,300817
2024-08-27 14:25:00,1637.8,1638.8,1636.1,1638.7,267834
2024-08-27 14:35:00,1638.7,1639.4,1637.2,1638.45,330649
2024-08-27 14:45:00,1638.9,1638.9,1634.15,1636.7,715567
2024-08-27 14:55:00,1636.5,1639.6,1634.7,1638.7,1727284
2024-08-27 15:05:00,1638.7,1640.1,1637.2,1637.95,1752477
2024-08-27 15:15:00,1638.0,1638.55,1635.6,1636.6,990925
2024-08-27 15:25:00,1636.75,1636.75,1632.6,1634.9,301989
2024-08-28 09:15:00,1637.75,1639.75,1635.25,1638.45,418811
2024-08-28 09:25:00,1638.45,1638.95,1637.0,1637.85,175901
2024-08-28 09:35:00,1637.85,1639.65,1635.05,1636.0,172512
2024-08-28 09:45:00,1635.65,1638.95,1635.0,1638.95,177276
2024-08-28 09:55:00,1638.95,1639.0,1637.0,1637.65,137206
2024-08-28 10:05:00,1637.85,1638.0,1633.1,1633.7,159104
2024-08-28 10:15:00,1633.6,1634.4,1632.5,1633.3,168822
2024-08-28 10:25:00,1633.3,1634.6,1632.0,1632.8,146126
2024-08-28 10:35:00,1633.0,1633.2,1630.2,1630.8,198150
2024-08-28 10:45:00,1630.75,1633.0,1630.55,1632.8,188605
2024-08-28 10:55:00,1632.5,1636.0,1632.15,1635.3,206880
2024-08-28 11:05:00,1635.3,1636.95,1635.0,1636.9,206622
2024-08-28 11:15:00,1636.9,1637.9,1636.3,1637.35,246264
2024-08-28 11:25:00,1637.2,1637.5,1635.8,1636.8,254780
2024-08-28 11:35:00,1636.8,1637.5,1635.45,1636.05,203504
2024-08-28 11:45:00,1636.25,1636.4,1634.4,1634.7,236471
2024-08-28 11:55:00,1634.7,1635.15,1633.0,1635.15,266875
2024-08-28 12:05:00,1635.15,1636.15,1634.75,1635.4,142072
2024-08-28 12:15:00,1635.4,1636.65,1635.0,1636.3,218096
2024-08-28 12:25:00,1636.35,1636.4,1634.6,1634.8,297342
2024-08-28 12:35:00,1634.8,1635.0,1633.05,1633.4,245874
2024-08-28 12:45:00,1633.4,1634.1,1633.0,1634.1,198385
2024-08-28 12:55:00,1634.1,1634.75,1633.4,1634.7,182427
2024-08-28 13:05:00,1634.75,1634.9,1633.45,1634.2,239013
2024-08-28 13:15:00,1634.5,1634.8,1633.6,1634.75,207295
2024-08-28 13:25:00,1634.65,1635.1,1634.0,1634.9,224116
2024-08-28 13:35:00,1634.9,1635.8,1634.3,1635.65,230306
2024-08-28 13:45:00,1635.8,1636.45,1635.4,1636.05,260697
2024-08-28 13:55:00,1636.0,1636.85,1635.35,1636.8,283691
2024-08-28 14:05:00,1636.85,1637.95,1636.45,1637.6,291755
2024-08-28 14:15:00,1637.6,1638.25,1636.15,1637.6,398428
2024-08-28 14:25:00,1637.5,1638.3,1636.5,1637.55,331748
2024-08-28 14:35:00,1637.7,1638.55,1636.5,1637.15,533816
2024-08-28 14:45:00,1637.0,1637.75,1635.25,1635.8,1053045
2024-08-28 14:55:00,1635.75,1638.55,1635.4,1637.65,1169816
2024-08-28 15:05:00,1637.6,1638.7,1636.35,1637.0,2051671
2024-08-28 15:15:00,1636.8,1637.5,1634.95,1635.85,986178
2024-08-28 15:25:00,1635.8,1636.0,1634.65,1635.95,251692
2024-08-29 09:15:00,1642.0,1644.4,1635.3,1644.15,1391931
2024-08-29 09:25:00,1644.05,1644.35,1641.45,1641.95,636854
2024-08-29 09:35:00,1641.95,1644.0,1640.2,1641.0,444800
2024-08-29 09:45:00,1641.4,1642.0,1638.75,1639.95,575807
2024-08-29 09:55:00,1639.95,1640.2,1638.05,1638.6,494402
2024-08-29 10:05:00,1638.75,1639.25,1637.0,1637.65,444478
2024-08-29 10:15:00,1637.55,1637.6,1633.6,1633.8,664722
2024-08-29 10:25:00,1633.85,1637.3,1633.7,1637.15,334504
2024-08-29 10:35:00,1637.15,1638.0,1636.2,1637.65,422540
2024-08-29 10:45:00,1637.1,1637.8,1635.15,1635.35,350826
2024-08-29 10:55:00,1635.2,1636.55,1633.15,1636.4,628283
2024-08-29 11:05:00,1636.5,1637.1,1634.85,1635.45,390420
2024-08-29 11:15:00,1635.5,1635.95,1633.0,1634.15,817437
2024-08-29 11:25:00,1634.2,1634.55,1633.5,1634.0,538668
2024-08-29 11:35:00,1634.0,1634.0,1632.05,1632.95,558260
2024-08-29 11:45:00,1632.9,1633.7,1631.3,1631.75,497485
2024-08-29 11:55:00,1632.0,1634.0,1631.15,1632.8,424041
2024-08-29 12:05:00,1632.8,1634.95,1631.55,1634.9,486979
2024-08-29 12:15:00,1634.8,1636.4,1633.05,1636.35,583324
2024-08-29 12:25:00,1636.15,1638.7,1635.95,1636.75,682508
2024-08-29 12:35:00,1637.25,1638.45,1636.6,1637.15,570575
2024-08-29 12:45:00,1637.15,1637.6,1634.8,1636.1,549439
2024-08-29 12:55:00,1636.1,1638.55,1635.0,1637.85,354159
2024-08-29 13:05:00,1637.85,1639.0,1637.6,1638.75,416528
2024-08-29 13:15:00,1638.5,1640.4,1638.5,1640.35,554137
2024-08-29 13:25:00,1640.25,1640.65,1638.4,1638.95,529674
2024-08-29 13:35:00,1638.5,1641.5,1638.5,1640.4,344156
2024-08-29 13:45:00,1640.45,1641.1,1639.0,1640.5,373064
2024-08-29 13:55:00,1640.25,1641.4,1634.35,1635.05,848045
2024-08-29 14:05:00,1635.45,1638.3,1634.4,1637.1,491542
2024-08-29 14:15:00,1637.15,1639.45,1634.2,1635.2,302726
2024-08-29 14:25:00,1635.15,1636.85,1634.2,1634.5,257760
2024-08-29 14:35:00,1634.5,1636.1,1632.05,1634.0,280081
2024-08-29 14:45:00,1634.05,1637.8,1633.95,1637.75,491065
2024-08-29 14:55:00,1637.5,1641.2,1636.5,1641.0,2001316
2024-08-29 15:05:00,1640.7,1641.15,1636.15,1636.65,2140728
2024-08-29 15:15:00,1636.6,1638.7,1635.1,1636.3,1693746
2024-08-29 15:25:00,1636.75,1642.0,1635.6,1641.85,593095
2024-08-30 09:15:00,1656.0,1662.0,1650.0,1655.2,4878117
2024-08-30 09:25:00,1655.35,1656.0,1650.1,1650.4,1624398
2024-08-30 09:35:00,1650.05,1652.95,1647.55,1648.9,1182847
2024-08-30 09:45:00,1649.4,1653.0,1648.15,1651.7,1336964
2024-08-30 09:55:00,1651.75,1652.3,1648.1,1648.6,1104046
2024-08-30 10:05:00,1648.6,1649.05,1644.05,1645.65,670156
2024-08-30 10:15:00,1645.6,1646.2,1644.5,1645.65,496277
2024-08-30 10:25:00,1645.6,1646.5,1642.0,1643.75,527201
2024-08-30 10:35:00,1643.75,1646.05,1642.1,1645.65,608547
2024-08-30 10:45:00,1645.6,1646.0,1644.6,1645.65,599414
2024-08-30 10:55:00,1645.7,1646.5,1642.5,1643.4,461159
2024-08-30 11:05:00,1643.4,1643.5,1641.6,1643.05,471538
2024-08-30 11:15:00,1643.05,1643.7,1640.65,1641.0,532863
2024-08-30 11:25:00,1640.85,1642.0,1639.75,1640.15,753104
2024-08-30 11:35:00,1640.35,1641.8,1639.5,1639.95,471801
2024-08-30 11:45:00,1639.95,1641.65,1639.45,1641.35,521353
2024-08-30 11:55:00,1641.0,1643.2,1640.6,1642.35,629523
2024-08-30 12:05:00,1642.4,1643.9,1642.05,1642.7,570219
2024-08-30 12:15:00,1642.75,1643.35,1641.95,1642.0,500229
2024-08-30 12:25:00,1641.95,1644.9,1641.8,1642.45,666249
2024-08-30 12:35:00,1642.35,1643.1,1641.5,1642.0,370908
2024-08-30 12:45:00,1642.05,1642.65,1641.3,1642.1,355212
2024-08-30 12:55:00,1642.2,1643.85,1641.7,1643.25,365829
2024-08-30 13:05:00,1643.25,1646.25,1643.25,1645.7,565409
2024-08-30 13:15:00,1645.7,1646.3,1644.25,1645.85,490391
2024-08-30 13:25:00,1645.85,1645.85,1643.5,1645.2,424154
2024-08-30 13:35:00,1645.05,1647.8,1645.05,1647.55,474552
2024-08-30 13:45:00,1647.55,1649.25,1646.9,1648.2,857248
2024-08-30 13:55:00,1648.2,1650.35,1648.2,1650.3,776731
2024-08-30 14:05:00,1650.3,1650.5,1647.5,1648.0,828475
2024-08-30 14:15:00,1648.0,1649.35,1647.4,1647.4,968489
2024-08-30 14:25:00,1647.4,1647.65,1642.7,1642.9,552960
2024-08-30 14:35:00,1642.9,1645.0,1641.25,1641.75,660619
2024-08-30 14:45:00,1641.8,1643.4,1641.05,1642.9,537354
2024-08-30 14:55:00,1642.85,1647.65,1632.45,1640.85,39158187
2024-08-30 15:05:00,1640.75,1640.85,1626.6,1634.2,70325268
2024-08-30 15:15:00,1634.75,1640.65,1632.9,1637.4,64332270
2024-08-30 15:25:00,1637.4,1640.25,1621.15,1625.45,20458825
2024-09-02 09:15:00,1646.8,1646.8,1630.05,1635.8,1171314
2024-09-02 09:25:00,1635.55,1637.0,1633.5,1636.4,511880
2024-09-02 09:35:00,1636.4,1639.0,1634.25,1637.75,363001
2024-09-02 09:45:00,1637.5,1640.4,1637.05,1639.35,423277
2024-09-02 09:55:00,1639.8,1641.4,1638.55,1639.5,897510
2024-09-02 10:05:00,1639.8,1640.45,1637.2,1638.9,405060
2024-09-02 10:15:00,1638.95,1639.35,1635.1,1635.1,328946
2024-09-02 10:25:00,1635.45,1635.75,1633.0,1633.75,292355
2024-09-02 10:35:00,1633.75,1634.5,1632.0,1632.0,203929
2024-09-02 10:45:00,1632.0,1633.75,1631.6,1632.85,257240
2024-09-02 10:55:00,1633.0,1634.25,1632.05,1633.3,337821
2024-09-02 11:05:00,1633.3,1636.0,1633.15,1635.9,261334
2024-09-02 11:15:00,1635.95,1636.85,1635.25,1636.75,209684
2024-09-02 11:25:00,1636.75,1636.9,1635.0,1635.7,251786
2024-09-02 11:35:00,1635.75,1635.75,1631.85,1631.95,211035
2024-09-02 11:45:00,1631.95,1632.15,1630.5,1630.8,167746
2024-09-02 11:55:00,1630.9,1631.6,1628.6,1631.6,294127
2024-09-02 12:05:00,1631.7,1632.05,1630.2,1631.25,254660
2024-09-02 12:15:00,1631.35,1631.75,1628.0,1629.3,321601
2024-09-02 12:25:00,1629.3,1630.25,1628.4,1628.95,480652
2024-09-02 12:35:00,1628.95,1629.0,1626.55,1627.0,183393
2024-09-02 12:45:00,1627.2,1627.3,1624.65,1624.9,336825
2024-09-02 12:55:00,1624.95,1628.6,1624.85,1628.2,295299
2024-09-02 13:05:00,1628.15,1629.6,1628.0,1628.75,267736
2024-09-02 13:15:00,1628.75,1629.25,1626.6,1627.2,412902
2024-09-02 13:25:00,1627.2,1627.85,1625.3,1626.9,268308
2024-09-02 13:35:00,1627.0,1627.4,1625.0,1626.5,261837
2024-09-02 13:45:00,1626.55,1628.0,1626.05,1626.5,164698
2024-09-02 13:55:00,1626.7,1627.95,1625.0,1627.3,456342
2024-09-02 14:05:00,1627.4,1628.45,1626.45,1627.15,535219
2024-09-02 14:15:00,1627.2,1630.05,1626.5,1630.05,637350
2024-09-02 14:25:00,1630.45,1630.45,1627.4,1628.35,222886
2024-09-02 14:35:00,1628.5,1630.25,1627.75,1629.0,363170
2024-09-02 14:45:00,1629.0,1630.35,1627.2,1627.95,417932
2024-09-02 14:55:00,1627.95,1629.0,1626.5,1628.8,729538
2024-09-02 15:05:00,1628.75,1628.8,1626.0,1626.45,1237682
2024-09-02 15:15:00,1626.5,1627.3,1625.55,1626.0,923720
2024-09-02 15:25:00,1626.1,1626.95,1623.2,1626.0,642853
2024-09-03 09:15:00,1634.0,1634.0,1626.3,1629.9,811319
2024-09-03 09:25:00,1630.0,1633.2,1629.65,1631.4,444252
2024-09-03 09:35:00,1631.35,1632.6,1629.85,1630.0,236414
2024-09-03 09:45:00,1629.95,1630.6,1627.8,1628.95,278499
2024-09-03 09:55:00,1628.95,1631.65,1626.8,1630.0,965252
2024-09-03 10:05:00,1630.0,1631.0,1629.45,1630.0,362499
2024-09-03 10:15:00,1630.0,1631.3,1629.95,1631.15,219623
2024-09-03 10:25:00,1631.15,1631.15,1628.65,1630.3,291618
2024-09-03 10:35:00,1630.3,1633.95,1630.3,1633.0,216973
2024-09-03 10:45:00,1633.0,1633.6,1631.5,1631.7,253643
2024-09-03 10:55:00,1631.7,1632.95,1631.0,1632.3,233189
2024-09-03 11:05:00,1632.3,1633.0,1629.0,1629.0,290674
2024-09-03 11:15:00,1628.6,1630.5,1627.0,1629.5,414819
2024-09-03 11:25:00,1629.5,1630.2,1628.65,1628.75,256971
2024-09-03 11:35:00,1629.25,1630.55,1628.7,1629.0,183917
2024-09-03 11:45:00,1629.0,1629.9,1626.05,1626.4,283780
2024-09-03 11:55:00,1626.4,1628.0,1625.2,1627.65,256733
2024-09-03 12:05:00,1627.65,1629.65,1626.75,1628.85,288784
2024-09-03 12:15:00,1628.8,1630.4,1628.8,1629.4,406813
2024-09-03 12:25:00,1629.4,1630.2,1627.5,1628.0,442818
2024-09-03 12:35:00,1628.0,1629.95,1627.85,1629.25,295327
2024-09-03 12:45:00,1629.25,1630.5,1628.5,1630.0,435687
2024-09-03 12:55:00,1630.05,1631.0,1628.95,1630.0,255381
2024-09-03 13:05:00,1630.35,1630.95,1628.9,1630.3,250522
2024-09-03 13:15:00,1630.45,1630.9,1629.1,1630.0,237097
2024-09-03 13:25:00,1630.1,1630.4,1628.05,1629.0,378388
2024-09-03 13:35:00,1629.0,1630.0,1628.6,1628.8,296280
2024-09-03 13:45:00,1629.15,1630.8,1628.3,1628.3,182848
2024-09-03 13:55:00,1628.7,1628.85,1624.6,1626.55,533526
2024-09-03 14:05:00,1626.55,1629.45,1626.0,1627.3,455454
2024-09-03 14:15:00,1627.3,1627.85,1625.7,1627.45,231202
2024-09-03 14:25:00,1626.95,1630.7,1626.9,1629.7,259748
2024-09-03 14:35:00,1629.7,1632.9,1628.55,1631.75,574796
2024-09-03 14:45:00,1631.65,1633.5,1630.7,1631.95,624968
2024-09-03 14:55:00,1631.95,1637.35,1631.85,1636.8,2099915
2024-09-03 15:05:00,1636.55,1639.95,1635.95,1638.45,2092159
2024-09-03 15:15:00,1638.5,1639.8,1635.9,1638.65,1539027
2024-09-03 15:25:00,1639.0,1639.1,1637.3,1637.6,376211
2024-09-04 09:15:00,1639.0,1644.8,1633.15,1634.0,1459998
2024-09-04 09:25:00,1633.95,1635.5,1632.85,1635.15,374299
2024-09-04 09:35:00,1635.15,1635.25,1632.15,1632.5,377979
2024-09-04 09:45:00,1632.5,1634.85,1632.0,1633.55,239500
2024-09-04 09:55:00,1633.75,1638.1,1633.65,1637.1,198334
2024-09-04 10:05:00,1637.1,1640.4,1636.8,1639.1,230584
2024-09-04 10:15:00,1639.15,1640.6,1637.6,1638.0,398125
2024-09-04 10:25:00,1638.0,1639.55,1637.0,1638.95,122683
2024-09-04 10:35:00,1639.15,1641.9,1638.6,1641.5,184352
2024-09-04 10:45:00,1641.5,1642.6,1641.0,1641.0,169143
2024-09-04 10:55:00,1641.0,1643.3,1641.0,1642.9,164125
2024-09-04 11:05:00,1642.9,1643.0,1640.7,1640.95,126645
2024-09-04 11:15:00,1641.2,1641.95,1640.05,1641.55,190988
2024-09-04 11:25:00,1641.8,1643.45,1641.8,1642.45,141398
2024-09-04 11:35:00,1642.45,1643.2,1641.0,1643.15,202330
2024-09-04 11:45:00,1643.1,1644.0,1641.75,1641.95,110556
2024-09-04 11:55:00,1641.95,1642.8,1641.15,1641.25,98146
2024-09-04 12:05:00,1641.6,1641.95,1640.45,1640.85,109962
2024-09-04 12:15:00,1641.0,1641.95,1639.35,1639.95,168028
2024-09-04 12:25:00,1639.95,1640.0,1638.5,1638.95,206479
2024-09-04 12:35:00,1638.85,1639.5,1638.35,1638.7,105671
2024-09-04 12:45:00,1638.4,1639.7,1638.4,1639.1,124777
2024-09-04 12:55:00,1639.1,1640.0,1638.85,1639.85,107939
2024-09-04 13:05:00,1639.95,1641.35,1639.8,1640.4,123928
2024-09-04 13:15:00,1640.5,1641.5,1639.15,1639.65,158572
2024-09-04 13:25:00,1639.65,1641.2,1639.15,1640.35,146055
2024-09-04 13:35:00,1640.45,1640.45,1639.15,1639.45,178972
2024-09-04 13:45:00,1639.2,1641.5,1639.15,1640.45,158533
2024-09-04 13:55:00,1640.25,1641.9,1639.6,1641.7,160296
2024-09-04 14:05:00,1641.75,1641.8,1639.2,1639.75,338736
2024-09-04 14:15:00,1639.7,1639.9,1637.8,1639.75,248144
2024-09-04 14:25:00,1639.7,1639.8,1637.4,1637.85,258446
2024-09-04 14:35:00,1637.85,1641.6,1637.45,1641.35,334809
2024-09-04 14:45:00,1641.35,1642.0,1638.7,1640.85,493019
2024-09-04 14:55:00,1640.8,1642.0,1639.45,1641.7,905547
2024-09-04 15:05:00,1641.15,1643.0,1640.0,1642.35,1212700
2024-09-04 15:15:00,1642.35,1643.35,1641.3,1643.2,740021
2024-09-04 15:25:00,1642.95,1644.0,1640.35,1641.05,324827
2024-09-05 09:15:00,1646.0,1649.9,1643.55,1648.25,1315854
2024-09-05 09:25:00,1648.25,1649.0,1645.35,1645.75,316035
2024-09-05 09:35:00,1645.6,1647.85,1645.35,1646.4,298596
2024-09-05 09:45:00,1646.4,1648.8,1646.25,1648.05,265636
2024-09-05 09:55:00,1648.05,1649.5,1647.65,1647.75,346213
2024-09-05 10:05:00,1647.75,1649.25,1647.5,1647.6,278727
2024-09-05 10:15:00,1647.6,1649.0,1646.6,1646.75,192022
2024-09-05 10:25:00,1646.75,1648.5,1645.8,1646.0,307654
2024-09-05 10:35:00,1646.0,1647.2,1644.45,1644.75,258123
2024-09-05 10:45:00,1644.75,1645.7,1644.0,1644.4,134279
2024-09-05 10:55:00,1644.4,1646.35,1643.7,1644.5,236651
2024-09-05 11:05:00,1644.5,1645.05,1643.6,1644.95,241768
2024-09-05 11:15:00,1644.95,1645.0,1644.1,1645.0,172959
2024-09-05 11:25:00,1644.85,1645.05,1644.0,1644.55,182901
2024-09-05 11:35:00,1644.8,1644.85,1643.35,1643.6,249549
2024-09-05 11:45:00,1643.6,1643.8,1642.15,1642.9,238487
2024-09-05 11:55:00,1642.9,1643.5,1642.55,1643.4,104867
2024-09-05 12:05:00,1643.4,1643.95,1642.35,1643.4,122187
2024-09-05 12:15:00,1643.45,1643.8,1642.35,1643.05,110831
2024-09-05 12:25:00,1643.0,1643.5,1642.5,1643.0,126717
2024-09-05 12:35:00,1642.8,1643.0,1642.2,1642.6,168471
2024-09-05 12:45:00,1642.55,1644.45,1642.1,1643.65,148877
2024-09-05 12:55:00,1643.65,1644.15,1643.4,1643.9,168152
2024-09-05 13:05:00,1643.9,1643.95,1643.1,1643.75,119390
2024-09-05 13:15:00,1643.55,1643.8,1642.4,1642.95,132522
2024-09-05 13:25:00,1642.85,1643.5,1642.65,1642.8,171513
2024-09-05 13:35:00,1642.75,1643.25,1642.0,1642.25,248027
2024-09-05 13:45:00,1642.25,1643.0,1642.05,1642.85,198376
2024-09-05 13:55:00,1642.95,1643.9,1642.75,1643.9,184836
2024-09-05 14:05:00,1643.9,1644.75,1643.8,1644.75,192121
2024-09-05 14:15:00,1644.75,1645.0,1643.35,1644.35,204053
2024-09-05 14:25:00,1644.4,1644.9,1643.45,1644.75,216526
2024-09-05 14:35:00,1644.75,1645.0,1644.1,1644.4,268800
2024-09-05 14:45:00,1644.3,1644.8,1644.0,1644.75,216508
2024-09-05 14:55:00,1644.75,1645.75,1644.5,1645.75,873171
2024-09-05 15:05:00,1645.7,1647.5,1644.85,1646.5,1197156
2024-09-05 15:15:00,1646.4,1646.45,1644.25,1645.35,722388
2024-09-05 15:25:00,1645.2,1645.55,1644.15,1644.4,243996
2024-09-06 09:15:00,1638.3,1647.75,1638.1,1640.25,1469781
2024-09-06 09:25:00,1640.0,1645.0,1639.6,1642.9,548714
2024-09-06 09:35:00,1642.75,1643.0,1637.0,1640.1,395013
2024-09-06 09:45:00,1640.1,1640.25,1635.0,1637.8,231980
2024-09-06 09:55:00,1637.6,1639.6,1636.3,1638.4,166072
2024-09-06 10:05:00,1638.15,1639.0,1634.1,1638.75,329568
2024-09-06 10:15:00,1638.75,1640.0,1635.75,1639.45,306764
2024-09-06 10:25:00,1639.45,1642.0,1638.25,1639.3,453442
2024-09-06 10:35:00,1639.3,1640.25,1638.5,1639.9,128684
2024-09-06 10:45:00,1639.9,1640.55,1638.15,1640.1,128780
2024-09-06 10:55:00,1640.1,1641.5,1639.4,1641.2,117632
2024-09-06 11:05:00,1641.15,1641.2,1639.45,1641.0,83969
2024-09-06 11:15:00,1641.0,1643.0,1640.6,1640.75,268536
2024-09-06 11:25:00,1640.75,1641.0,1637.8,1640.0,221651
2024-09-06 11:35:00,1640.1,1640.5,1639.0,1640.0,79139
2024-09-06 11:45:00,1640.0,1641.0,1639.45,1640.65,123667
2024-09-06 11:55:00,1640.65,1641.5,1640.0,1640.8,56681
2024-09-06 12:05:00,1641.0,1642.0,1640.2,1641.65,105372
2024-09-06 12:15:00,1641.65,1643.85,1641.05,1643.0,106739
2024-09-06 12:25:00,1643.0,1643.0,1641.15,1641.85,52060
2024-09-06 12:35:00,1641.55,1643.5,1641.15,1643.0,143039
2024-09-06 12:45:00,1643.0,1643.15,1641.25,1641.9,126882
2024-09-06 12:55:00,1641.95,1642.5,1641.35,1642.05,266640
2024-09-06 13:05:00,1642.1,1642.5,1639.45,1639.85,179509
2024-09-06 13:15:00,1639.4,1641.35,1639.0,1639.7,133245
2024-09-06 13:25:00,1639.7,1641.35,1639.0,1640.85,89190
2024-09-06 13:35:00,1641.0,1641.3,1639.15,1639.8,643091
2024-09-06 13:45:00,1640.25,1641.35,1639.2,1639.75,134777
2024-09-06 13:55:00,1639.9,1643.0,1639.0,1642.85,176775
2024-09-06 14:05:00,1642.85,1643.0,1642.1,1643.0,133651
2024-09-06 14:15:00,1642.95,1643.5,1640.1,1640.25,291443
2024-09-06 14:25:00,1640.15,1641.6,1638.5,1640.5,523211
2024-09-06 14:35:00,1640.5,1640.95,1638.8,1640.1,357879
2024-09-06 14:45:00,1639.9,1640.25,1636.3,1639.0,777607
2024-09-06 14:55:00,1639.0,1639.4,1634.45,1636.25,1080468
2024-09-06 15:05:00,1636.15,1637.0,1634.65,1635.9,1154698
2024-09-06 15:15:00,1635.85,1639.85,1635.85,1638.6,908276
2024-09-06 15:25:00,1638.6,1639.05,1637.4,1638.15,357308
2024-09-09 09:15:00,1638.0,1638.0,1630.1,1637.0,1240221
2024-09-09 09:25:00,1637.0,1637.75,1632.45,1637.5,306182
2024-09-09 09:35:00,1636.9,1641.0,1635.3,1640.0,280429
2024-09-09 09:45:00,1639.9,1640.7,1636.5,1637.5,315898
2024-09-09 09:55:00,1637.8,1640.0,1636.3,1638.3,358067
2024-09-09 10:05:00,1638.45,1639.0,1635.5,1638.3,178846
2024-09-09 10:15:00,1638.3,1639.45,1636.6,1639.15,137064
2024-09-09 10:25:00,1639.15,1639.5,1638.0,1638.95,58392
2024-09-09 10:35:00,1638.8,1641.9,1638.1,1641.2,231610
2024-09-09 10:45:00,1641.4,1643.75,1641.0,1643.5,209414
2024-09-09 10:55:00,1643.45,1644.5,1642.4,1643.5,151961
2024-09-09 11:05:00,1643.5,1643.95,1642.55,1643.45,87227
2024-09-09 11:15:00,1643.5,1644.0,1641.15,1642.0,134679
2024-09-09 11:25:00,1642.05,1643.0,1641.4,1643.0,95494
2024-09-09 11:35:00,1643.0,1643.4,1640.35,1643.0,122696
2024-09-09 11:45:00,1642.95,1647.0,1642.4,1646.0,262973
2024-09-09 11:55:00,1645.6,1646.1,1643.2,1643.8,103050
2024-09-09 12:05:00,1643.95,1644.0,1640.0,1640.4,138720
2024-09-09 12:15:00,1640.45,1641.0,1637.0,1637.2,192877
2024-09-09 12:25:00,1637.2,1638.0,1635.5,1636.6,266580
2024-09-09 12:35:00,1636.4,1637.55,1634.85,1636.0,272217
2024-09-09 12:45:00,1636.0,1637.0,1634.4,1635.9,160660
2024-09-09 12:55:00,1635.9,1636.75,1635.05,1636.0,126598
2024-09-09 13:05:00,1636.0,1637.7,1635.05,1636.0,171351
2024-09-09 13:15:00,1635.5,1639.55,1634.7,1639.1,376111
2024-09-09 13:25:00,1638.8,1641.85,1638.2,1640.75,311208
2024-09-09 13:35:00,1640.7,1641.2,1638.6,1639.3,144529
2024-09-09 13:45:00,1639.5,1640.05,1636.95,1638.0,157707
2024-09-09 13:55:00,1637.75,1639.45,1637.2,1638.4,139139
2024-09-09 14:05:00,1638.4,1641.45,1637.95,1640.7,165230
2024-09-09 14:15:00,1640.75,1642.75,1638.85,1639.45,236984
2024-09-09 14:25:00,1639.45,1640.0,1637.85,1639.9,198546
2024-09-09 14:35:00,1639.9,1644.0,1639.9,1643.3,253916
2024-09-09 14:45:00,1643.3,1644.95,1642.5,1643.7,286959
2024-09-09 14:55:00,1643.85,1646.0,1643.0,1645.4,719808
2024-09-09 15:05:00,1645.1,1648.1,1644.0,1647.0,1293146
2024-09-09 15:15:00,1647.15,1648.2,1645.3,1646.95,1084587
2024-09-09 15:25:00,1647.0,1648.5,1644.5,1644.5,379855
2024-09-10 09:15:00,1654.0,1654.0,1644.75,1647.0,1045142
2024-09-10 09:25:00,1647.0,1647.85,1642.0,1642.4,494283
2024-09-10 09:35:00,1642.7,1645.9,1640.0,1642.65,378746
2024-09-10 09:45:00,1642.55,1642.65,1638.0,1639.1,584488
2024-09-10 09:55:00,1639.1,1641.7,1638.2,1641.5,327763
2024-09-10 10:05:00,1641.3,1642.55,1640.0,1642.0,198322
2024-09-10 10:15:00,1642.25,1643.45,1640.6,1642.0,193456
2024-09-10 10:25:00,1642.0,1644.85,1641.2,1644.5,99853
2024-09-10 10:35:00,1644.3,1645.6,1643.45,1645.5,148424
2024-09-10 10:45:00,1645.05,1646.0,1642.65,1645.75,175472
2024-09-10 10:55:00,1645.65,1647.45,1645.35,1646.85,122224
2024-09-10 11:05:00,1646.8,1646.85,1644.95,1646.4,127852
2024-09-10 11:15:00,1646.4,1647.95,1645.95,1647.05,113744
2024-09-10 11:25:00,1647.25,1647.5,1645.95,1646.9,64821
2024-09-10 11:35:00,1646.85,1648.0,1646.2,1648.0,91554
2024-09-10 11:45:00,1647.9,1649.0,1647.6,1648.95,89462
2024-09-10 11:55:00,1648.7,1649.9,1645.4,1646.0,134191
2024-09-10 12:05:00,1646.0,1648.5,1645.8,1647.15,98657
2024-09-10 12:15:00,1647.45,1648.5,1646.0,1648.5,97154
2024-09-10 12:25:00,1648.35,1650.0,1647.65,1649.5,156233
2024-09-10 12:35:00,1649.5,1651.7,1649.5,1650.8,320439
2024-09-10 12:45:00,1651.0,1651.15,1648.6,1649.85,184925
2024-09-10 12:55:00,1649.65,1650.2,1646.9,1648.1,204963
2024-09-10 13:05:00,1648.05,1650.5,1647.5,1649.8,324085
2024-09-10 13:15:00,1649.8,1650.2,1648.05,1648.55,189137
2024-09-10 13:25:00,1648.55,1649.95,1648.05,1649.7,191002
2024-09-10 13:35:00,1649.7,1650.0,1647.0,1649.8,192116
2024-09-10 13:45:00,1649.9,1651.0,1648.9,1650.4,277406
2024-09-10 13:55:00,1650.4,1651.35,1647.75,1648.65,212863
2024-09-10 14:05:00,1648.65,1649.85,1647.8,1649.0,115550
2024-09-10 14:15:00,1649.0,1649.3,1646.5,1647.95,132664
2024-09-10 14:25:00,1648.0,1649.75,1646.4,1647.4,296988
2024-09-10 14:35:00,1647.7,1651.0,1646.7,1650.0,608026
2024-09-10 14:45:00,1650.0,1650.85,1648.35,1650.05,717378
2024-09-10 14:55:00,1650.05,1650.75,1647.05,1650.35,1197105
2024-09-10 15:05:00,1649.95,1651.9,1648.2,1650.45,1523907
2024-09-10 15:15:00,1650.45,1652.0,1649.3,1651.6,1120126
2024-09-10 15:25:00,1651.6,1652.85,1650.8,1650.8,395591
2024-09-11 09:15:00,1650.4,1650.8,1644.0,1644.45,531444
2024-09-11 09:25:00,1644.45,1644.55,1641.55,1643.65,295057
2024-09-11 09:35:00,1643.65,1648.0,1643.65,1647.9,209103
2024-09-11 09:45:00,1648.0,1650.2,1647.9,1649.9,198736
2024-09-11 09:55:00,1649.5,1651.0,1647.1,1648.15,108630
2024-09-11 10:05:00,1648.15,1649.5,1647.3,1649.4,104067
2024-09-11 10:15:00,1649.4,1650.9,1648.2,1648.9,63342
2024-09-11 10:25:00,1649.25,1650.95,1648.55,1650.7,75969
2024-09-11 10:35:00,1650.5,1652.4,1650.2,1651.4,382957
2024-09-11 10:45:00,1651.4,1651.5,1648.65,1649.65,67723
2024-09-11 10:55:00,1649.65,1650.65,1647.0,1647.65,213340
2024-09-11 11:05:00,1647.45,1651.9,1647.25,1651.2,129661
2024-09-11 11:15:00,1651.2,1652.0,1649.2,1650.45,103870
2024-09-11 11:25:00,1650.45,1652.5,1648.5,1651.75,83275
2024-09-11 11:35:00,1652.0,1652.15,1645.0,1646.9,344944
2024-09-11 11:45:00,1647.2,1648.2,1645.0,1646.35,207182
2024-09-11 11:55:00,1646.8,1649.25,1646.15,1648.2,139966
2024-09-11 12:05:00,1647.95,1649.75,1647.2,1648.85,135973
2024-09-11 12:15:00,1648.85,1649.65,1647.1,1649.25,131215
2024-09-11 12:25:00,1649.45,1649.9,1647.9,1649.35,80836
2024-09-11 12:35:00,1649.35,1649.65,1647.1,1647.5,90767
2024-09-11 12:45:00,1647.5,1648.2,1646.05,1647.0,99788
2024-09-11 12:55:00,1646.9,1647.65,1645.6,1647.25,69737
2024-09-11 13:05:00,1647.25,1647.85,1646.35,1647.2,56074
2024-09-11 13:15:00,1647.2,1648.2,1646.85,1648.0,75181
2024-09-11 13:25:00,1648.05,1648.8,1646.35,1647.05,79748
2024-09-11 13:35:00,1647.05,1648.0,1646.35,1647.25,70696
2024-09-11 13:45:00,1647.45,1648.5,1646.9,1647.9,83710
2024-09-11 13:55:00,1647.9,1647.9,1645.7,1646.0,159101
2024-09-11 14:05:00,1646.0,1646.95,1644.35,1646.0,286988
2024-09-11 14:15:00,1646.0,1646.95,1644.6,1644.85,368872
2024-09-11 14:25:00,1644.75,1646.0,1643.45,1643.55,502110
2024-09-11 14:35:00,1643.55,1645.65,1643.45,1645.0,218372
2024-09-11 14:45:00,1645.0,1647.0,1644.0,1644.5,696482
2024-09-11 14:55:00,1644.4,1646.2,1641.05,1642.35,1387803
2024-09-11 15:05:00,1642.45,1643.95,1640.6,1641.55,1227590
2024-09-11 15:15:00,1641.55,1646.8,1639.2,1646.1,1069667
2024-09-11 15:25:00,1646.05,1650.75,1644.8,1650.0,754135
2024-09-12 09:15:00,1654.0,1654.0,1647.05,1649.8,649907
2024-09-12 09:25:00,1649.75,1654.0,1649.75,1652.5,428664
2024-09-12 09:35:00,1652.8,1658.5,1651.85,1657.45,618991
2024-09-12 09:45:00,1657.05,1660.6,1656.45,1656.9,604860
2024-09-12 09:55:00,1656.4,1658.0,1653.2,1654.8,245071
2024-09-12 10:05:00,1654.8,1657.7,1654.7,1655.65,123855
2024-09-12 10:15:00,1655.65,1655.8,1652.5,1653.5,142102
2024-09-12 10:25:00,1653.1,1653.8,1651.5,1653.4,140850
2024-09-12 10:35:00,1653.6,1653.8,1651.65,1651.75,130874
2024-09-12 10:45:00,1652.05,1652.9,1651.4,1651.55,140487
2024-09-12 10:55:00,1651.45,1654.45,1651.4,1652.3,155713
2024-09-12 11:05:00,1652.45,1654.2,1652.0,1652.7,120091
2024-09-12 11:15:00,1652.7,1656.0,1652.55,1653.2,165509
2024-09-12 11:25:00,1653.2,1653.6,1649.2,1651.2,434821
2024-09-12 11:35:00,1651.2,1654.9,1650.9,1654.3,130247
2024-09-12 11:45:00,1654.3,1655.5,1651.0,1651.75,146143
2024-09-12 11:55:00,1652.1,1653.6,1651.15,1652.8,128304
2024-09-12 12:05:00,1652.8,1653.75,1651.35,1653.05,128839
2024-09-12 12:15:00,1653.05,1654.0,1650.0,1650.75,240276
2024-09-12 12:25:00,1650.75,1652.15,1649.0,1650.65,158717
2024-09-12 12:35:00,1650.6,1652.1,1649.65,1651.45,155685
2024-09-12 12:45:00,1651.45,1651.55,1648.25,1649.15,193188
2024-09-12 12:55:00,1649.15,1650.45,1648.1,1650.25,173786
2024-09-12 13:05:00,1650.35,1651.85,1648.5,1649.4,162536
2024-09-12 13:15:00,1649.45,1651.7,1648.5,1650.8,121776
2024-09-12 13:25:00,1650.75,1651.7,1650.05,1650.45,122794
2024-09-12 13:35:00,1650.9,1653.0,1650.65,1652.95,155363
2024-09-12 13:45:00,1652.95,1654.0,1652.25,1653.3,171803
2024-09-12 13:55:00,1653.3,1658.6,1652.8,1658.6,720641
2024-09-12 14:05:00,1658.85,1663.3,1658.65,1661.6,1084899
2024-09-12 14:15:00,1661.6,1664.35,1661.5,1663.6,687412
2024-09-12 14:25:00,1663.6,1664.25,1662.1,1663.5,410171
2024-09-12 14:35:00,1663.35,1664.25,1662.0,1663.25,327260
2024-09-12 14:45:00,1663.25,1665.8,1663.0,1664.85,850564
2024-09-12 14:55:00,1664.5,1669.65,1663.5,1669.4,1773237
2024-09-12 15:05:00,1669.3,1670.0,1666.45,1668.85,1520164
2024-09-12 15:15:00,1668.5,1668.55,1663.5,1664.25,1934599
2024-09-12 15:25:00,1664.25,1666.4,1661.25,1661.45,415672
2024-09-13 09:15:00,1674.0,1674.0,1661.8,1662.0,915725
2024-09-13 09:25:00,1662.0,1663.75,1658.95,1660.95,211431
2024-09-13 09:35:00,1660.95,1663.8,1660.9,1662.6,212109
2024-09-13 09:45:00,1662.7,1663.15,1659.7,1660.05,179503
2024-09-13 09:55:00,1660.0,1662.25,1660.0,1661.5,112756
2024-09-13 10:05:00,1661.75,1662.25,1660.0,1660.7,105203
2024-09-13 10:15:00,1660.25,1661.95,1659.4,1661.0,116923
2024-09-13 10:25:00,1660.9,1662.75,1660.1,1661.85,123733
2024-09-13 10:35:00,1661.85,1663.4,1661.0,1662.5,170442
2024-09-13 10:45:00,1662.5,1663.3,1660.05,1661.35,186444
2024-09-13 10:55:00,1661.35,1663.5,1660.75,1663.3,123107
2024-09-13 11:05:00,1663.25,1665.75,1662.5,1664.0,616428
2024-09-13 11:15:00,1664.0,1664.85,1662.6,1664.0,138097
2024-09-13 11:25:00,1664.0,1664.45,1662.0,1662.25,66519
2024-09-13 11:35:00,1662.25,1664.95,1662.0,1664.7,125279
2024-09-13 11:45:00,1664.65,1665.45,1663.9,1665.15,106349
2024-09-13 11:55:00,1665.2,1665.5,1664.15,1664.9,57903
2024-09-13 12:05:00,1664.45,1666.2,1663.85,1665.25,116115
2024-09-13 12:15:00,1665.7,1665.7,1663.05,1664.35,182914
2024-09-13 12:25:00,1664.75,1665.8,1663.0,1663.0,196575
2024-09-13 12:35:00,1663.05,1665.55,1662.55,1663.75,260313
2024-09-13 12:45:00,1663.5,1665.75,1662.55,1664.8,271842
2024-09-13 12:55:00,1665.4,1666.55,1661.6,1662.8,1295740
2024-09-13 13:05:00,1662.95,1663.0,1661.85,1663.0,142551
2024-09-13 13:15:00,1663.0,1663.0,1658.0,1659.25,641005
2024-09-13 13:25:00,1659.25,1659.95,1657.05,1658.95,169436
2024-09-13 13:35:00,1658.95,1660.0,1658.0,1660.0,178185
2024-09-13 13:45:00,1659.9,1660.05,1659.1,1660.0,159404
2024-09-13 13:55:00,1660.0,1660.95,1659.2,1659.95,237410
2024-09-13 14:05:00,1659.95,1662.0,1659.25,1661.2,248577
2024-09-13 14:15:00,1661.4,1661.5,1659.0,1661.4,251922
2024-09-13 14:25:00,1661.4,1662.0,1660.4,1661.6,188700
2024-09-13 14:35:00,1661.6,1664.3,1661.45,1662.9,351803
2024-09-13 14:45:00,1662.85,1664.0,1662.05,1663.4,449133
2024-09-13 14:55:00,1663.35,1665.85,1662.8,1664.45,764856
2024-09-13 15:05:00,1664.3,1667.7,1664.05,1666.8,945202
2024-09-13 15:15:00,1666.85,1668.3,1664.9,1665.75,810457
2024-09-13 15:25:00,1665.95,1666.65,1663.85,1664.8,227669
2024-09-16 09:15:00,1667.0,1669.6,1664.05,1668.25,510112
2024-09-16 09:25:00,1668.0,1672.0,1667.8,1670.65,317715
2024-09-16 09:35:00,1670.65,1670.75,1667.2,1668.5,212426
2024-09-16 09:45:00,1668.5,1670.5,1668.35,1668.85,171304
2024-09-16 09:55:00,1668.9,1670.5,1667.65,1669.2,133170
2024-09-16 10:05:00,1669.5,1670.0,1668.75,1669.7,153707
2024-09-16 10:15:00,1669.6,1670.6,1669.2,1670.6,120223
2024-09-16 10:25:00,1670.65,1671.75,1670.0,1671.2,166236
2024-09-16 10:35:00,1671.15,1671.25,1670.05,1670.85,139317
2024-09-16 10:45:00,1670.4,1671.5,1668.8,1669.3,218423
2024-09-16 10:55:00,1669.3,1670.0,1667.35,1669.75,236634
2024-09-16 11:05:00,1669.95,1670.0,1667.85,1668.95,115597
2024-09-16 11:15:00,1669.0,1670.0,1668.5,1668.95,77098
2024-09-16 11:25:00,1668.95,1670.0,1668.4,1669.5,77651
2024-09-16 11:35:00,1669.5,1670.4,1669.05,1670.0,150732
2024-09-16 11:45:00,1670.0,1670.0,1668.2,1669.75,102592
2024-09-16 11:55:00,1669.75,1670.5,1669.0,1670.25,146923
2024-09-16 12:05:00,1670.2,1670.35,1669.5,1670.0,138823
2024-09-16 12:15:00,1670.0,1670.1,1668.0,1668.55,198486
2024-09-16 12:25:00,1668.65,1669.7,1668.0,1669.6,100117
2024-09-16 12:35:00,1669.6,1670.95,1669.4,1670.95,193659
2024-09-16 12:45:00,1671.0,1671.5,1670.55,1671.2,126062
2024-09-16 12:55:00,1671.15,1671.4,1670.05,1671.3,130908
2024-09-16 13:05:00,1671.4,1672.0,1671.0,1671.85,254907
2024-09-16 13:15:00,1671.85,1673.5,1671.7,1673.1,339088
2024-09-16 13:25:00,1673.25,1675.0,1672.9,1674.8,418620
2024-09-16 13:35:00,1674.9,1677.0,1674.5,1676.7,181750
2024-09-16 13:45:00,1676.65,1677.8,1673.3,1674.45,171896
2024-09-16 13:55:00,1674.7,1675.0,1672.25,1672.45,111546
2024-09-16 14:05:00,1672.5,1674.9,1672.45,1674.1,123136
2024-09-16 14:15:00,1674.1,1674.6,1671.0,1672.9,214586
2024-09-16 14:25:00,1672.9,1674.0,1672.1,1673.95,133846
2024-09-16 14:35:00,1673.95,1674.7,1672.2,1673.0,187823
2024-09-16 14:45:00,1672.8,1673.4,1670.0,1671.85,265556
2024-09-16 14:55:00,1672.25,1672.6,1670.05,1670.95,252618
2024-09-16 15:05:00,1670.75,1672.0,1670.05,1670.85,292799
2024-09-16 15:15:00,1670.85,1671.6,1670.35,1670.55,309895
2024-09-16 15:25:00,1670.6,1670.9,1669.6,1670.0,216475
2024-09-17 09:15:00,1678.0,1678.0,1666.95,1667.75,611710
2024-09-17 09:25:00,1667.75,1670.4,1667.0,1670.25,150534
2024-09-17 09:35:00,1670.1,1671.1,1667.35,1669.65,693830
2024-09-17 09:45:00,1669.65,1671.2,1668.15,1668.4,90533
2024-09-17 09:55:00,1668.4,1668.7,1665.9,1668.45,147125
2024-09-17 10:05:00,1668.45,1670.0,1667.95,1669.05,114742
2024-09-17 10:15:00,1668.75,1669.9,1666.0,1666.5,89786
2024-09-17 10:25:00,1666.5,1666.5,1664.15,1665.45,159128
2024-09-17 10:35:00,1665.45,1667.45,1665.0,1667.1,90381
2024-09-17 10:45:00,1667.1,1667.15,1664.55,1665.25,93295
2024-09-17 10:55:00,1665.3,1667.0,1664.55,1666.25,85301
2024-09-17 11:05:00,1666.25,1666.5,1665.5,1665.85,74509
2024-09-17 11:15:00,1666.0,1666.75,1665.5,1666.2,75052
2024-09-17 11:25:00,1666.2,1667.0,1666.0,1666.2,53454
2024-09-17 11:35:00,1666.2,1667.0,1665.0,1665.5,66570
2024-09-17 11:45:00,1665.55,1667.0,1665.2,1666.0,82124
2024-09-17 11:55:00,1666.0,1666.7,1665.7,1666.4,56271
2024-09-17 12:05:00,1666.4,1666.55,1665.1,1666.3,99630
2024-09-17 12:15:00,1666.05,1668.0,1665.8,1668.0,224434
2024-09-17 12:25:00,1668.0,1670.0,1667.9,1669.85,97910
2024-09-17 12:35:00,1669.75,1670.0,1668.7,1670.0,146200
2024-09-17 12:45:00,1669.95,1670.3,1668.25,1669.95,190745
2024-09-17 12:55:00,1669.95,1670.0,1669.0,1670.0,61930
2024-09-17 13:05:00,1670.0,1670.0,1668.65,1669.75,76856
2024-09-17 13:15:00,1669.75,1670.0,1668.5,1669.35,264356
2024-09-17 13:25:00,1669.35,1670.0,1668.65,1669.4,113104
2024-09-17 13:35:00,1669.65,1670.0,1668.0,1669.85,255439
2024-09-17 13:45:00,1669.95,1670.0,1668.65,1669.45,125822
2024-09-17 13:55:00,1669.45,1669.75,1668.4,1668.95,177060
2024-09-17 14:05:00,1668.95,1669.3,1667.6,1668.5,433720
2024-09-17 14:15:00,1668.55,1670.0,1667.35,1670.0,853981
2024-09-17 14:25:00,1670.0,1671.5,1667.75,1668.45,453961
2024-09-17 14:35:00,1668.45,1670.55,1666.55,1669.5,406230
2024-09-17 14:45:00,1669.7,1671.2,1668.5,1669.0,342632
2024-09-17 14:55:00,1669.0,1669.95,1666.25,1669.2,753904
2024-09-17 15:05:00,1669.2,1669.75,1667.7,1668.55,921599
2024-09-17 15:15:00,1668.55,1670.0,1668.25,1669.45,894994
2024-09-17 15:25:00,1669.45,1669.95,1668.0,1668.35,275072
2024-09-18 09:15:00,1671.85,1676.6,1671.1,1675.55,591597
2024-09-18 09:25:00,1675.5,1679.5,1675.0,1679.1,527792
2024-09-18 09:35:00,1679.2,1683.4,1678.5,1682.25,626834
2024-09-18 09:45:00,1682.45,1683.5,1680.1,1683.1,581304
2024-09-18 09:55:00,1683.3,1685.0,1682.15,1683.75,815716
2024-09-18 10:05:00,1683.85,1689.9,1682.65,1688.6,507126
2024-09-18 10:15:00,1688.65,1690.0,1686.6,1686.95,394631
2024-09-18 10:25:00,1687.0,1695.0,1686.5,1694.9,1008952
2024-09-18 10:35:00,1694.85,1697.7,1691.35,1697.15,860285
2024-09-18 10:45:00,1697.55,1698.9,1690.3,1692.4,807282
2024-09-18 10:55:00,1692.4,1696.4,1692.1,1695.75,350044
2024-09-18 11:05:00,1695.75,1696.4,1693.85,1695.25,468201
2024-09-18 11:15:00,1695.25,1698.1,1694.55,1695.3,341318
2024-09-18 11:25:00,1695.3,1697.9,1694.35,1697.3,322702
2024-09-18 11:35:00,1697.3,1697.85,1694.85,1695.3,285741
2024-09-18 11:45:00,1695.55,1697.2,1694.15,1695.8,361603
2024-09-18 11:55:00,1695.8,1695.95,1694.15,1694.8,193876
2024-09-18 12:05:00,1695.0,1695.5,1694.05,1694.1,167437
2024-09-18 12:15:00,1693.8,1695.5,1693.6,1694.95,217036
2024-09-18 12:25:00,1694.95,1697.0,1694.2,1696.75,243431
2024-09-18 12:35:00,1696.2,1697.5,1696.0,1696.85,230711
2024-09-18 12:45:00,1696.8,1697.4,1693.2,1693.8,262926
2024-09-18 12:55:00,1693.9,1695.6,1688.25,1688.85,608734
2024-09-18 13:05:00,1689.0,1691.8,1688.65,1689.95,477087
2024-09-18 13:15:00,1690.0,1690.4,1687.7,1687.75,349095
2024-09-18 13:25:00,1687.7,1689.0,1687.0,1687.3,451758
2024-09-18 13:35:00,1687.55,1689.6,1685.1,1688.85,401232
2024-09-18 13:45:00,1688.75,1692.0,1687.8,1689.85,691351
2024-09-18 13:55:00,1689.75,1692.7,1689.3,1692.0,393674
2024-09-18 14:05:00,1692.0,1694.8,1691.8,1694.35,420410
2024-09-18 14:15:00,1694.4,1696.65,1693.05,1695.05,521475
2024-09-18 14:25:00,1695.25,1696.75,1693.0,1694.8,516403
2024-09-18 14:35:00,1694.8,1696.05,1693.0,1693.65,468545
2024-09-18 14:45:00,1693.65,1694.95,1692.4,1694.45,332177
2024-09-18 14:55:00,1694.5,1696.5,1693.0,1695.6,1157972
2024-09-18 15:05:00,1695.65,1698.15,1693.2,1697.0,1941224
2024-09-18 15:15:00,1696.35,1697.0,1690.85,1692.95,957781
2024-09-18 15:25:00,1692.7,1694.35,1690.85,1691.5,477126
2024-09-19 09:15:00,1699.2,1716.0,1699.15,1712.55,1333849
2024-09-19 09:25:00,1712.6,1714.6,1710.45,1712.75,407165
2024-09-19 09:35:00,1712.7,1715.95,1712.05,1715.8,625099
2024-09-19 09:45:00,1716.0,1716.9,1706.0,1708.0,506510
2024-09-19 09:55:00,1708.0,1710.25,1706.95,1709.5,257126
2024-09-19 10:05:00,1709.5,1711.0,1708.0,1710.3,278948
2024-09-19 10:15:00,1710.25,1711.95,1708.8,1711.95,279817
2024-09-19 10:25:00,1711.95,1712.95,1710.1,1712.9,272275
2024-09-19 10:35:00,1712.95,1714.5,1711.7,1712.4,264989
2024-09-19 10:45:00,1712.4,1715.95,1712.0,1715.8,418842
2024-09-19 10:55:00,1715.8,1718.0,1714.35,1716.95,368393
2024-09-19 11:05:00,1716.85,1719.0,1714.35,1716.0,309336
2024-09-19 11:15:00,1716.0,1718.0,1714.05,1714.7,217889
2024-09-19 11:25:00,1714.7,1716.0,1712.0,1714.2,404508
2024-09-19 11:35:00,1714.2,1714.55,1708.2,1711.1,340892
2024-09-19 11:45:00,1710.85,1714.55,1709.15,1714.45,238707
2024-09-19 11:55:00,1714.45,1715.0,1712.2,1714.8,197794
2024-09-19 12:05:00,1714.8,1715.0,1713.45,1714.45,238523
2024-09-19 12:15:00,1714.35,1714.95,1710.7,1713.35,181946
2024-09-19 12:25:00,1713.35,1714.6,1709.5,1711.2,308760
2024-09-19 12:35:00,1711.2,1714.8,1708.15,1714.2,310434
2024-09-19 12:45:00,1714.2,1716.9,1714.0,1715.8,344931
2024-09-19 12:55:00,1715.85,1716.0,1713.8,1715.85,242309
2024-09-19 13:05:00,1716.0,1716.3,1714.0,1714.4,220340
2024-09-19 13:15:00,1714.35,1715.9,1712.0,1713.25,391191
2024-09-19 13:25:00,1713.25,1714.0,1709.75,1710.6,248154
2024-09-19 13:35:00,1710.6,1711.35,1707.6,1710.25,204010
2024-09-19 13:45:00,1710.45,1710.65,1708.25,1709.7,179092
2024-09-19 13:55:00,1709.75,1711.95,1709.3,1711.4,136826
2024-09-19 14:05:00,1711.4,1712.5,1710.55,1711.85,152777
2024-09-19 14:15:00,1711.9,1711.95,1710.0,1710.8,158187
2024-09-19 14:25:00,1710.8,1711.8,1709.45,1709.5,192761
2024-09-19 14:35:00,1709.45,1709.9,1706.75,1707.55,329690
2024-09-19 14:45:00,1707.75,1710.0,1706.95,1710.0,357055
2024-09-19 14:55:00,1710.0,1711.05,1707.6,1709.9,931688
2024-09-19 15:05:00,1709.8,1710.0,1707.5,1709.0,1347582
2024-09-19 15:15:00,1708.9,1709.25,1706.8,1708.35,1251371
2024-09-19 15:25:00,1708.35,1709.0,1706.45,1706.45,448363
2024-09-20 09:15:00,1716.5,1720.7,1708.0,1710.0,551145
2024-09-20 09:25:00,1710.05,1711.75,1708.5,1709.85,193082
2024-09-20 09:35:00,1709.85,1711.0,1707.55,1709.75,238970
2024-09-20 09:45:00,1709.75,1715.45,1709.1,1715.0,402436
2024-09-20 09:55:00,1715.15,1722.0,1715.0,1720.2,803852
2024-09-20 10:05:00,1720.2,1723.45,1719.45,1719.45,484057
2024-09-20 10:15:00,1719.45,1722.0,1718.05,1718.9,224243
2024-09-20 10:25:00,1718.9,1721.0,1718.2,1721.0,284206
2024-09-20 10:35:00,1721.0,1726.9,1720.0,1726.05,1175084
2024-09-20 10:45:00,1725.95,1727.0,1723.75,1726.0,465461
2024-09-20 10:55:00,1726.0,1726.6,1721.6,1724.0,434954
2024-09-20 11:05:00,1724.0,1727.0,1722.05,1726.9,465581
2024-09-20 11:15:00,1726.85,1728.0,1726.05,1727.25,406951
2024-09-20 11:25:00,1727.0,1728.0,1725.4,1726.65,310355
2024-09-20 11:35:00,1726.65,1728.9,1726.0,1728.9,213312
2024-09-20 11:45:00,1728.85,1733.7,1727.6,1733.7,780253
2024-09-20 11:55:00,1733.55,1736.0,1732.2,1735.95,540522
2024-09-20 12:05:00,1735.95,1741.45,1735.05,1739.8,759444
2024-09-20 12:15:00,1739.45,1740.45,1737.25,1737.85,316941
2024-09-20 12:25:00,1738.25,1739.25,1734.5,1736.4,222945
2024-09-20 12:35:00,1736.35,1739.0,1734.9,1738.35,366212
2024-09-20 12:45:00,1738.3,1743.5,1737.45,1742.2,1175320
2024-09-20 12:55:00,1742.2,1742.65,1739.1,1740.0,389678
2024-09-20 13:05:00,1739.95,1743.0,1738.4,1741.6,529158
2024-09-20 13:15:00,1741.5,1744.0,1740.85,1743.3,448545
2024-09-20 13:25:00,1743.3,1744.1,1729.55,1731.25,1041598
2024-09-20 13:35:00,1730.05,1731.9,1721.3,1726.45,1368184
2024-09-20 13:45:00,1726.5,1735.05,1725.95,1735.05,679342
2024-09-20 13:55:00,1734.6,1736.85,1730.2,1732.8,350464
2024-09-20 14:05:00,1732.8,1733.8,1730.7,1733.0,228857
2024-09-20 14:15:00,1733.3,1737.7,1729.85,1731.45,525876
2024-09-20 14:25:00,1731.45,1738.05,1730.85,1735.7,397028
2024-09-20 14:35:00,1735.5,1737.0,1731.3,1732.35,522463
2024-09-20 14:45:00,1732.05,1743.4,1732.0,1742.0,1601972
2024-09-20 14:55:00,1742.45,1743.9,1738.75,1743.65,2744024
2024-09-20 15:05:00,1743.7,1744.95,1739.7,1742.5,4163214
2024-09-20 15:15:00,1742.3,1743.0,1733.8,1738.75,3245784
2024-09-20 15:25:00,1738.75,1740.05,1734.65,1737.2,962806
2024-09-23 09:15:00,1749.0,1756.2,1740.25,1750.0,1209518
2024-09-23 09:25:00,1750.15,1753.4,1748.45,1751.0,450935
2024-09-23 09:35:00,1751.0,1751.45,1744.45,1748.9,391675
2024-09-23 09:45:00,1749.0,1749.85,1747.1,1748.45,191279
2024-09-23 09:55:00,1749.0,1753.5,1748.45,1753.35,461747
2024-09-23 10:05:00,1753.15,1759.2,1752.8,1757.2,592634
2024-09-23 10:15:00,1757.2,1758.95,1755.0,1756.5,331275
2024-09-23 10:25:00,1756.95,1757.0,1754.0,1755.0,198634
2024-09-23 10:35:00,1755.15,1755.15,1752.15,1754.55,163873
2024-09-23 10:45:00,1754.55,1756.9,1753.4,1756.4,192593
2024-09-23 10:55:00,1756.45,1757.0,1755.05,1755.15,138795
2024-09-23 11:05:00,1755.05,1757.0,1754.5,1756.2,264292
2024-09-23 11:15:00,1756.15,1758.0,1755.6,1756.9,187894
2024-09-23 11:25:00,1756.9,1757.9,1755.5,1757.45,155680
2024-09-23 11:35:00,1757.4,1760.0,1756.95,1759.5,419536
2024-09-23 11:45:00,1759.45,1759.6,1756.6,1758.35,199020
2024-09-23 11:55:00,1758.35,1759.5,1758.0,1758.6,122715
2024-09-23 12:05:00,1758.6,1758.75,1757.2,1757.65,133497
2024-09-23 12:15:00,1757.85,1757.95,1755.15,1755.4,160988
2024-09-23 12:25:00,1755.4,1757.0,1754.75,1755.95,256800
2024-09-23 12:35:00,1756.35,1757.9,1755.1,1755.55,192661
2024-09-23 12:45:00,1755.55,1756.2,1754.25,1754.3,157225
2024-09-23 12:55:00,1754.3,1755.75,1753.1,1755.05,201038
2024-09-23 13:05:00,1754.95,1756.6,1754.0,1755.25,172547
2024-09-23 13:15:00,1755.45,1757.0,1754.75,1757.0,202473
2024-09-23 13:25:00,1757.0,1758.65,1755.8,1757.05,226069
2024-09-23 13:35:00,1757.05,1758.65,1756.75,1758.5,192799
2024-09-23 13:45:00,1758.5,1758.75,1757.1,1757.75,163711
2024-09-23 13:55:00,1757.75,1758.9,1757.55,1758.75,212716
2024-09-23 14:05:00,1758.9,1758.9,1758.25,1758.85,185668
2024-09-23 14:15:00,1758.9,1765.0,1758.75,1764.25,1220514
2024-09-23 14:25:00,1764.3,1766.35,1762.6,1763.9,559233
2024-09-23 14:35:00,1763.85,1764.8,1762.65,1763.35,298707
2024-09-23 14:45:00,1763.35,1763.45,1761.15,1762.9,390716
2024-09-23 14:55:00,1762.9,1763.4,1759.4,1761.95,847705
2024-09-23 15:05:00,1762.0,1763.5,1756.75,1759.0,941618
2024-09-23 15:15:00,1759.0,1760.85,1756.9,1757.55,647150
2024-09-23 15:25:00,1757.6,1758.9,1756.55,1756.55,273765
2024-09-24 09:15:00,1765.0,1766.0,1754.25,1764.45,1082613
2024-09-24 09:25:00,1764.45,1766.5,1763.15,1765.15,490428
2024-09-24 09:35:00,1765.65,1773.65,1765.1,1772.55,557172
2024-09-24 09:45:00,1772.6,1773.45,1770.1,1772.6,206005
2024-09-24 09:55:00,1772.6,1781.65,1772.3,1777.9,794084
2024-09-24 10:05:00,1777.45,1779.55,1774.55,1775.2,306878
2024-09-24 10:15:00,1775.3,1778.0,1773.3,1777.2,204451
2024-09-24 10:25:00,1777.2,1777.9,1774.5,1776.85,289136
2024-09-24 10:35:00,1776.7,1777.2,1771.2,1772.2,226984
2024-09-24 10:45:00,1772.05,1772.65,1770.0,1771.75,197858
2024-09-24 10:55:00,1771.75,1774.85,1771.3,1772.9,234972
2024-09-24 11:05:00,1772.9,1772.9,1768.7,1769.6,262219
2024-09-24 11:15:00,1769.95,1770.25,1765.0,1765.95,382549
2024-09-24 11:25:00,1766.1,1766.9,1762.55,1762.6,326772
2024-09-24 11:35:00,1762.6,1763.5,1759.35,1762.35,195941
2024-09-24 11:45:00,1762.35,1765.35,1761.05,1761.8,362211
2024-09-24 11:55:00,1761.8,1765.7,1760.55,1764.8,254876
2024-09-24 12:05:00,1765.15,1766.0,1763.35,1763.95,339226
2024-09-24 12:15:00,1763.85,1767.0,1763.4,1766.7,416432
2024-09-24 12:25:00,1766.7,1768.0,1765.35,1767.85,294383
2024-09-24 12:35:00,1767.85,1768.75,1766.8,1767.55,956925
2024-09-24 12:45:00,1767.65,1768.95,1766.05,1767.7,179869
2024-09-24 12:55:00,1767.7,1769.5,1766.65,1769.5,158742
2024-09-24 13:05:00,1769.5,1771.7,1769.0,1771.45,183434
2024-09-24 13:15:00,1771.7,1773.0,1770.55,1771.9,174194
2024-09-24 13:25:00,1771.9,1772.0,1769.5,1770.45,130120
2024-09-24 13:35:00,1770.45,1772.5,1770.3,1771.7,196121
2024-09-24 13:45:00,1771.4,1773.0,1771.05,1772.7,178262
2024-09-24 13:55:00,1772.7,1773.45,1771.2,1771.65,310152
2024-09-24 14:05:00,1771.6,1773.0,1770.75,1771.65,294934
2024-09-24 14:15:00,1771.65,1772.95,1766.0,1769.05,411726
2024-09-24 14:25:00,1769.1,1771.85,1768.65,1768.85,355415
2024-09-24 14:35:00,1768.8,1770.8,1768.05,1770.0,293243
2024-09-24 14:45:00,1769.95,1776.95,1768.1,1771.45,1113919
2024-09-24 14:55:00,1770.85,1773.5,1766.15,1767.25,1127127
2024-09-24 15:05:00,1767.3,1769.75,1765.45,1769.0,1372710
2024-09-24 15:15:00,1768.9,1771.55,1768.85,1769.1,829241
2024-09-24 15:25:00,1769.2,1769.25,1765.0,1766.7,355928
2024-09-25 09:15:00,1760.15,1774.0,1760.15,1772.3,1458141
2024-09-25 09:25:00,1772.45,1777.2,1772.2,1777.2,637655
2024-09-25 09:35:00,1777.15,1786.85,1777.15,1784.25,770704
2024-09-25 09:45:00,1783.6,1784.3,1780.2,1781.45,378513
2024-09-25 09:55:00,1781.05,1784.6,1781.0,1784.35,489699
2024-09-25 10:05:00,1784.0,1786.0,1781.6,1784.55,479797
2024-09-25 10:15:00,1784.55,1788.0,1784.4,1786.9,359241
2024-09-25 10:25:00,1786.95,1786.95,1784.45,1785.5,319842
2024-09-25 10:35:00,1785.45,1788.0,1785.0,1787.1,250026
2024-09-25 10:45:00,1787.05,1787.4,1782.3,1784.0,348002
2024-09-25 10:55:00,1784.0,1784.0,1780.1,1780.9,225492
2024-09-25 11:05:00,1780.9,1782.85,1780.05,1781.35,197856
2024-09-25 11:15:00,1781.65,1781.75,1778.55,1780.2,178409
2024-09-25 11:25:00,1780.2,1780.75,1778.5,1779.4,393415
2024-09-25 11:35:00,1779.3,1781.0,1778.95,1779.45,295128
2024-09-25 11:45:00,1779.15,1779.2,1777.65,1778.95,174480
2024-09-25 11:55:00,1778.7,1782.6,1778.45,1781.45,276111
2024-09-25 12:05:00,1781.55,1781.8,1780.1,1780.6,168694
2024-09-25 12:15:00,1780.65,1782.15,1777.15,1779.4,363444
2024-09-25 12:25:00,1779.35,1781.95,1779.15,1780.95,149125
2024-09-25 12:35:00,1781.0,1781.4,1780.35,1781.2,130965
2024-09-25 12:45:00,1781.2,1784.0,1781.1,1782.6,287857
2024-09-25 12:55:00,1782.6,1783.5,1781.55,1782.0,213342
2024-09-25 13:05:00,1782.15,1782.8,1780.7,1780.9,233032
2024-09-25 13:15:00,1780.9,1781.8,1780.45,1781.0,159227
2024-09-25 13:25:00,1781.0,1782.0,1779.95,1780.0,194937
2024-09-25 13:35:00,1779.95,1780.15,1779.2,1779.7,154044
2024-09-25 13:45:00,1779.75,1780.8,1778.5,1780.1,197614
2024-09-25 13:55:00,1780.0,1780.9,1779.25,1779.35,139937
2024-09-25 14:05:00,1779.6,1780.5,1779.15,1779.7,148610
2024-09-25 14:15:00,1779.45,1779.85,1775.6,1778.05,284994
2024-09-25 14:25:00,1778.15,1778.6,1777.0,1777.2,149772
2024-09-25 14:35:00,1777.2,1779.0,1777.0,1778.05,220265
2024-09-25 14:45:00,1778.0,1780.55,1778.0,1778.85,621035
2024-09-25 14:55:00,1778.7,1780.7,1776.55,1780.3,1208027
2024-09-25 15:05:00,1780.3,1782.2,1776.1,1779.7,1697898
2024-09-25 15:15:00,1779.7,1781.5,1777.0,1777.85,1366238
2024-09-25 15:25:00,1777.85,1780.9,1776.95,1779.85,371478
2024-09-26 09:15:00,1773.05,1783.3,1769.0,1777.6,1104386
2024-09-26 09:25:00,1777.75,1777.75,1771.65,1771.85,408304
2024-09-26 09:35:00,1771.85,1775.75,1771.85,1774.45,228178
2024-09-26 09:45:00,1773.7,1774.95,1772.85,1773.55,212044
2024-09-26 09:55:00,1773.3,1774.1,1770.3,1770.75,205808
2024-09-26 10:05:00,1770.5,1771.75,1769.15,1771.75,275990
2024-09-26 10:15:00,1771.55,1771.75,1768.05,1769.0,231999
2024-09-26 10:25:00,1769.0,1771.7,1768.65,1771.55,222601
2024-09-26 10:35:00,1771.25,1774.35,1770.6,1773.4,326106
2024-09-26 10:45:00,1773.4,1774.45,1771.1,1773.05,305551
2024-09-26 10:55:00,1773.05,1775.0,1772.6,1774.45,259194
2024-09-26 11:05:00,1774.45,1774.55,1772.5,1773.9,162967
2024-09-26 11:15:00,1773.9,1775.0,1773.15,1774.85,211086
2024-09-26 11:25:00,1774.85,1777.7,1774.85,1776.95,242307
2024-09-26 11:35:00,1777.0,1778.4,1776.75,1777.85,157377
2024-09-26 11:45:00,1777.9,1780.0,1776.8,1779.9,307142
2024-09-26 11:55:00,1779.95,1781.05,1779.35,1780.8,258971
2024-09-26 12:05:00,1780.8,1781.25,1779.6,1780.95,186735
2024-09-26 12:15:00,1780.95,1782.5,1780.35,1781.0,301210
2024-09-26 12:25:00,1781.0,1781.2,1775.25,1775.9,327072
2024-09-26 12:35:00,1775.9,1777.9,1775.5,1776.8,273550
2024-09-26 12:45:00,1776.8,1777.0,1775.55,1776.15,191684
2024-09-26 12:55:00,1776.15,1777.0,1775.6,1776.95,207423
2024-09-26 13:05:00,1777.0,1778.0,1775.2,1776.7,185720
2024-09-26 13:15:00,1776.7,1778.0,1776.15,1777.75,207060
2024-09-26 13:25:00,1777.75,1780.7,1777.5,1778.65,249039
2024-09-26 13:35:00,1778.4,1778.85,1776.7,1778.0,339909
2024-09-26 13:45:00,1778.1,1778.55,1774.6,1775.5,431500
2024-09-26 13:55:00,1775.6,1777.0,1774.7,1775.3,210199
2024-09-26 14:05:00,1775.3,1775.6,1772.1,1773.9,463047
2024-09-26 14:15:00,1774.45,1776.65,1773.15,1776.4,267360
2024-09-26 14:25:00,1775.9,1778.0,1774.45,1777.7,432721
2024-09-26 14:35:00,1777.65,1783.4,1776.35,1781.95,836673
2024-09-26 14:45:00,1782.4,1784.75,1780.9,1783.85,701917
2024-09-26 14:55:00,1782.95,1788.0,1782.95,1786.85,1203958
2024-09-26 15:05:00,1786.75,1787.5,1780.6,1782.7,1699031
2024-09-26 15:15:00,1782.65,1783.4,1779.8,1780.55,1282230
2024-09-26 15:25:00,1779.95,1780.55,1776.0,1778.0,389038
2024-09-27 09:15:00,1777.0,1778.2,1769.6,1770.15,1054578
2024-09-27 09:25:00,1770.15,1775.0,1769.3,1775.0,487493
2024-09-27 09:35:00,1775.05,1775.9,1771.85,1772.0,345393
2024-09-27 09:45:00,1772.0,1772.9,1769.4,1771.15,325189
2024-09-27 09:55:00,1771.15,1773.4,1770.1,1773.15,272714
2024-09-27 10:05:00,1773.15,1774.95,1772.15,1773.9,225011
2024-09-27 10:15:00,1773.85,1774.2,1772.0,1772.05,184677
2024-09-27 10:25:00,1772.05,1773.8,1772.05,1772.85,180626
2024-09-27 10:35:00,1772.85,1774.0,1772.85,1773.5,182589
2024-09-27 10:45:00,1773.8,1773.8,1770.6,1771.5,229843
2024-09-27 10:55:00,1771.65,1772.0,1768.55,1768.55,240258
2024-09-27 11:05:00,1768.6,1769.0,1764.55,1767.0,420564
2024-09-27 11:15:00,1767.0,1767.1,1763.6,1765.25,284067
2024-09-27 11:25:00,1765.3,1766.8,1764.6,1764.85,207951
2024-09-27 11:35:00,1764.9,1765.05,1762.1,1763.1,242883
2024-09-27 11:45:00,1763.0,1764.0,1761.1,1761.35,245507
2024-09-27 11:55:00,1761.5,1765.0,1761.0,1764.65,268608
2024-09-27 12:05:00,1764.6,1766.45,1764.1,1764.9,246096
2024-09-27 12:15:00,1764.9,1765.9,1764.0,1764.9,139131
2024-09-27 12:25:00,1764.85,1765.6,1763.2,1763.55,153344
2024-09-27 12:35:00,1763.4,1764.6,1763.1,1763.55,153779
2024-09-27 12:45:00,1763.55,1764.35,1761.2,1761.55,222712
2024-09-27 12:55:00,1761.55,1762.0,1758.2,1762.0,364006
2024-09-27 13:05:00,1761.95,1762.8,1759.5,1760.05,201608
2024-09-27 13:15:00,1760.05,1760.25,1756.5,1756.8,224908
2024-09-27 13:25:00,1756.9,1761.0,1756.3,1757.5,250286
2024-09-27 13:35:00,1757.45,1758.9,1754.35,1756.45,246628
2024-09-27 13:45:00,1756.45,1758.65,1753.4,1758.3,270341
2024-09-27 13:55:00,1758.55,1760.0,1757.4,1758.4,266018
2024-09-27 14:05:00,1757.7,1759.3,1757.2,1758.75,241295
2024-09-27 14:15:00,1758.65,1759.0,1754.65,1755.2,256940
2024-09-27 14:25:00,1755.05,1757.5,1754.55,1756.35,294293
2024-09-27 14:35:00,1756.35,1758.3,1755.2,1756.5,250007
2024-09-27 14:45:00,1756.7,1757.5,1755.6,1756.05,295357
2024-09-27 14:55:00,1756.4,1756.9,1752.2,1754.6,1575971
2024-09-27 15:05:00,1754.55,1755.0,1750.0,1751.0,2851510
2024-09-27 15:15:00,1751.0,1754.65,1750.75,1753.35,2783756
2024-09-27 15:25:00,1753.75,1754.65,1750.25,1753.0,855410
2024-09-30 09:15:00,1748.8,1751.45,1735.9,1748.95,1126839
2024-09-30 09:25:00,1748.95,1750.75,1746.1,1748.4,402151
2024-09-30 09:35:00,1748.4,1749.3,1742.95,1743.6,308105
2024-09-30 09:45:00,1743.9,1743.9,1734.0,1734.85,364883
2024-09-30 09:55:00,1735.0,1738.4,1734.5,1738.2,271052
2024-09-30 10:05:00,1737.8,1741.1,1737.5,1738.9,203287
2024-09-30 10:15:00,1738.85,1740.5,1736.65,1737.55,275790
2024-09-30 10:25:00,1737.55,1738.35,1735.3,1737.4,218462
2024-09-30 10:35:00,1737.4,1737.9,1735.8,1737.0,174450
2024-09-30 10:45:00,1736.8,1738.95,1735.6,1736.2,236957
2024-09-30 10:55:00,1736.2,1737.0,1735.0,1735.3,162601
2024-09-30 11:05:00,1735.3,1738.25,1734.5,1735.3,197653
2024-09-30 11:15:00,1735.4,1737.9,1735.2,1736.25,152241
2024-09-30 11:25:00,1736.25,1736.4,1732.1,1732.95,327053
2024-09-30 11:35:00,1732.9,1733.6,1730.55,1730.8,210158
2024-09-30 11:45:00,1730.8,1730.8,1728.65,1730.05,283570
2024-09-30 11:55:00,1730.0,1730.0,1728.15,1729.2,241421
2024-09-30 12:05:00,1729.2,1729.4,1726.85,1728.75,249083
2024-09-30 12:15:00,1728.75,1731.25,1728.0,1730.6,215070
2024-09-30 12:25:00,1730.55,1730.55,1727.65,1727.8,174455
2024-09-30 12:35:00,1727.8,1729.0,1727.35,1727.35,164957
2024-09-30 12:45:00,1727.4,1728.45,1727.1,1728.25,125556
2024-09-30 12:55:00,1728.2,1728.25,1727.0,1727.05,175684
2024-09-30 13:05:00,1727.05,1729.75,1726.35,1729.05,276397
2024-09-30 13:15:00,1729.0,1729.55,1726.2,1726.35,198127
2024-09-30 13:25:00,1726.35,1726.8,1724.4,1725.25,233293
2024-09-30 13:35:00,1725.15,1726.0,1724.55,1725.55,201193
2024-09-30 13:45:00,1725.8,1728.3,1725.0,1727.7,219477
2024-09-30 13:55:00,1727.7,1732.0,1727.35,1731.35,261940
2024-09-30 14:05:00,1731.3,1732.45,1730.3,1730.95,200303
2024-09-30 14:15:00,1730.85,1731.7,1729.0,1730.5,201164
2024-09-30 14:25:00,1730.4,1734.3,1729.45,1734.15,220048
2024-09-30 14:35:00,1734.15,1734.95,1732.3,1733.0,244177
2024-09-30 14:45:00,1732.75,1734.0,1730.05,1732.95,383484
2024-09-30 14:55:00,1732.7,1733.8,1730.1,1731.75,1252637
2024-09-30 15:05:00,1731.75,1732.95,1728.8,1732.8,1213361
2024-09-30 15:15:00,1732.8,1735.45,1731.95,1734.45,1121400
2024-09-30 15:25:00,1734.3,1734.45,1730.4,1732.0,415988
2024-10-01 09:15:00,1724.0,1742.0,1724.0,1739.6,653810
2024-10-01 09:25:00,1739.45,1739.75,1730.1,1731.35,284801
2024-10-01 09:35:00,1731.0,1731.4,1727.3,1731.0,256943
2024-10-01 09:45:00,1731.0,1731.45,1726.45,1727.85,141473
2024-10-01 09:55:00,1727.8,1727.85,1724.0,1725.05,174215
2024-10-01 10:05:00,1724.85,1729.1,1724.7,1726.1,183772
2024-10-01 10:15:00,1726.4,1727.7,1724.0,1724.45,117033
2024-10-01 10:25:00,1725.0,1725.0,1720.35,1721.0,167555
2024-10-01 10:35:00,1721.0,1724.8,1720.1,1723.5,355942
2024-10-01 10:45:00,1723.05,1725.95,1722.3,1724.5,95833
2024-10-01 10:55:00,1724.35,1727.7,1723.0,1725.45,174811
2024-10-01 11:05:00,1725.5,1727.5,1723.65,1724.45,142855
2024-10-01 11:15:00,1724.1,1727.4,1723.65,1726.65,143434
2024-10-01 11:25:00,1726.65,1726.65,1724.85,1725.15,122920
2024-10-01 11:35:00,1725.1,1725.9,1724.15,1725.35,228578
2024-10-01 11:45:00,1725.5,1726.9,1723.2,1723.2,259351
2024-10-01 11:55:00,1723.25,1724.45,1722.7,1723.5,109957
2024-10-01 12:05:00,1723.5,1724.5,1722.0,1722.75,96773
2024-10-01 12:15:00,1722.75,1723.65,1722.0,1723.0,93673
2024-10-01 12:25:00,1723.0,1723.85,1722.0,1723.0,109302
2024-10-01 12:35:00,1723.0,1723.65,1721.4,1723.35,277817
2024-10-01 12:45:00,1723.35,1723.5,1722.55,1723.05,218017
2024-10-01 12:55:00,1723.0,1723.25,1721.5,1723.05,269731
2024-10-01 13:05:00,1723.05,1723.8,1721.75,1723.2,174853
2024-10-01 13:15:00,1723.35,1725.85,1723.0,1725.75,230084
2024-10-01 13:25:00,1725.75,1726.9,1723.85,1724.9,738548
2024-10-01 13:35:00,1725.0,1725.8,1723.8,1724.3,160089
2024-10-01 13:45:00,1724.15,1724.3,1720.65,1722.05,152372
2024-10-01 13:55:00,1722.05,1722.8,1720.2,1720.7,178894
2024-10-01 14:05:00,1720.6,1723.05,1720.5,1722.35,153459
2024-10-01 14:15:00,1722.35,1723.15,1720.15,1722.85,211174
2024-10-01 14:25:00,1722.85,1724.4,1721.75,1721.75,225130
2024-10-01 14:35:00,1722.0,1724.35,1721.9,1723.5,145434
2024-10-01 14:45:00,1723.7,1724.25,1721.6,1722.35,263759
2024-10-01 14:55:00,1722.45,1728.9,1721.8,1728.9,1474474
2024-10-01 15:05:00,1728.95,1729.6,1723.95,1725.95,1688758
2024-10-01 15:15:00,1725.95,1728.1,1722.55,1726.5,1188992
2024-10-01 15:25:00,1726.5,1728.75,1726.0,1728.3,248079
2024-10-03 09:15:00,1715.65,1726.15,1706.2,1706.85,2276864
2024-10-03 09:25:00,1707.1,1715.85,1706.65,1711.9,502042
2024-10-03 09:35:00,1711.9,1713.25,1708.1,1709.1,311720
2024-10-03 09:45:00,1709.2,1710.5,1705.0,1705.5,348058
2024-10-03 09:55:00,1705.0,1705.7,1702.4,1703.3,306225
2024-10-03 10:05:00,1703.2,1705.7,1701.7,1702.7,361408
2024-10-03 10:15:00,1702.7,1705.85,1700.0,1705.1,279657
2024-10-03 10:25:00,1705.1,1707.55,1704.2,1707.55,203814
2024-10-03 10:35:00,1707.5,1712.0,1707.3,1711.7,330601
2024-10-03 10:45:00,1711.7,1712.55,1709.0,1709.7,153985
2024-10-03 10:55:00,1709.7,1710.45,1707.0,1707.9,153422
2024-10-03 11:05:00,1707.9,1710.0,1707.35,1709.25,203988
2024-10-03 11:15:00,1709.25,1709.35,1704.3,1705.8,238877
2024-10-03 11:25:00,1705.85,1706.35,1702.65,1703.0,250649
2024-10-03 11:35:00,1703.0,1707.1,1702.9,1707.05,219623
2024-10-03 11:45:00,1707.05,1708.9,1706.45,1707.95,233968
2024-10-03 11:55:00,1707.95,1708.15,1706.0,1706.75,105587
2024-10-03 12:05:00,1706.75,1707.8,1705.0,1705.65,320409
2024-10-03 12:15:00,1705.7,1705.8,1699.0,1699.3,517099
2024-10-03 12:25:00,1699.3,1699.95,1694.1,1699.7,639877
2024-10-03 12:35:00,1699.7,1702.55,1699.1,1700.0,310250
2024-10-03 12:45:00,1700.0,1703.65,1698.75,1703.35,247582
2024-10-03 12:55:00,1703.35,1703.7,1696.5,1697.65,243952
2024-10-03 13:05:00,1697.35,1697.95,1694.15,1695.1,320121
2024-10-03 13:15:00,1695.1,1696.95,1691.45,1692.25,1461655
2024-10-03 13:25:00,1692.25,1696.4,1688.2,1688.75,1390804
2024-10-03 13:35:00,1688.75,1692.6,1687.05,1692.5,1083557
2024-10-03 13:45:00,1692.5,1692.5,1685.0,1686.0,506433
2024-10-03 13:55:00,1686.0,1688.45,1681.3,1683.95,1470289
2024-10-03 14:05:00,1683.95,1685.85,1682.8,1685.55,324534
2024-10-03 14:15:00,1685.4,1685.4,1679.15,1681.95,808012
2024-10-03 14:25:00,1681.95,1683.5,1678.55,1680.9,702213
2024-10-03 14:35:00,1680.85,1680.9,1673.35,1674.95,1175805
2024-10-03 14:45:00,1674.95,1679.95,1674.5,1679.9,1129103
2024-10-03 14:55:00,1680.0,1682.9,1677.7,1680.55,1240266
2024-10-03 15:05:00,1680.45,1684.9,1679.95,1683.5,1116581
2024-10-03 15:15:00,1683.65,1685.0,1680.05,1680.3,1168088
2024-10-03 15:25:00,1680.3,1683.8,1680.3,1681.05,464475
2024-10-04 09:15:00,1674.5,1682.0,1670.1,1677.1,3017256
2024-10-04 09:25:00,1676.95,1681.1,1676.2,1679.0,1298181
2024-10-04 09:35:00,1678.85,1685.0,1676.85,1676.85,1302564
2024-10-04 09:45:00,1676.55,1678.1,1672.0,1674.35,360507
2024-10-04 09:55:00,1674.35,1681.45,1673.5,1677.55,251554
2024-10-04 10:05:00,1677.8,1678.3,1671.35,1672.65,255211
2024-10-04 10:15:00,1672.65,1673.65,1668.8,1670.0,273987
2024-10-04 10:25:00,1670.0,1671.2,1667.15,1671.05,239870
2024-10-04 10:35:00,1671.15,1676.8,1669.0,1676.45,226551
2024-10-04 10:45:00,1676.7,1686.5,1676.2,1686.3,621362
2024-10-04 10:55:00,1686.25,1688.95,1681.15,1684.5,618899
2024-10-04 11:05:00,1684.5,1689.35,1683.4,1689.3,608005
2024-10-04 11:15:00,1688.7,1690.65,1686.15,1686.65,314101
2024-10-04 11:25:00,1686.55,1687.75,1681.5,1681.6,302490
2024-10-04 11:35:00,1681.5,1684.7,1680.7,1684.45,305027
2024-10-04 11:45:00,1684.45,1685.8,1682.55,1684.0,1052535
2024-10-04 11:55:00,1684.4,1685.8,1682.1,1684.7,1321050
2024-10-04 12:05:00,1684.8,1685.45,1683.4,1685.0,508252
2024-10-04 12:15:00,1684.9,1685.95,1682.15,1684.75,799241
2024-10-04 12:25:00,1684.75,1685.0,1678.9,1679.0,777418
2024-10-04 12:35:00,1679.0,1682.55,1670.0,1670.75,982218
2024-10-04 12:45:00,1670.8,1673.5,1663.0,1665.7,1246615
2024-10-04 12:55:00,1665.7,1666.1,1660.0,1661.5,619720
2024-10-04 13:05:00,1662.2,1665.5,1660.65,1663.85,312077
2024-10-04 13:15:00,1663.85,1664.7,1661.45,1662.15,248644
2024-10-04 13:25:00,1661.8,1664.8,1661.0,1663.65,203479
2024-10-04 13:35:00,1663.15,1664.8,1660.2,1661.3,238989
2024-10-04 13:45:00,1661.1,1663.15,1657.05,1661.95,303544
2024-10-04 13:55:00,1661.95,1662.9,1659.55,1660.2,338112
2024-10-04 14:05:00,1660.4,1660.9,1657.0,1660.3,423839
2024-10-04 14:15:00,1660.3,1661.8,1658.55,1660.85,411660
2024-10-04 14:25:00,1660.85,1666.6,1660.05,1664.05,434889
2024-10-04 14:35:00,1664.0,1666.65,1662.9,1663.75,421922
2024-10-04 14:45:00,1663.85,1665.0,1659.05,1660.0,403214
2024-10-04 14:55:00,1660.0,1660.75,1653.05,1654.2,742159
2024-10-04 15:05:00,1654.15,1659.35,1653.0,1659.25,743785
2024-10-04 15:15:00,1659.25,1661.0,1657.7,1658.55,709076
2024-10-04 15:25:00,1658.65,1662.45,1658.0,1661.25,490608
2024-10-07 09:15:00,1652.2,1659.0,1646.25,1652.6,3425367
2024-10-07 09:25:00,1652.6,1653.2,1643.35,1644.0,1099546
2024-10-07 09:35:00,1644.0,1648.8,1641.5,1648.2,997620
2024-10-07 09:45:00,1648.1,1650.0,1647.0,1650.0,520502
2024-10-07 09:55:00,1650.0,1652.0,1648.5,1650.15,1277097
2024-10-07 10:05:00,1650.15,1651.75,1648.4,1650.8,179171
2024-10-07 10:15:00,1650.8,1652.2,1649.2,1650.8,230776
2024-10-07 10:25:00,1650.8,1651.0,1647.0,1650.5,183095
2024-10-07 10:35:00,1650.5,1651.5,1649.6,1651.0,225222
2024-10-07 10:45:00,1651.0,1651.0,1643.65,1644.7,514371
2024-10-07 10:55:00,1644.7,1645.75,1642.55,1644.0,434445
2024-10-07 11:05:00,1644.0,1644.5,1641.75,1642.2,358274
2024-10-07 11:15:00,1642.25,1650.7,1641.05,1650.0,1420328
2024-10-07 11:25:00,1649.9,1650.95,1645.0,1648.95,807674
2024-10-07 11:35:00,1648.9,1649.1,1646.0,1647.45,376051
2024-10-07 11:45:00,1647.45,1648.65,1642.7,1642.85,291091
2024-10-07 11:55:00,1643.75,1645.9,1641.5,1641.55,334803
2024-10-07 12:05:00,1641.5,1643.25,1640.05,1642.95,650918
2024-10-07 12:15:00,1642.75,1644.95,1642.0,1642.7,543516
2024-10-07 12:25:00,1642.85,1644.05,1640.8,1641.65,1153056
2024-10-07 12:35:00,1641.9,1642.1,1637.65,1638.5,285102
2024-10-07 12:45:00,1638.55,1638.55,1630.05,1632.05,931541
2024-10-07 12:55:00,1632.0,1633.85,1628.35,1630.85,349324
2024-10-07 13:05:00,1630.65,1632.25,1628.2,1629.95,478180
2024-10-07 13:15:00,1629.95,1631.9,1627.9,1630.25,824242
2024-10-07 13:25:00,1630.3,1630.35,1625.55,1625.55,632071
2024-10-07 13:35:00,1625.75,1626.1,1618.65,1623.9,1195866
2024-10-07 13:45:00,1623.65,1626.8,1619.65,1623.25,1154488
2024-10-07 13:55:00,1623.25,1631.6,1623.0,1629.55,647995
2024-10-07 14:05:00,1629.75,1635.7,1629.0,1629.95,619696
2024-10-07 14:15:00,1629.55,1632.15,1627.1,1628.9,482149
2024-10-07 14:25:00,1628.7,1634.9,1627.95,1631.7,420126
2024-10-07 14:35:00,1632.0,1635.5,1630.1,1635.5,559636
2024-10-07 14:45:00,1635.45,1650.95,1634.6,1644.35,1936916
2024-10-07 14:55:00,1644.35,1645.25,1613.0,1615.25,10895670
2024-10-07 15:05:00,1616.55,1619.9,1613.1,1616.65,6429146
2024-10-07 15:15:00,1616.85,1621.3,1615.95,1620.85,2633388
2024-10-07 15:25:00,1621.0,1625.9,1620.95,1624.35,868861
2024-10-08 09:15:00,1630.0,1637.9,1622.0,1629.75,1283937
2024-10-08 09:25:00,1629.6,1633.0,1624.3,1632.2,418061
2024-10-08 09:35:00,1632.1,1637.0,1630.0,1636.0,531872
2024-10-08 09:45:00,1635.7,1638.1,1635.0,1636.6,270933
2024-10-08 09:55:00,1636.6,1641.0,1635.75,1640.8,819432
2024-10-08 10:05:00,1640.8,1645.7,1639.0,1641.2,634184
2024-10-08 10:15:00,1641.2,1641.95,1637.6,1638.25,201361
2024-10-08 10:25:00,1638.25,1645.3,1637.7,1644.95,217172
2024-10-08 10:35:00,1644.95,1648.35,1643.45,1646.7,219185
2024-10-08 10:45:00,1646.25,1648.55,1645.0,1648.0,183515
2024-10-08 10:55:00,1647.95,1648.0,1644.6,1646.8,185869
2024-10-08 11:05:00,1646.95,1652.0,1646.6,1647.2,169389
2024-10-08 11:15:00,1647.0,1649.6,1645.6,1648.85,110773
2024-10-08 11:25:00,1648.85,1651.3,1648.1,1649.75,236595
2024-10-08 11:35:00,1649.7,1650.0,1646.95,1647.55,177037
2024-10-08 11:45:00,1647.55,1648.05,1645.9,1647.7,134559
2024-10-08 11:55:00,1647.65,1648.25,1645.35,1647.5,139084
2024-10-08 12:05:00,1647.05,1649.6,1646.7,1649.35,116229
2024-10-08 12:15:00,1649.35,1650.95,1647.75,1650.85,197606
2024-10-08 12:25:00,1650.75,1651.1,1648.25,1649.2,195680
2024-10-08 12:35:00,1649.2,1652.85,1648.95,1650.5,281287
2024-10-08 12:45:00,1650.3,1651.15,1648.6,1649.6,200761
2024-10-08 12:55:00,1649.6,1649.85,1646.45,1649.4,337341
2024-10-08 13:05:00,1649.05,1652.5,1648.65,1650.45,486822
2024-10-08 13:15:00,1650.05,1650.5,1648.0,1648.7,148663
2024-10-08 13:25:00,1648.7,1650.0,1647.85,1649.7,212861
2024-10-08 13:35:00,1649.7,1651.35,1648.75,1649.4,231284
2024-10-08 13:45:00,1649.4,1650.55,1648.15,1648.6,430988
2024-10-08 13:55:00,1648.5,1651.5,1647.9,1651.0,354124
2024-10-08 14:05:00,1651.0,1654.6,1650.0,1653.9,362505
2024-10-08 14:15:00,1654.05,1655.0,1653.2,1654.05,231793
2024-10-08 14:25:00,1654.4,1656.8,1653.1,1653.55,453339
2024-10-08 14:35:00,1653.95,1654.25,1650.3,1651.05,474138
2024-10-08 14:45:00,1650.95,1653.2,1649.5,1650.3,530737
2024-10-08 14:55:00,1650.3,1652.55,1648.8,1650.45,944567
2024-10-08 15:05:00,1650.25,1651.9,1649.0,1650.05,1094134
2024-10-08 15:15:00,1650.1,1653.3,1648.6,1652.7,1010627
2024-10-08 15:25:00,1652.65,1653.6,1650.3,1651.25,399880
2024-10-09 09:15:00,1649.5,1654.8,1639.55,1640.1,1240078
2024-10-09 09:25:00,1639.55,1641.6,1638.0,1641.15,430253
2024-10-09 09:35:00,1641.15,1642.75,1635.8,1641.2,446123
2024-10-09 09:45:00,1641.05,1642.5,1637.45,1638.15,328310
2024-10-09 09:55:00,1638.15,1643.75,1637.65,1641.5,397168
2024-10-09 10:05:00,1641.15,1656.75,1641.0,1655.65,1045310
2024-10-09 10:15:00,1655.25,1655.85,1644.0,1645.4,857560
2024-10-09 10:25:00,1645.1,1645.3,1639.0,1642.0,312994
2024-10-09 10:35:00,1642.0,1649.7,1641.5,1646.2,279925
2024-10-09 10:45:00,1646.2,1654.0,1645.1,1652.4,383495
2024-10-09 10:55:00,1652.45,1653.7,1649.35,1650.15,380981
2024-10-09 11:05:00,1649.85,1653.3,1648.35,1648.95,248992
2024-10-09 11:15:00,1648.65,1651.3,1647.45,1649.45,338004
2024-10-09 11:25:00,1649.45,1650.0,1648.0,1649.45,199697
2024-10-09 11:35:00,1649.4,1650.1,1645.0,1646.15,468041
2024-10-09 11:45:00,1646.15,1648.6,1645.05,1647.0,742096
2024-10-09 11:55:00,1647.15,1647.15,1639.55,1641.45,662795
2024-10-09 12:05:00,1641.45,1644.65,1638.5,1638.55,289408
2024-10-09 12:15:00,1638.55,1639.8,1636.05,1637.2,297141
2024-10-09 12:25:00,1637.2,1640.35,1637.05,1639.45,154203
2024-10-09 12:35:00,1639.25,1639.75,1637.5,1638.85,167723
2024-10-09 12:45:00,1638.9,1639.8,1637.25,1638.9,368581
2024-10-09 12:55:00,1638.95,1638.95,1634.2,1636.3,294546
2024-10-09 13:05:00,1636.05,1637.0,1634.45,1635.0,176751
2024-10-09 13:15:00,1634.7,1635.9,1632.55,1633.95,228050
2024-10-09 13:25:00,1634.0,1635.55,1633.2,1634.9,290580
2024-10-09 13:35:00,1634.85,1635.85,1633.15,1635.7,209260
2024-10-09 13:45:00,1635.7,1637.85,1635.55,1637.5,191672
2024-10-09 13:55:00,1637.2,1640.1,1637.0,1639.1,291462
2024-10-09 14:05:00,1639.1,1640.0,1638.0,1638.0,355855
2024-10-09 14:15:00,1638.25,1638.45,1634.5,1635.1,376815
2024-10-09 14:25:00,1635.15,1638.25,1634.4,1637.4,359203
2024-10-09 14:35:00,1637.4,1638.3,1634.35,1634.8,402652
2024-10-09 14:45:00,1634.75,1636.85,1633.25,1635.25,889681
2024-10-09 14:55:00,1635.25,1635.6,1628.7,1631.5,1912959
2024-10-09 15:05:00,1631.45,1634.1,1630.05,1634.1,2288606
2024-10-09 15:15:00,1633.95,1638.0,1633.95,1635.7,1643573
2024-10-09 15:25:00,1636.0,1638.35,1635.5,1637.9,373000
2024-10-10 09:15:00,1639.0,1644.05,1637.0,1637.6,505836
2024-10-10 09:25:00,1638.05,1640.0,1636.4,1636.6,378524
2024-10-10 09:35:00,1637.25,1638.25,1636.0,1637.25,313739
2024-10-10 09:45:00,1637.15,1638.45,1632.5,1633.5,326375
2024-10-10 09:55:00,1633.6,1638.4,1633.6,1637.4,163187
2024-10-10 10:05:00,1637.25,1642.0,1637.25,1639.85,750103
2024-10-10 10:15:00,1639.85,1641.4,1637.3,1638.75,185768
2024-10-10 10:25:00,1638.75,1642.05,1638.0,1641.95,247051
2024-10-10 10:35:00,1642.0,1642.0,1637.4,1639.7,253158
2024-10-10 10:45:00,1639.7,1640.65,1636.7,1638.2,178365
2024-10-10 10:55:00,1638.2,1641.3,1638.0,1640.5,164555
2024-10-10 11:05:00,1640.5,1641.5,1640.0,1640.45,142044
2024-10-10 11:15:00,1640.5,1642.55,1639.8,1640.05,201857
2024-10-10 11:25:00,1640.55,1642.0,1640.05,1641.55,211479
2024-10-10 11:35:00,1641.85,1648.1,1640.9,1646.9,336190
2024-10-10 11:45:00,1646.5,1652.5,1646.5,1651.0,609042
2024-10-10 11:55:00,1651.0,1651.2,1647.5,1649.7,217656
2024-10-10 12:05:00,1649.45,1650.0,1648.0,1648.0,148905
2024-10-10 12:15:00,1648.0,1648.8,1646.45,1648.4,138314
2024-10-10 12:25:00,1648.75,1650.0,1647.7,1648.55,116140
2024-10-10 12:35:00,1648.8,1650.6,1647.75,1648.15,255621
2024-10-10 12:45:00,1648.4,1649.5,1646.8,1647.7,100511
2024-10-10 12:55:00,1648.0,1648.0,1646.35,1647.3,74990
2024-10-10 13:05:00,1647.3,1648.0,1646.15,1647.95,120990
2024-10-10 13:15:00,1647.95,1651.5,1646.65,1650.4,245927
2024-10-10 13:25:00,1650.4,1652.9,1648.7,1650.3,183094
2024-10-10 13:35:00,1649.85,1650.9,1649.0,1650.55,123330
2024-10-10 13:45:00,1650.55,1650.9,1647.65,1648.75,147146
2024-10-10 13:55:00,1648.35,1656.45,1648.1,1655.6,299723
2024-10-10 14:05:00,1655.5,1656.95,1653.4,1656.15,241998
2024-10-10 14:15:00,1656.5,1664.45,1656.05,1663.05,400884
2024-10-10 14:25:00,1663.05,1665.0,1661.65,1664.5,366618
2024-10-10 14:35:00,1664.8,1665.45,1660.35,1664.3,427368
2024-10-10 14:45:00,1664.3,1664.3,1660.95,1663.7,660138
2024-10-10 14:55:00,1663.8,1663.8,1658.55,1663.3,549695
2024-10-10 15:05:00,1663.15,1664.0,1661.65,1662.8,432356
2024-10-10 15:15:00,1662.9,1663.6,1660.85,1662.65,338146
2024-10-10 15:25:00,1662.65,1663.2,1661.0,1661.0,109680
2024-10-11 09:15:00,1664.45,1664.45,1650.35,1652.15,977683
2024-10-11 09:25:00,1652.15,1655.8,1649.9,1652.25,438923
2024-10-11 09:35:00,1652.05,1656.2,1651.7,1653.0,420668
2024-10-11 09:45:00,1653.0,1656.95,1653.0,1655.0,297577
2024-10-11 09:55:00,1655.3,1657.55,1653.65,1654.15,353230
2024-10-11 10:05:00,1654.25,1658.9,1653.15,1658.85,212117
2024-10-11 10:15:00,1658.85,1659.05,1655.95,1655.95,212179
2024-10-11 10:25:00,1656.0,1657.5,1654.65,1655.95,201665
2024-10-11 10:35:00,1655.95,1656.0,1651.6,1652.5,248266
2024-10-11 10:45:00,1652.5,1654.3,1651.8,1653.0,252305
2024-10-11 10:55:00,1653.15,1653.9,1650.4,1650.4,399709
2024-10-11 11:05:00,1650.5,1651.3,1648.05,1648.4,342840
2024-10-11 11:15:00,1648.35,1650.0,1646.05,1646.75,322356
2024-10-11 11:25:00,1646.75,1646.9,1643.25,1644.25,241563
2024-10-11 11:35:00,1644.1,1645.8,1643.4,1644.65,224137
2024-10-11 11:45:00,1644.7,1647.75,1644.25,1646.9,252857
2024-10-11 11:55:00,1647.05,1647.1,1644.65,1645.95,160055
2024-10-11 12:05:00,1645.85,1647.5,1645.75,1647.25,167608
2024-10-11 12:15:00,1647.3,1650.5,1646.8,1649.0,193155
2024-10-11 12:25:00,1649.0,1651.0,1648.85,1649.45,200281
2024-10-11 12:35:00,1649.45,1650.45,1648.55,1648.9,176744
2024-10-11 12:45:00,1648.9,1649.45,1647.5,1647.8,151819
2024-10-11 12:55:00,1647.75,1650.0,1647.6,1649.85,189235
2024-10-11 13:05:00,1649.95,1652.75,1649.9,1651.9,186936
2024-10-11 13:15:00,1651.95,1654.0,1651.9,1653.0,166927
2024-10-11 13:25:00,1653.1,1653.8,1652.35,1652.8,150034
2024-10-11 13:35:00,1653.05,1653.05,1648.9,1650.35,248292
2024-10-11 13:45:00,1650.35,1652.4,1649.05,1649.95,245615
2024-10-11 13:55:00,1650.0,1651.8,1648.65,1648.9,264827
2024-10-11 14:05:00,1648.85,1649.15,1645.5,1648.1,298356
2024-10-11 14:15:00,1648.1,1648.8,1646.5,1648.15,206879
2024-10-11 14:25:00,1648.8,1650.0,1647.35,1648.5,210192
2024-10-11 14:35:00,1648.4,1650.0,1648.1,1649.55,223678
2024-10-11 14:45:00,1649.1,1651.25,1648.45,1650.4,323442
2024-10-11 14:55:00,1650.5,1650.95,1647.85,1648.4,555394
2024-10-11 15:05:00,1648.35,1652.65,1648.35,1650.65,848921
2024-10-11 15:15:00,1650.65,1653.5,1649.9,1651.9,769553
2024-10-11 15:25:00,1652.05,1652.3,1650.0,1651.5,260815
2024-10-14 09:15:00,1656.05,1669.0,1654.0,1668.95,552270
2024-10-14 09:25:00,1668.9,1676.55,1667.65,1674.1,316435
2024-10-14 09:35:00,1674.1,1677.65,1672.25,1676.95,208947
2024-10-14 09:45:00,1676.7,1680.0,1676.5,1678.7,231665
2024-10-14 09:55:00,1678.7,1681.9,1676.85,1680.5,163542
2024-10-14 10:05:00,1680.5,1680.6,1675.55,1676.2,155653
2024-10-14 10:15:00,1676.05,1679.9,1675.0,1679.6,91761
2024-10-14 10:25:00,1679.6,1680.8,1676.55,1677.65,113862
2024-10-14 10:35:00,1677.6,1678.7,1676.4,1676.95,59536
2024-10-14 10:45:00,1677.0,1680.0,1676.95,1679.4,76948
2024-10-14 10:55:00,1679.4,1680.2,1678.95,1679.7,87909
2024-10-14 11:05:00,1679.7,1684.5,1679.35,1683.8,230709
2024-10-14 11:15:00,1683.45,1685.0,1682.5,1683.1,188322
2024-10-14 11:25:00,1683.25,1684.0,1681.0,1681.4,160248
2024-10-14 11:35:00,1681.35,1684.3,1680.6,1682.55,233792
2024-10-14 11:45:00,1682.55,1683.8,1682.1,1683.55,127910
2024-10-14 11:55:00,1683.2,1685.55,1682.5,1684.65,230019
2024-10-14 12:05:00,1684.65,1685.95,1684.5,1685.95,125481
2024-10-14 12:15:00,1685.9,1686.95,1683.85,1684.9,205797
2024-10-14 12:25:00,1684.9,1685.2,1681.9,1683.8,108582
2024-10-14 12:35:00,1683.8,1683.95,1681.15,1682.9,145308
2024-10-14 12:45:00,1682.9,1683.75,1680.5,1681.55,150474
2024-10-14 12:55:00,1681.5,1682.65,1680.55,1682.0,139617
2024-10-14 13:05:00,1682.1,1683.0,1681.7,1682.0,90396
2024-10-14 13:15:00,1682.0,1683.85,1681.6,1683.45,105698
2024-10-14 13:25:00,1683.45,1685.0,1682.75,1684.25,116383
2024-10-14 13:35:00,1684.2,1687.0,1684.2,1685.8,156969
2024-10-14 13:45:00,1685.85,1687.0,1684.55,1686.75,109684
2024-10-14 13:55:00,1686.75,1687.65,1685.0,1686.3,164609
2024-10-14 14:05:00,1686.3,1688.0,1685.4,1686.9,165542
2024-10-14 14:15:00,1686.95,1687.75,1685.0,1686.15,162007
2024-10-14 14:25:00,1686.4,1687.55,1685.0,1687.05,154075
2024-10-14 14:35:00,1687.05,1689.0,1686.15,1686.55,203982
2024-10-14 14:45:00,1686.75,1687.5,1685.25,1686.5,276655
2024-10-14 14:55:00,1686.45,1686.6,1684.1,1685.5,767588
2024-10-14 15:05:00,1685.6,1688.15,1685.6,1687.05,964584
2024-10-14 15:15:00,1687.1,1692.05,1687.1,1688.55,1301276
2024-10-14 15:25:00,1688.5,1689.6,1687.0,1689.35,274713
2024-10-15 09:15:00,1694.0,1698.0,1687.05,1687.85,612631
2024-10-15 09:25:00,1688.0,1689.9,1684.1,1689.05,258290
2024-10-15 09:35:00,1689.45,1689.45,1687.05,1688.4,144530
2024-10-15 09:45:00,1688.05,1688.35,1681.1,1682.2,215697
2024-10-15 09:55:00,1682.2,1683.75,1680.05,1680.65,167832
2024-10-15 10:05:00,1680.7,1684.05,1679.0,1682.05,229787
2024-10-15 10:15:00,1682.35,1684.6,1682.0,1683.6,123152
2024-10-15 10:25:00,1683.4,1685.95,1681.5,1685.1,168938
2024-10-15 10:35:00,1685.1,1688.05,1684.65,1685.3,226777
2024-10-15 10:45:00,1685.3,1687.05,1682.1,1682.85,210644
2024-10-15 10:55:00,1682.85,1683.45,1679.5,1680.4,234667
2024-10-15 11:05:00,1680.4,1682.0,1678.65,1681.25,123402
2024-10-15 11:15:00,1681.35,1681.95,1677.0,1677.05,104201
2024-10-15 11:25:00,1677.15,1678.0,1675.5,1678.0,150355
2024-10-15 11:35:00,1677.5,1679.65,1676.65,1679.65,89447
2024-10-15 11:45:00,1679.65,1680.9,1677.5,1680.3,145213
2024-10-15 11:55:00,1680.3,1683.5,1679.7,1683.2,147851
2024-10-15 12:05:00,1683.2,1683.45,1680.25,1681.25,104914
2024-10-15 12:15:00,1681.25,1682.0,1680.0,1681.2,171390
2024-10-15 12:25:00,1681.05,1682.4,1680.0,1682.0,103732
2024-10-15 12:35:00,1682.0,1682.55,1680.75,1682.2,109774
2024-10-15 12:45:00,1682.2,1683.5,1681.85,1683.15,83745
2024-10-15 12:55:00,1683.15,1683.55,1681.0,1681.65,119529
2024-10-15 13:05:00,1681.55,1681.75,1678.2,1678.35,147728
2024-10-15 13:15:00,1678.35,1682.35,1678.05,1682.05,99220
2024-10-15 13:25:00,1681.85,1683.95,1681.55,1683.65,82690
2024-10-15 13:35:00,1683.95,1686.8,1683.7,1684.7,136539
2024-10-15 13:45:00,1684.8,1686.0,1681.7,1682.55,183683
2024-10-15 13:55:00,1682.75,1683.95,1680.25,1681.8,104177
2024-10-15 14:05:00,1681.8,1684.5,1681.55,1683.55,83684
2024-10-15 14:15:00,1683.55,1685.0,1683.25,1684.8,110345
2024-10-15 14:25:00,1684.75,1686.25,1682.65,1683.7,170821
2024-10-15 14:35:00,1683.7,1685.0,1680.55,1684.05,222492
2024-10-15 14:45:00,1684.15,1687.8,1683.95,1686.05,259457
2024-10-15 14:55:00,1686.05,1686.15,1682.4,1683.75,872252
2024-10-15 15:05:00,1683.8,1685.45,1679.0,1683.8,1411538
2024-10-15 15:15:00,1683.85,1687.3,1681.4,1687.05,1409076
2024-10-15 15:25:00,1687.05,1687.5,1685.05,1686.0,369593
2024-10-16 09:15:00,1680.1,1694.35,1680.1,1692.45,923760
2024-10-16 09:25:00,1692.2,1699.0,1692.2,1696.65,318189
2024-10-16 09:35:00,1696.65,1701.95,1696.2,1699.95,336407
2024-10-16 09:45:00,1699.9,1700.35,1697.5,1699.4,179841
2024-10-16 09:55:00,1699.4,1700.0,1697.9,1699.9,226736
2024-10-16 10:05:00,1699.9,1700.0,1698.35,1699.5,234646
2024-10-16 10:15:00,1699.5,1701.15,1698.35,1698.4,509847
2024-10-16 10:25:00,1698.4,1700.5,1698.25,1700.0,208106
2024-10-16 10:35:00,1701.2,1706.0,1700.6,1704.0,229493
2024-10-16 10:45:00,1703.9,1704.0,1701.1,1701.8,110769
2024-10-16 10:55:00,1701.9,1705.85,1701.8,1704.85,174330
2024-10-16 11:05:00,1704.5,1707.95,1703.35,1707.5,167601
2024-10-16 11:15:00,1707.5,1707.5,1703.5,1704.75,166953
2024-10-16 11:25:00,1704.75,1705.5,1702.4,1704.0,207221
2024-10-16 11:35:00,1703.95,1704.0,1702.0,1702.3,165231
2024-10-16 11:45:00,1702.4,1702.95,1700.0,1702.55,192168
2024-10-16 11:55:00,1702.55,1704.0,1702.05,1702.65,90694
2024-10-16 12:05:00,1702.65,1703.7,1701.5,1701.95,96789
2024-10-16 12:15:00,1701.95,1704.7,1701.8,1704.45,111640
2024-10-16 12:25:00,1704.5,1705.0,1702.45,1703.35,153046
2024-10-16 12:35:00,1703.35,1704.6,1702.85,1704.6,107697
2024-10-16 12:45:00,1704.55,1705.0,1703.0,1703.65,115599
2024-10-16 12:55:00,1703.6,1705.0,1703.45,1704.85,99197
2024-10-16 13:05:00,1704.9,1705.45,1703.95,1703.95,139500
2024-10-16 13:15:00,1703.95,1704.6,1703.25,1703.25,103623
2024-10-16 13:25:00,1703.25,1703.75,1701.8,1702.2,143015
2024-10-16 13:35:00,1702.2,1703.15,1701.15,1701.65,181765
2024-10-16 13:45:00,1702.0,1702.65,1700.1,1700.35,135391
2024-10-16 13:55:00,1700.0,1700.9,1697.05,1697.3,297928
2024-10-16 14:05:00,1697.1,1699.45,1696.5,1698.6,158540
2024-10-16 14:15:00,1698.6,1699.45,1698.05,1699.35,180323
2024-10-16 14:25:00,1699.25,1702.25,1698.45,1698.7,316012
2024-10-16 14:35:00,1698.7,1699.8,1695.3,1696.45,285312
2024-10-16 14:45:00,1696.45,1697.2,1694.1,1696.65,436865
2024-10-16 14:55:00,1697.1,1699.85,1696.35,1699.1,516323
2024-10-16 15:05:00,1699.1,1701.25,1697.95,1700.9,819124
2024-10-16 15:15:00,1700.85,1701.75,1699.25,1701.0,848921
2024-10-16 15:25:00,1700.25,1701.35,1699.0,1700.5,297282
2024-10-17 09:15:00,1694.95,1697.65,1686.1,1686.4,855506
2024-10-17 09:25:00,1686.1,1689.7,1685.1,1686.15,156490
2024-10-17 09:35:00,1686.05,1686.6,1680.25,1680.75,176584
2024-10-17 09:45:00,1680.65,1681.65,1678.15,1678.85,203898
2024-10-17 09:55:00,1678.95,1679.8,1677.15,1679.0,113226
2024-10-17 10:05:00,1679.05,1680.15,1678.0,1678.6,93617
2024-10-17 10:15:00,1678.65,1679.75,1674.1,1674.6,142504
2024-10-17 10:25:00,1674.2,1677.5,1673.5,1673.85,94948
2024-10-17 10:35:00,1673.85,1677.7,1673.15,1677.5,117392
2024-10-17 10:45:00,1677.6,1678.6,1676.9,1677.1,141343
2024-10-17 10:55:00,1677.1,1678.3,1676.0,1678.05,99853
2024-10-17 11:05:00,1678.05,1678.1,1670.8,1671.25,140708
2024-10-17 11:15:00,1671.3,1672.7,1670.0,1672.05,204539
2024-10-17 11:25:00,1671.6,1672.95,1668.1,1668.35,281234
2024-10-17 11:35:00,1668.35,1672.0,1667.4,1672.0,134517
2024-10-17 11:45:00,1672.0,1673.25,1670.45,1672.55,123232
2024-10-17 11:55:00,1672.55,1673.8,1671.15,1671.2,111799
2024-10-17 12:05:00,1671.25,1674.15,1670.1,1674.15,84397
2024-10-17 12:15:00,1673.55,1675.8,1673.45,1674.9,68842
2024-10-17 12:25:00,1674.85,1674.95,1670.85,1671.25,126743
2024-10-17 12:35:00,1671.25,1672.85,1669.05,1669.5,89070
2024-10-17 12:45:00,1669.3,1669.4,1667.6,1668.65,107263
2024-10-17 12:55:00,1668.6,1669.6,1667.25,1668.5,88666
2024-10-17 13:05:00,1668.5,1669.2,1666.2,1667.3,99740
2024-10-17 13:15:00,1667.35,1667.5,1666.15,1667.0,98616
2024-10-17 13:25:00,1667.0,1667.8,1665.2,1666.8,119515
2024-10-17 13:35:00,1666.8,1668.25,1666.2,1667.5,179459
2024-10-17 13:45:00,1667.5,1669.4,1667.15,1668.9,182460
2024-10-17 13:55:00,1668.9,1670.45,1668.2,1669.2,170933
2024-10-17 14:05:00,1669.4,1671.0,1668.4,1670.35,156401
2024-10-17 14:15:00,1670.55,1670.6,1667.6,1668.7,188690
2024-10-17 14:25:00,1668.3,1671.15,1667.6,1670.4,116090
2024-10-17 14:35:00,1670.3,1671.0,1669.5,1670.85,182791
2024-10-17 14:45:00,1671.0,1672.85,1670.3,1670.85,261995
2024-10-17 14:55:00,1670.8,1672.85,1670.8,1672.5,312177
2024-10-17 15:05:00,1672.8,1674.65,1671.1,1674.0,478396
2024-10-17 15:15:00,1674.0,1675.45,1671.8,1672.8,510760
2024-10-17 15:25:00,1672.9,1674.95,1671.1,1672.7,184189
2024-10-18 09:15:00,1663.1,1668.65,1654.65,1654.65,622211
2024-10-18 09:25:00,1656.25,1661.7,1654.1,1660.35,317865
2024-10-18 09:35:00,1660.4,1664.5,1660.3,1662.8,292131
2024-10-18 09:45:00,1663.0,1666.05,1662.25,1662.4,371241
2024-10-18 09:55:00,1662.4,1664.0,1660.4,1662.35,243944
2024-10-18 10:05:00,1662.25,1664.5,1660.5,1664.0,208667
2024-10-18 10:15:00,1664.0,1666.7,1662.65,1664.2,211166
2024-10-18 10:25:00,1664.0,1667.85,1663.6,1667.0,168736
2024-10-18 10:35:00,1666.9,1667.1,1664.45,1665.3,161735
2024-10-18 10:45:00,1665.5,1668.0,1665.3,1667.0,134033
2024-10-18 10:55:00,1667.0,1670.0,1665.95,1668.35,220660
2024-10-18 11:05:00,1667.9,1669.3,1665.3,1666.45,239854
2024-10-18 11:15:00,1666.2,1667.1,1664.0,1664.7,147691
2024-10-18 11:25:00,1664.7,1665.85,1664.2,1665.1,162289
2024-10-18 11:35:00,1665.1,1671.75,1664.6,1670.7,239869
2024-10-18 11:45:00,1670.7,1671.9,1668.85,1670.6,137528
2024-10-18 11:55:00,1670.7,1673.0,1670.05,1672.8,513122
2024-10-18 12:05:00,1672.8,1673.15,1668.65,1669.15,214210
2024-10-18 12:15:00,1668.95,1671.1,1668.5,1670.6,132351
2024-10-18 12:25:00,1670.6,1675.7,1670.5,1675.25,753183
2024-10-18 12:35:00,1675.25,1677.45,1674.1,1675.1,170982
2024-10-18 12:45:00,1675.15,1676.0,1673.4,1674.5,146982
2024-10-18 12:55:00,1674.45,1675.0,1671.55,1672.35,177529
2024-10-18 13:05:00,1672.4,1674.0,1671.55,1673.0,174225
2024-10-18 13:15:00,1672.55,1674.65,1671.8,1674.65,214588
2024-10-18 13:25:00,1674.65,1680.9,1673.55,1680.9,289987
2024-10-18 13:35:00,1680.65,1688.1,1680.5,1687.5,327288
2024-10-18 13:45:00,1687.4,1688.6,1685.3,1686.6,276463
2024-10-18 13:55:00,1686.95,1691.0,1686.15,1687.35,328812
2024-10-18 14:05:00,1687.1,1688.8,1685.05,1688.6,245974
2024-10-18 14:15:00,1688.6,1689.65,1687.85,1688.55,293558
2024-10-18 14:25:00,1688.8,1689.3,1685.2,1685.2,233749
2024-10-18 14:35:00,1685.2,1687.05,1683.75,1683.8,366130
2024-10-18 14:45:00,1683.7,1684.0,1680.15,1680.9,423065
2024-10-18 14:55:00,1680.55,1683.0,1679.0,1680.4,904256
2024-10-18 15:05:00,1680.45,1683.0,1679.35,1682.0,947214
2024-10-18 15:15:00,1682.15,1685.25,1680.1,1684.3,887497
2024-10-18 15:25:00,1684.05,1685.3,1682.4,1682.55,330163
2024-10-21 09:15:00,1715.0,1734.6,1711.05,1731.95,2634340
2024-10-21 09:25:00,1732.05,1732.25,1726.25,1729.45,727014
2024-10-21 09:35:00,1729.35,1731.0,1721.0,1722.3,761640
2024-10-21 09:45:00,1722.25,1728.2,1719.75,1728.15,544050
2024-10-21 09:55:00,1727.75,1739.0,1726.5,1737.95,850181
2024-10-21 10:05:00,1737.15,1739.5,1733.7,1738.0,546619
2024-10-21 10:15:00,1737.9,1744.85,1737.45,1740.05,652694
2024-10-21 10:25:00,1740.0,1740.1,1733.35,1733.65,541967
2024-10-21 10:35:00,1733.85,1741.0,1733.45,1740.8,509670
2024-10-21 10:45:00,1740.8,1744.0,1740.45,1743.8,535708
2024-10-21 10:55:00,1743.55,1748.15,1743.2,1745.0,554695
2024-10-21 11:05:00,1745.35,1745.95,1742.4,1745.4,378921
2024-10-21 11:15:00,1745.4,1746.0,1740.55,1740.85,639019
2024-10-21 11:25:00,1740.85,1741.0,1732.7,1733.2,537084
2024-10-21 11:35:00,1733.05,1739.0,1731.05,1738.4,806541
2024-10-21 11:45:00,1737.9,1738.2,1734.8,1736.35,229474
2024-10-21 11:55:00,1736.35,1738.7,1734.5,1735.8,331997
2024-10-21 12:05:00,1735.6,1736.1,1733.3,1733.9,290209
2024-10-21 12:15:00,1733.9,1737.8,1733.05,1737.7,299433
2024-10-21 12:25:00,1737.7,1738.7,1736.7,1738.0,301316
2024-10-21 12:35:00,1738.0,1738.0,1735.15,1737.45,203863
2024-10-21 12:45:00,1737.95,1738.1,1735.3,1735.45,692267
2024-10-21 12:55:00,1736.0,1737.0,1734.3,1735.3,238439
2024-10-21 13:05:00,1734.75,1736.0,1732.35,1734.95,285547
2024-10-21 13:15:00,1734.9,1739.95,1734.6,1737.75,309119
2024-10-21 13:25:00,1738.25,1738.65,1734.4,1736.05,829452
2024-10-21 13:35:00,1736.05,1737.0,1734.2,1735.0,342471
2024-10-21 13:45:00,1734.85,1735.0,1733.0,1734.8,239227
2024-10-21 13:55:00,1734.25,1737.0,1734.05,1735.0,702101
2024-10-21 14:05:00,1735.0,1735.5,1733.5,1734.85,514451
2024-10-21 14:15:00,1734.95,1735.15,1731.7,1734.25,308912
2024-10-21 14:25:00,1733.55,1734.5,1729.05,1732.65,693181
2024-10-21 14:35:00,1732.6,1733.85,1725.8,1726.9,698128
2024-10-21 14:45:00,1726.8,1732.45,1725.4,1731.4,570004
2024-10-21 14:55:00,1731.65,1732.95,1729.15,1729.55,853333
2024-10-21 15:05:00,1729.55,1730.8,1726.45,1729.4,1414100
2024-10-21 15:15:00,1729.4,1729.45,1726.0,1726.05,899845
2024-10-21 15:25:00,1726.05,1727.0,1723.9,1724.0,299735
2024-10-22 09:15:00,1730.05,1734.35,1723.0,1726.95,804814
2024-10-22 09:25:00,1727.2,1735.0,1726.95,1732.7,721780
2024-10-22 09:35:00,1732.7,1734.15,1729.3,1732.95,410372
2024-10-22 09:45:00,1733.0,1740.0,1732.25,1739.8,465130
2024-10-22 09:55:00,1739.25,1740.0,1735.5,1738.65,503470
2024-10-22 10:05:00,1738.65,1739.0,1732.3,1733.5,426805
2024-10-22 10:15:00,1733.45,1734.0,1725.7,1726.05,576478
2024-10-22 10:25:00,1726.1,1728.0,1718.25,1723.75,364509
2024-10-22 10:35:00,1724.5,1730.0,1722.45,1728.5,557986
2024-10-22 10:45:00,1728.95,1730.0,1725.3,1726.0,299856
2024-10-22 10:55:00,1725.85,1727.8,1723.8,1724.95,180760
2024-10-22 11:05:00,1724.95,1726.7,1721.3,1725.4,223677
2024-10-22 11:15:00,1725.4,1725.85,1719.7,1721.15,186484
2024-10-22 11:25:00,1721.1,1724.2,1718.35,1723.7,326555
2024-10-22 11:35:00,1723.7,1723.7,1714.0,1714.3,409354
2024-10-22 11:45:00,1714.8,1716.1,1711.0,1711.5,558033
2024-10-22 11:55:00,1711.55,1717.9,1711.1,1714.6,459115
2024-10-22 12:05:00,1714.4,1717.9,1714.3,1716.75,218199
2024-10-22 12:15:00,1716.7,1722.65,1715.35,1721.95,214749
2024-10-22 12:25:00,1721.9,1721.95,1714.5,1716.8,215657
2024-10-22 12:35:00,1716.85,1719.0,1714.5,1718.75,226625
2024-10-22 12:45:00,1718.9,1719.25,1715.55,1717.75,201504
2024-10-22 12:55:00,1717.65,1718.45,1714.55,1717.0,285882
2024-10-22 13:05:00,1717.0,1719.8,1715.7,1719.75,280048
2024-10-22 13:15:00,1719.75,1723.0,1718.4,1722.9,279608
2024-10-22 13:25:00,1723.0,1723.9,1720.05,1723.0,447567
2024-10-22 13:35:00,1723.0,1724.4,1722.0,1723.35,289452
2024-10-22 13:45:00,1723.3,1726.45,1722.5,1724.7,431519
2024-10-22 13:55:00,1724.7,1726.05,1724.1,1724.25,260530
2024-10-22 14:05:00,1724.25,1726.55,1722.5,1725.95,327537
2024-10-22 14:15:00,1726.05,1726.4,1722.85,1725.2,534332
2024-10-22 14:25:00,1725.2,1726.05,1722.25,1723.2,569780
2024-10-22 14:35:00,1723.2,1727.0,1722.25,1725.15,447643
2024-10-22 14:45:00,1725.15,1726.0,1722.25,1722.3,358601
2024-10-22 14:55:00,1722.3,1723.25,1713.7,1714.6,2070033
2024-10-22 15:05:00,1714.85,1716.65,1711.3,1712.65,2267731
2024-10-22 15:15:00,1712.75,1716.05,1710.7,1715.9,1401820
2024-10-22 15:25:00,1715.9,1716.45,1713.1,1714.5,330744
2024-10-23 09:15:00,1705.05,1736.0,1705.05,1731.8,1576072
2024-10-23 09:25:00,1731.35,1737.85,1731.2,1737.85,650291
2024-10-23 09:35:00,1737.85,1738.85,1732.25,1735.0,927228
2024-10-23 09:45:00,1735.0,1744.0,1734.95,1744.0,638081
2024-10-23 09:55:00,1744.0,1744.8,1738.2,1739.35,354403
2024-10-23 10:05:00,1739.35,1740.0,1736.2,1737.05,215077
2024-10-23 10:15:00,1737.05,1739.2,1735.35,1736.45,186839
2024-10-23 10:25:00,1736.45,1740.0,1735.6,1738.2,246105
2024-10-23 10:35:00,1738.3,1741.9,1737.45,1737.45,200582
2024-10-23 10:45:00,1737.45,1741.1,1736.5,1740.45,354594
2024-10-23 10:55:00,1740.6,1743.75,1738.65,1742.95,287312
2024-10-23 11:05:00,1743.0,1743.8,1740.2,1742.2,251247
2024-10-23 11:15:00,1742.3,1744.0,1741.65,1743.7,557740
2024-10-23 11:25:00,1743.7,1746.5,1742.05,1742.25,481666
2024-10-23 11:35:00,1742.2,1742.35,1738.15,1738.15,498025
2024-10-23 11:45:00,1738.1,1740.25,1737.5,1738.95,244594
2024-10-23 11:55:00,1738.95,1739.4,1736.75,1737.9,296214
2024-10-23 12:05:00,1737.65,1738.5,1736.05,1736.6,212892
2024-10-23 12:15:00,1736.85,1738.8,1735.9,1738.15,278492
2024-10-23 12:25:00,1738.1,1738.5,1736.0,1736.45,238693
2024-10-23 12:35:00,1736.45,1738.7,1736.05,1738.55,207073
2024-10-23 12:45:00,1738.6,1740.0,1737.6,1739.35,292090
2024-10-23 12:55:00,1739.4,1739.7,1737.0,1738.75,439341
2024-10-23 13:05:00,1738.75,1740.0,1738.3,1738.85,222266
2024-10-23 13:15:00,1738.95,1741.25,1737.7,1740.75,346723
2024-10-23 13:25:00,1740.75,1741.8,1739.05,1739.9,579467
2024-10-23 13:35:00,1739.95,1741.05,1737.35,1737.95,306577
2024-10-23 13:45:00,1737.95,1739.35,1736.75,1737.55,322657
2024-10-23 13:55:00,1737.45,1737.5,1735.3,1736.15,327489
2024-10-23 14:05:00,1736.3,1737.95,1734.95,1735.0,328881
2024-10-23 14:15:00,1735.2,1736.05,1733.1,1733.95,800832
2024-10-23 14:25:00,1734.1,1737.1,1733.75,1734.6,402938
2024-10-23 14:35:00,1734.6,1736.45,1734.55,1734.8,367376
2024-10-23 14:45:00,1734.8,1737.4,1734.8,1736.6,544906
2024-10-23 14:55:00,1736.65,1737.1,1732.85,1733.1,1284004
2024-10-23 15:05:00,1733.3,1737.3,1732.65,1736.0,1691644
2024-10-23 15:15:00,1736.05,1738.5,1733.55,1737.15,1106117
2024-10-23 15:25:00,1737.1,1738.9,1735.6,1737.85,442833
2024-10-24 09:15:00,1738.1,1758.0,1738.1,1757.0,2228375
2024-10-24 09:25:00,1757.0,1761.4,1756.0,1756.1,1520384
2024-10-24 09:35:00,1756.35,1756.35,1750.4,1753.2,467765
2024-10-24 09:45:00,1753.2,1754.2,1751.05,1752.5,371518
2024-10-24 09:55:00,1752.5,1753.7,1748.7,1753.05,290727
2024-10-24 10:05:00,1753.05,1760.5,1753.0,1760.2,625384
2024-10-24 10:15:00,1760.2,1760.85,1758.5,1760.15,320675
2024-10-24 10:25:00,1760.15,1764.0,1759.0,1763.9,288214
2024-10-24 10:35:00,1763.9,1764.0,1761.4,1763.8,278235
2024-10-24 10:45:00,1763.65,1766.9,1763.55,1764.7,671496
2024-10-24 10:55:00,1764.7,1764.9,1760.95,1762.55,313045
2024-10-24 11:05:00,1762.55,1763.95,1760.35,1760.35,262851
2024-10-24 11:15:00,1760.5,1763.55,1760.2,1762.95,194598
2024-10-24 11:25:00,1762.9,1765.0,1762.5,1764.4,158318
2024-10-24 11:35:00,1764.4,1767.5,1764.35,1765.45,375920
2024-10-24 11:45:00,1765.5,1767.3,1765.35,1766.3,363589
2024-10-24 11:55:00,1766.3,1768.65,1765.0,1765.35,276184
2024-10-24 12:05:00,1765.3,1765.35,1762.05,1762.2,191339
2024-10-24 12:15:00,1762.1,1763.25,1761.0,1761.1,208221
2024-10-24 12:25:00,1761.1,1761.15,1759.6,1761.0,226121
2024-10-24 12:35:00,1760.95,1761.0,1757.7,1759.0,192502
2024-10-24 12:45:00,1758.85,1760.0,1757.1,1757.75,170044
2024-10-24 12:55:00,1757.7,1760.0,1757.1,1760.0,180832
2024-10-24 13:05:00,1760.0,1760.0,1757.3,1758.1,219772
2024-10-24 13:15:00,1758.15,1759.55,1758.1,1758.3,159103
2024-10-24 13:25:00,1758.55,1758.95,1753.85,1755.0,320855
2024-10-24 13:35:00,1754.55,1755.0,1751.8,1752.75,351768
2024-10-24 13:45:00,1752.7,1754.0,1751.85,1752.95,238033
2024-10-24 13:55:00,1752.9,1754.05,1750.5,1750.75,380685
2024-10-24 14:05:00,1750.7,1753.25,1750.55,1752.75,192137
2024-10-24 14:15:00,1752.75,1752.85,1750.5,1750.65,211082
2024-10-24 14:25:00,1750.6,1751.95,1750.3,1750.45,221108
2024-10-24 14:35:00,1750.5,1752.3,1748.15,1749.4,282483
2024-10-24 14:45:00,1749.45,1749.75,1746.2,1749.0,286000
2024-10-24 14:55:00,1749.2,1750.35,1747.8,1749.45,548127
2024-10-24 15:05:00,1749.45,1750.05,1748.3,1750.05,606296
2024-10-24 15:15:00,1750.0,1752.0,1749.2,1750.5,538460
2024-10-24 15:25:00,1750.3,1751.4,1747.2,1750.5,274982
2024-10-25 09:15:00,1755.0,1757.85,1741.7,1743.9,701820
2024-10-25 09:25:00,1743.9,1750.7,1743.35,1750.05,304060
2024-10-25 09:35:00,1750.0,1752.0,1746.0,1747.75,479658
2024-10-25 09:45:00,1747.75,1750.8,1740.0,1740.45,516187
2024-10-25 09:55:00,1740.1,1740.75,1735.35,1738.75,305944
2024-10-25 10:05:00,1739.15,1740.45,1735.5,1737.55,197739
2024-10-25 10:15:00,1737.45,1739.1,1735.0,1737.9,202661
2024-10-25 10:25:00,1737.9,1738.0,1733.6,1735.05,278157
2024-10-25 10:35:00,1735.05,1740.9,1735.0,1740.05,355893
2024-10-25 10:45:00,1740.05,1742.0,1738.6,1739.8,385880
2024-10-25 10:55:00,1739.8,1741.8,1739.0,1741.0,358745
2024-10-25 11:05:00,1740.7,1742.8,1737.55,1740.0,355312
2024-10-25 11:15:00,1739.95,1746.0,1739.55,1745.8,290645
2024-10-25 11:25:00,1745.75,1746.15,1742.3,1744.4,230658
2024-10-25 11:35:00,1744.45,1744.75,1739.35,1740.0,255253
2024-10-25 11:45:00,1740.0,1740.9,1739.1,1740.0,134185
2024-10-25 11:55:00,1740.0,1740.5,1736.8,1738.45,178052
2024-10-25 12:05:00,1738.5,1741.0,1738.05,1740.05,112606
2024-10-25 12:15:00,1740.35,1740.65,1737.0,1737.75,260211
2024-10-25 12:25:00,1737.75,1738.5,1737.0,1738.05,147324
2024-10-25 12:35:00,1738.3,1738.95,1735.85,1737.3,141409
2024-10-25 12:45:00,1737.3,1738.0,1735.1,1737.9,171439
2024-10-25 12:55:00,1737.9,1740.75,1737.7,1738.65,185579
2024-10-25 13:05:00,1738.9,1740.75,1738.8,1739.8,173246
2024-10-25 13:15:00,1739.8,1740.5,1739.15,1739.85,133878
2024-10-25 13:25:00,1739.85,1741.0,1739.3,1740.3,169428
2024-10-25 13:35:00,1740.3,1741.1,1739.0,1739.9,227515
2024-10-25 13:45:00,1739.8,1740.0,1736.45,1736.8,261289
2024-10-25 13:55:00,1737.0,1737.55,1735.5,1736.9,325637
2024-10-25 14:05:00,1737.0,1739.05,1736.35,1737.8,424285
2024-10-25 14:15:00,1737.9,1738.5,1733.0,1733.95,478926
2024-10-25 14:25:00,1733.35,1733.75,1729.75,1730.4,545300
2024-10-25 14:35:00,1730.25,1734.35,1728.7,1734.05,368149
2024-10-25 14:45:00,1734.35,1739.2,1732.4,1738.3,481906
2024-10-25 14:55:00,1738.15,1745.0,1737.4,1742.25,891136
2024-10-25 15:05:00,1742.3,1744.6,1739.7,1744.6,906184
2024-10-25 15:15:00,1744.2,1747.2,1744.2,1745.9,622908
2024-10-25 15:25:00,1745.7,1746.9,1745.0,1745.8,274904
2024-10-28 09:15:00,1742.0,1751.0,1736.15,1747.15,814909
2024-10-28 09:25:00,1747.2,1748.35,1741.75,1742.3,317278
2024-10-28 09:35:00,1741.9,1743.7,1738.5,1742.15,187971
2024-10-28 09:45:00,1742.15,1750.8,1740.5,1749.65,270621
2024-10-28 09:55:00,1749.65,1750.85,1744.15,1745.5,259531
2024-10-28 10:05:00,1745.45,1747.35,1742.35,1743.1,194015
2024-10-28 10:15:00,1743.05,1748.0,1741.3,1746.95,227780
2024-10-28 10:25:00,1746.45,1747.2,1739.15,1740.45,238714
2024-10-28 10:35:00,1740.4,1743.05,1739.8,1740.7,345079
2024-10-28 10:45:00,1741.0,1743.45,1740.0,1742.5,256391
2024-10-28 10:55:00,1742.5,1742.95,1736.6,1738.15,599780
2024-10-28 11:05:00,1738.15,1738.2,1733.2,1735.95,325997
2024-10-28 11:15:00,1735.75,1736.35,1732.95,1734.0,294689
2024-10-28 11:25:00,1734.0,1735.0,1732.6,1732.6,230009
2024-10-28 11:35:00,1732.6,1735.0,1728.9,1734.9,387792
2024-10-28 11:45:00,1734.9,1735.3,1732.35,1734.2,194125
2024-10-28 11:55:00,1734.1,1734.9,1732.35,1734.4,230404
2024-10-28 12:05:00,1733.85,1738.7,1733.65,1738.15,308400
2024-10-28 12:15:00,1738.5,1740.0,1737.35,1737.65,238832
2024-10-28 12:25:00,1738.35,1740.7,1737.45,1740.0,314315
2024-10-28 12:35:00,1740.45,1740.8,1736.6,1736.6,265340
2024-10-28 12:45:00,1736.7,1737.15,1733.0,1734.0,160663
2024-10-28 12:55:00,1734.0,1735.0,1732.5,1734.4,98834
2024-10-28 13:05:00,1734.95,1736.7,1734.1,1734.8,151371
2024-10-28 13:15:00,1735.45,1738.35,1734.05,1738.35,151540
2024-10-28 13:25:00,1738.15,1738.5,1734.7,1735.6,128652
2024-10-28 13:35:00,1735.95,1736.85,1733.35,1736.85,163730
2024-10-28 13:45:00,1736.85,1738.0,1735.2,1735.2,166048
2024-10-28 13:55:00,1735.35,1736.8,1730.5,1733.8,221356
2024-10-28 14:05:00,1733.85,1735.25,1732.45,1734.75,186719
2024-10-28 14:15:00,1734.65,1735.0,1732.25,1734.3,207395
2024-10-28 14:25:00,1733.8,1735.85,1732.25,1735.35,181720
2024-10-28 14:35:00,1735.45,1739.15,1734.6,1737.4,230916
2024-10-28 14:45:00,1737.4,1740.3,1736.65,1738.6,331086
2024-10-28 14:55:00,1738.6,1739.75,1733.4,1733.45,727123
2024-10-28 15:05:00,1733.4,1735.7,1730.0,1734.25,682817
2024-10-28 15:15:00,1734.4,1738.0,1733.35,1735.0,424680
2024-10-28 15:25:00,1734.85,1736.85,1734.15,1735.0,171727
2024-10-29 09:15:00,1726.15,1734.35,1725.1,1728.75,1005133
2024-10-29 09:25:00,1728.75,1737.3,1728.0,1731.55,633216
2024-10-29 09:35:00,1731.15,1732.05,1728.5,1730.0,420134
2024-10-29 09:45:00,1730.0,1737.1,1730.0,1733.55,341476
2024-10-29 09:55:00,1733.85,1739.75,1733.75,1739.15,307735
2024-10-29 10:05:00,1739.35,1741.0,1735.55,1740.6,316269
2024-10-29 10:15:00,1740.35,1741.95,1737.0,1738.35,304847
2024-10-29 10:25:00,1738.25,1741.15,1735.0,1735.2,365456
2024-10-29 10:35:00,1735.2,1737.6,1734.5,1735.05,245354
2024-10-29 10:45:00,1735.25,1737.25,1732.85,1734.05,419245
2024-10-29 10:55:00,1734.3,1737.75,1731.1,1733.6,305365
2024-10-29 11:05:00,1733.6,1736.35,1731.95,1733.45,295039
2024-10-29 11:15:00,1734.0,1735.0,1729.15,1731.85,329107
2024-10-29 11:25:00,1731.85,1734.0,1730.5,1730.5,192384
2024-10-29 11:35:00,1730.7,1740.5,1729.85,1737.75,471299
2024-10-29 11:45:00,1738.35,1741.0,1735.55,1738.0,304236
2024-10-29 11:55:00,1738.5,1740.05,1735.3,1738.2,223572
2024-10-29 12:05:00,1738.2,1739.6,1736.0,1738.9,152472
2024-10-29 12:15:00,1738.75,1741.0,1736.2,1736.8,303646
2024-10-29 12:25:00,1736.8,1739.45,1736.4,1737.45,190923
2024-10-29 12:35:00,1737.75,1740.6,1736.3,1739.2,273403
2024-10-29 12:45:00,1739.25,1743.5,1737.75,1742.55,314923
2024-10-29 12:55:00,1743.15,1747.8,1740.75,1747.8,423249
2024-10-29 13:05:00,1747.75,1747.95,1745.0,1747.2,476749
2024-10-29 13:15:00,1747.25,1747.95,1742.25,1745.9,555601
2024-10-29 13:25:00,1745.9,1748.5,1744.35,1745.65,386834
2024-10-29 13:35:00,1745.65,1746.7,1741.25,1744.25,291307
2024-10-29 13:45:00,1744.3,1745.75,1742.2,1744.35,178852
2024-10-29 13:55:00,1744.4,1758.6,1744.05,1756.5,595523
2024-10-29 14:05:00,1756.6,1763.95,1755.4,1762.45,737517
2024-10-29 14:15:00,1762.4,1764.0,1760.3,1760.6,432980
2024-10-29 14:25:00,1760.6,1760.6,1756.1,1758.1,464128
2024-10-29 14:35:00,1758.1,1760.55,1755.55,1756.75,352533
2024-10-29 14:45:00,1756.7,1759.2,1755.1,1756.2,618759
2024-10-29 14:55:00,1756.0,1756.0,1750.65,1752.75,1062408
2024-10-29 15:05:00,1752.85,1753.9,1750.75,1751.8,1770091
2024-10-29 15:15:00,1751.8,1751.85,1749.1,1750.4,897266
2024-10-29 15:25:00,1750.5,1752.0,1747.9,1749.75,437376
2024-10-30 09:15:00,1742.0,1752.0,1742.0,1749.05,997213
2024-10-30 09:25:00,1749.05,1754.75,1744.6,1746.1,332980
2024-10-30 09:35:00,1745.8,1747.05,1742.0,1742.35,747535
2024-10-30 09:45:00,1742.3,1746.45,1741.4,1743.25,243246
2024-10-30 09:55:00,1743.45,1745.0,1740.05,1741.7,193075
2024-10-30 10:05:00,1741.75,1743.85,1741.0,1743.8,168966
2024-10-30 10:15:00,1743.8,1744.05,1737.55,1738.75,253793
2024-10-30 10:25:00,1738.75,1740.9,1735.6,1740.3,202945
2024-10-30 10:35:00,1740.3,1741.25,1738.1,1740.7,146332
2024-10-30 10:45:00,1740.5,1745.0,1740.5,1745.0,258106
2024-10-30 10:55:00,1745.0,1745.5,1743.15,1743.4,265993
2024-10-30 11:05:00,1743.4,1744.0,1741.65,1741.9,162448
2024-10-30 11:15:00,1741.9,1744.2,1741.2,1744.1,146154
2024-10-30 11:25:00,1744.05,1745.4,1741.4,1742.45,219553
2024-10-30 11:35:00,1742.35,1742.45,1741.2,1742.1,142112
2024-10-30 11:45:00,1742.05,1743.5,1741.4,1743.0,129147
2024-10-30 11:55:00,1742.9,1743.8,1742.1,1743.0,150982
2024-10-30 12:05:00,1742.9,1743.75,1741.2,1743.05,163213
2024-10-30 12:15:00,1743.0,1744.1,1742.0,1742.05,120116
2024-10-30 12:25:00,1742.05,1742.5,1740.25,1740.3,428126
2024-10-30 12:35:00,1740.3,1742.9,1738.95,1741.85,168487
2024-10-30 12:45:00,1741.8,1742.85,1739.8,1740.4,125468
2024-10-30 12:55:00,1740.3,1741.0,1738.15,1738.4,142305
2024-10-30 13:05:00,1738.4,1743.35,1733.2,1734.5,393966
2024-10-30 13:15:00,1734.55,1734.95,1728.2,1729.05,380597
2024-10-30 13:25:00,1728.8,1730.2,1727.05,1728.55,528826
2024-10-30 13:35:00,1728.5,1728.9,1724.2,1725.65,599162
2024-10-30 13:45:00,1725.7,1728.5,1725.7,1727.9,321375
2024-10-30 13:55:00,1727.8,1728.4,1726.25,1727.6,347948
2024-10-30 14:05:00,1727.65,1730.45,1727.05,1727.35,412419
2024-10-30 14:15:00,1727.05,1730.0,1726.25,1728.65,976449
2024-10-30 14:25:00,1728.55,1730.9,1726.05,1730.55,457240
2024-10-30 14:35:00,1730.55,1733.15,1729.25,1732.4,658598
2024-10-30 14:45:00,1732.4,1733.4,1729.45,1731.35,446081
2024-10-30 14:55:00,1731.35,1734.2,1729.45,1733.7,1166879
2024-10-30 15:05:00,1733.75,1735.0,1731.55,1732.95,1634279
2024-10-30 15:15:00,1732.9,1740.55,1732.9,1739.45,1197266
2024-10-30 15:25:00,1739.7,1741.45,1736.2,1737.0,457085
2024-10-31 09:15:00,1728.0,1735.4,1728.0,1728.55,503499
2024-10-31 09:25:00,1728.55,1729.95,1724.2,1724.8,184639
2024-10-31 09:35:00,1724.6,1729.4,1723.0,1728.65,237771
2024-10-31 09:45:00,1728.65,1735.6,1728.6,1733.75,305280
2024-10-31 09:55:00,1733.8,1735.85,1731.8,1733.4,165392
2024-10-31 10:05:00,1733.4,1733.8,1730.65,1731.15,325135
2024-10-31 10:15:00,1731.2,1733.7,1730.55,1733.7,141157
2024-10-31 10:25:00,1733.7,1734.5,1732.7,1733.95,206036
2024-10-31 10:35:00,1733.95,1735.2,1733.0,1733.25,131555
2024-10-31 10:45:00,1733.6,1733.8,1731.5,1731.75,125605
2024-10-31 10:55:00,1731.75,1732.8,1729.4,1732.1,292275
2024-10-31 11:05:00,1732.1,1732.55,1730.2,1730.35,183240
2024-10-31 11:15:00,1730.35,1732.2,1729.05,1729.9,302264
2024-10-31 11:25:00,1730.0,1732.0,1729.85,1732.0,166538
2024-10-31 11:35:00,1732.0,1733.0,1730.55,1732.75,143349
2024-10-31 11:45:00,1732.75,1733.5,1731.75,1732.4,169052
2024-10-31 11:55:00,1732.4,1734.0,1731.25,1731.7,128974
2024-10-31 12:05:00,1731.7,1732.7,1731.1,1731.85,111238
2024-10-31 12:15:00,1731.85,1732.9,1729.2,1729.35,130047
2024-10-31 12:25:00,1729.35,1729.35,1724.5,1724.6,197571
2024-10-31 12:35:00,1724.5,1725.75,1720.05,1720.05,190573
2024-10-31 12:45:00,1720.05,1723.9,1719.4,1722.75,185918
2024-10-31 12:55:00,1722.7,1724.15,1722.1,1724.0,140598
2024-10-31 13:05:00,1724.05,1725.25,1723.3,1724.25,153665
2024-10-31 13:15:00,1724.25,1724.9,1723.0,1723.75,149599
2024-10-31 13:25:00,1723.7,1724.4,1722.55,1724.0,167102
2024-10-31 13:35:00,1724.0,1727.6,1723.95,1727.25,262928
2024-10-31 13:45:00,1727.25,1729.7,1727.25,1728.4,237967
2024-10-31 13:55:00,1728.4,1728.4,1726.4,1726.75,292159
2024-10-31 14:05:00,1726.75,1727.9,1724.65,1725.9,333489
2024-10-31 14:15:00,1725.9,1730.35,1725.0,1729.45,281069
2024-10-31 14:25:00,1729.45,1730.5,1728.0,1729.1,178305
2024-10-31 14:35:00,1729.1,1732.0,1728.7,1731.7,220924
2024-10-31 14:45:00,1731.7,1734.5,1730.7,1732.55,247704
2024-10-31 14:55:00,1732.55,1734.4,1731.7,1732.05,775655
2024-10-31 15:05:00,1732.0,1738.0,1731.5,1735.1,1160323
2024-10-31 15:15:00,1735.15,1738.9,1735.05,1736.5,1542954
2024-10-31 15:25:00,1736.3,1736.8,1733.2,1734.3,615433
2024-11-04 09:15:00,1745.0,1745.0,1726.15,1730.6,1020091
2024-11-04 09:25:00,1730.45,1733.0,1728.35,1729.7,289045
2024-11-04 09:35:00,1729.7,1731.95,1729.2,1729.9,188636
2024-11-04 09:45:00,1729.9,1736.4,1729.2,1736.2,225566
2024-11-04 09:55:00,1736.0,1739.9,1735.5,1737.8,246221
2024-11-04 10:05:00,1737.8,1737.8,1734.95,1735.65,267223
2024-11-04 10:15:00,1735.65,1737.45,1735.0,1735.05,195897
2024-11-04 10:25:00,1735.3,1739.55,1735.0,1739.4,267394
2024-11-04 10:35:00,1739.4,1739.5,1733.35,1735.0,443628
2024-11-04 10:45:00,1735.05,1737.85,1735.0,1735.95,254352
2024-11-04 10:55:00,1735.8,1736.0,1733.7,1734.35,223897
2024-11-04 11:05:00,1734.0,1734.3,1725.1,1726.45,462579
2024-11-04 11:15:00,1726.45,1728.6,1723.7,1728.45,242181
2024-11-04 11:25:00,1728.45,1729.35,1726.05,1727.0,133047
2024-11-04 11:35:00,1727.0,1727.7,1726.05,1726.85,157292
2024-11-04 11:45:00,1726.85,1727.55,1725.0,1726.25,147450
2024-11-04 11:55:00,1726.25,1727.75,1725.5,1727.7,153630
2024-11-04 12:05:00,1727.5,1728.15,1724.6,1724.7,105172
2024-11-04 12:15:00,1724.55,1726.6,1724.25,1724.45,153712
2024-11-04 12:25:00,1724.65,1726.4,1724.5,1725.85,179225
2024-11-04 12:35:00,1725.8,1726.65,1723.6,1723.65,208103
2024-11-04 12:45:00,1723.95,1724.6,1720.15,1720.75,285371
2024-11-04 12:55:00,1720.75,1722.8,1719.1,1721.9,284023
2024-11-04 13:05:00,1721.95,1722.1,1720.0,1720.1,264585
2024-11-04 13:15:00,1720.1,1720.9,1717.65,1718.8,258764
2024-11-04 13:25:00,1718.85,1719.85,1718.8,1718.95,215512
2024-11-04 13:35:00,1719.0,1719.45,1717.05,1717.1,158788
2024-11-04 13:45:00,1717.05,1717.1,1713.65,1713.9,228056
2024-11-04 13:55:00,1713.9,1720.2,1713.1,1718.55,349130
2024-11-04 14:05:00,1718.4,1719.0,1716.6,1718.25,269816
2024-11-04 14:15:00,1717.65,1720.05,1716.0,1716.7,295903
2024-11-04 14:25:00,1716.7,1717.35,1712.5,1712.85,754449
2024-11-04 14:35:00,1712.7,1716.15,1712.7,1713.65,634268
2024-11-04 14:45:00,1713.6,1714.65,1711.25,1713.2,750273
2024-11-04 14:55:00,1713.2,1714.4,1711.1,1711.85,816332
2024-11-04 15:05:00,1711.85,1714.95,1710.9,1714.9,956665
2024-11-04 15:15:00,1714.9,1717.3,1712.65,1716.85,866945
2024-11-04 15:25:00,1717.15,1718.15,1714.4,1716.35,308734
2024-11-05 09:15:00,1703.0,1709.8,1697.9,1701.5,1248307
2024-11-05 09:25:00,1701.5,1707.5,1701.1,1707.1,540092
2024-11-05 09:35:00,1706.9,1709.0,1704.5,1708.4,403342
2024-11-05 09:45:00,1708.4,1709.6,1706.25,1708.6,346354
2024-11-05 09:55:00,1708.6,1713.0,1707.4,1711.1,285648
2024-11-05 10:05:00,1711.05,1713.0,1709.95,1712.05,153057
2024-11-05 10:15:00,1712.05,1716.5,1711.1,1716.45,185087
2024-11-05 10:25:00,1716.45,1721.1,1715.2,1716.85,285269
2024-11-05 10:35:00,1716.55,1716.85,1706.5,1710.85,368597
2024-11-05 10:45:00,1710.85,1719.35,1710.0,1716.3,175997
2024-11-05 10:55:00,1716.3,1716.45,1712.0,1714.0,192743
2024-11-05 11:05:00,1714.05,1718.9,1713.65,1718.45,144162
2024-11-05 11:15:00,1718.4,1719.6,1713.4,1714.4,179582
2024-11-05 11:25:00,1715.0,1716.2,1711.15,1713.95,164224
2024-11-05 11:35:00,1713.95,1715.45,1703.05,1706.8,517501
2024-11-05 11:45:00,1706.8,1712.45,1706.15,1712.3,220599
2024-11-05 11:55:00,1711.65,1714.0,1708.55,1713.4,228690
2024-11-05 12:05:00,1712.8,1715.0,1708.25,1710.65,182384
2024-11-05 12:15:00,1710.8,1713.65,1708.6,1709.65,206739
2024-11-05 12:25:00,1709.85,1711.55,1707.75,1710.35,171300
2024-11-05 12:35:00,1710.35,1713.3,1710.0,1711.95,150659
2024-11-05 12:45:00,1711.95,1718.0,1711.65,1715.05,208856
2024-11-05 12:55:00,1714.95,1716.5,1713.2,1715.95,195183
2024-11-05 13:05:00,1715.85,1716.5,1710.95,1715.35,241952
2024-11-05 13:15:00,1715.4,1724.65,1714.75,1723.9,634450
2024-11-05 13:25:00,1724.05,1744.35,1720.85,1740.35,1994341
2024-11-05 13:35:00,1740.35,1741.75,1736.0,1737.4,802519
2024-11-05 13:45:00,1737.4,1743.0,1736.9,1741.55,881857
2024-11-05 13:55:00,1741.15,1752.95,1740.65,1752.6,705908
2024-11-05 14:05:00,1752.9,1758.75,1751.85,1757.15,923354
2024-11-05 14:15:00,1757.6,1762.0,1754.7,1758.9,1192576
2024-11-05 14:25:00,1758.45,1761.35,1756.95,1760.45,577461
2024-11-05 14:35:00,1760.3,1762.7,1758.0,1761.3,840400
2024-11-05 14:45:00,1761.2,1761.55,1757.0,1757.75,976218
2024-11-05 14:55:00,1758.05,1760.2,1754.45,1759.05,1285675
2024-11-05 15:05:00,1759.05,1760.95,1756.35,1757.5,1426550
2024-11-05 15:15:00,1758.0,1760.35,1755.8,1756.6,1749314
2024-11-05 15:25:00,1757.0,1757.0,1752.75,1753.9,515829
2024-11-06 09:15:00,1771.5,1771.5,1756.45,1761.6,1110347
2024-11-06 09:25:00,1761.1,1762.0,1754.45,1754.85,468840
2024-11-06 09:35:00,1754.8,1757.05,1753.1,1753.85,351399
2024-11-06 09:45:00,1753.85,1754.75,1748.6,1748.6,431681
2024-11-06 09:55:00,1749.15,1753.0,1746.9,1752.3,401914
2024-11-06 10:05:00,1752.2,1753.85,1748.2,1748.6,366604
2024-11-06 10:15:00,1748.65,1750.5,1746.7,1750.0,280024
2024-11-06 10:25:00,1750.0,1750.6,1745.35,1749.15,230704
2024-11-06 10:35:00,1748.55,1749.45,1747.45,1748.45,130231
2024-11-06 10:45:00,1748.45,1752.95,1748.05,1750.85,186019
2024-11-06 10:55:00,1750.85,1754.3,1750.05,1751.05,251274
2024-11-06 11:05:00,1751.1,1751.25,1748.95,1749.9,208772
2024-11-06 11:15:00,1749.9,1751.1,1748.75,1749.3,171059
2024-11-06 11:25:00,1749.3,1750.7,1747.05,1749.6,158353
2024-11-06 11:35:00,1749.6,1749.65,1746.5,1748.05,212223
2024-11-06 11:45:00,1748.45,1751.55,1747.8,1750.7,247376
2024-11-06 11:55:00,1750.7,1753.9,1750.25,1750.9,274406
2024-11-06 12:05:00,1750.7,1751.55,1749.9,1750.05,192830
2024-11-06 12:15:00,1750.05,1750.6,1748.4,1750.35,269887
2024-11-06 12:25:00,1750.35,1752.95,1750.25,1752.65,239929
2024-11-06 12:35:00,1752.65,1753.9,1750.85,1751.2,220692
2024-11-06 12:45:00,1751.25,1752.0,1749.4,1749.8,280737
2024-11-06 12:55:00,1749.55,1751.0,1748.8,1750.7,505707
2024-11-06 13:05:00,1750.25,1752.7,1748.5,1751.95,473102
2024-11-06 13:15:00,1751.4,1752.0,1748.0,1749.85,395663
2024-11-06 13:25:00,1749.85,1751.0,1749.2,1750.65,231956
2024-11-06 13:35:00,1750.7,1752.75,1750.15,1752.0,193715
2024-11-06 13:45:00,1752.0,1753.0,1751.75,1752.7,138381
2024-11-06 13:55:00,1752.65,1754.15,1752.05,1753.45,173344
2024-11-06 14:05:00,1753.5,1754.95,1753.4,1754.2,171576
2024-11-06 14:15:00,1754.2,1758.7,1753.55,1755.0,446061
2024-11-06 14:25:00,1754.65,1755.0,1751.6,1753.0,314641
2024-11-06 14:35:00,1752.6,1752.9,1748.55,1751.55,540395
2024-11-06 14:45:00,1752.15,1752.85,1749.4,1752.35,376209
2024-11-06 14:55:00,1752.3,1756.3,1752.05,1755.9,729543
2024-11-06 15:05:00,1755.85,1756.45,1754.35,1755.05,837087
2024-11-06 15:15:00,1755.05,1756.25,1754.1,1756.25,901372
2024-11-06 15:25:00,1756.25,1757.5,1755.0,1756.0,436785
2024-11-07 09:15:00,1744.3,1760.95,1744.3,1752.55,1096465
2024-11-07 09:25:00,1752.55,1754.5,1748.3,1748.5,428884
2024-11-07 09:35:00,1748.35,1748.8,1743.0,1746.45,339369
2024-11-07 09:45:00,1746.45,1749.0,1744.45,1748.05,162256
2024-11-07 09:55:00,1747.85,1748.9,1738.45,1740.1,263629
2024-11-07 10:05:00,1740.4,1741.4,1738.0,1741.35,187100
2024-11-07 10:15:00,1741.4,1743.15,1740.35,1742.85,167479
2024-11-07 10:25:00,1742.9,1744.6,1740.7,1744.0,251373
2024-11-07 10:35:00,1744.1,1749.45,1743.8,1748.15,239648
2024-11-07 10:45:00,1747.65,1750.5,1747.55,1750.0,230127
2024-11-07 10:55:00,1750.25,1754.0,1750.15,1751.2,220301
2024-11-07 11:05:00,1751.25,1752.0,1748.0,1748.9,140968
2024-11-07 11:15:00,1748.9,1748.9,1743.55,1744.5,166678
2024-11-07 11:25:00,1744.55,1744.75,1741.95,1741.95,172197
2024-11-07 11:35:00,1741.9,1743.7,1741.55,1742.0,159170
2024-11-07 11:45:00,1741.95,1742.55,1740.15,1741.4,156329
2024-11-07 11:55:00,1741.45,1741.8,1740.35,1741.0,132820
2024-11-07 12:05:00,1740.9,1744.0,1740.6,1743.1,135469
2024-11-07 12:15:00,1742.9,1743.5,1741.0,1742.7,158521
2024-11-07 12:25:00,1742.75,1745.0,1741.2,1741.2,181054
2024-11-07 12:35:00,1741.2,1744.6,1741.15,1743.4,110138
2024-11-07 12:45:00,1743.55,1743.6,1741.65,1741.65,115861
2024-11-07 12:55:00,1741.65,1742.95,1741.1,1742.75,94119
2024-11-07 13:05:00,1742.75,1747.9,1742.0,1747.9,152288
2024-11-07 13:15:00,1747.85,1749.0,1745.75,1746.4,186009
2024-11-07 13:25:00,1746.4,1747.3,1745.0,1745.8,229577
2024-11-07 13:35:00,1745.8,1746.85,1742.75,1743.1,160301
2024-11-07 13:45:00,1743.1,1743.75,1741.35,1743.4,102337
2024-11-07 13:55:00,1743.4,1745.4,1742.9,1745.1,113646
2024-11-07 14:05:00,1745.1,1746.5,1744.8,1745.9,120294
2024-11-07 14:15:00,1745.95,1746.75,1745.4,1745.95,147761
2024-11-07 14:25:00,1746.0,1747.0,1745.15,1745.3,166024
2024-11-07 14:35:00,1745.5,1746.0,1745.0,1745.35,216201
2024-11-07 14:45:00,1745.45,1746.3,1744.7,1745.0,355894
2024-11-07 14:55:00,1745.0,1748.55,1744.75,1748.55,414367
2024-11-07 15:05:00,1748.6,1748.8,1745.6,1746.0,691452
2024-11-07 15:15:00,1745.95,1746.65,1745.3,1745.95,588755
2024-11-07 15:25:00,1746.1,1746.9,1742.1,1742.1,209011
2024-11-08 09:15:00,1752.0,1752.0,1745.85,1749.35,624559
2024-11-08 09:25:00,1749.35,1756.0,1749.3,1755.5,409742
2024-11-08 09:35:00,1756.5,1757.65,1751.0,1751.65,365996
2024-11-08 09:45:00,1751.7,1757.9,1750.05,1751.65,318336
2024-11-08 09:55:00,1751.45,1753.8,1749.25,1750.45,186009
2024-11-08 10:05:00,1750.5,1755.3,1749.85,1754.5,223755
2024-11-08 10:15:00,1754.25,1755.9,1753.1,1754.8,171954
2024-11-08 10:25:00,1754.8,1755.7,1753.0,1754.75,163618
2024-11-08 10:35:00,1754.8,1756.0,1752.2,1752.35,743821
2024-11-08 10:45:00,1752.45,1752.75,1748.5,1751.3,190322
2024-11-08 10:55:00,1751.3,1754.15,1750.7,1753.9,134595
2024-11-08 11:05:00,1753.9,1755.0,1752.4,1754.25,135848
2024-11-08 11:15:00,1754.3,1756.0,1753.7,1755.7,161548
2024-11-08 11:25:00,1755.7,1755.9,1753.95,1754.45,119034
2024-11-08 11:35:00,1754.95,1756.0,1754.1,1755.9,93487
2024-11-08 11:45:00,1755.9,1755.95,1753.6,1755.0,164910
2024-11-08 11:55:00,1754.85,1755.5,1753.2,1754.0,148728
2024-11-08 12:05:00,1754.0,1754.55,1752.15,1753.7,230619
2024-11-08 12:15:00,1753.7,1755.55,1752.95,1755.35,190744
2024-11-08 12:25:00,1755.35,1756.7,1754.75,1756.7,145079
2024-11-08 12:35:00,1756.15,1756.6,1755.0,1755.85,176254
2024-11-08 12:45:00,1756.0,1756.5,1754.3,1755.35,135573
2024-11-08 12:55:00,1755.35,1756.0,1755.1,1755.85,107563
2024-11-08 13:05:00,1755.85,1756.3,1755.2,1755.95,245059
2024-11-08 13:15:00,1756.0,1760.0,1754.95,1760.0,259950
2024-11-08 13:25:00,1759.9,1761.8,1758.75,1758.95,341796
2024-11-08 13:35:00,1758.9,1760.05,1758.65,1760.0,167415
2024-11-08 13:45:00,1760.0,1761.1,1759.0,1759.85,165782
2024-11-08 13:55:00,1759.85,1760.0,1758.1,1758.35,132339
2024-11-08 14:05:00,1758.35,1759.0,1757.1,1757.35,201909
2024-11-08 14:15:00,1757.35,1758.3,1756.0,1757.85,247525
2024-11-08 14:25:00,1757.8,1758.45,1755.3,1755.8,161241
2024-11-08 14:35:00,1755.75,1758.0,1753.85,1755.95,268751
2024-11-08 14:45:00,1756.0,1756.35,1754.35,1755.95,215260
2024-11-08 14:55:00,1755.9,1756.85,1753.95,1754.8,473358
2024-11-08 15:05:00,1754.85,1755.4,1753.55,1754.3,677320
2024-11-08 15:15:00,1754.3,1755.0,1752.85,1753.95,615448
2024-11-08 15:25:00,1753.9,1754.0,1751.15,1751.9,240387
2024-11-11 09:15:00,1754.55,1760.45,1751.2,1756.9,940168
2024-11-11 09:25:00,1757.1,1762.75,1756.2,1761.25,355854
2024-11-11 09:35:00,1761.05,1761.05,1753.25,1756.25,250113
2024-11-11 09:45:00,1756.0,1759.65,1756.0,1759.1,186423
2024-11-11 09:55:00,1758.9,1763.0,1758.25,1759.95,209501
2024-11-11 10:05:00,1759.95,1761.9,1759.6,1760.25,189237
2024-11-11 10:15:00,1760.25,1763.0,1759.5,1762.95,137734
2024-11-11 10:25:00,1762.85,1769.0,1762.0,1768.45,447129
2024-11-11 10:35:00,1768.5,1773.45,1767.75,1772.0,492290
2024-11-11 10:45:00,1771.55,1774.0,1770.45,1774.0,279454
2024-11-11 10:55:00,1774.0,1775.9,1773.65,1774.9,395339
2024-11-11 11:05:00,1774.9,1780.0,1774.7,1780.0,360263
2024-11-11 11:15:00,1780.0,1782.8,1779.95,1781.9,482165
2024-11-11 11:25:00,1782.0,1782.45,1779.3,1780.95,195399
2024-11-11 11:35:00,1780.95,1781.75,1778.25,1781.0,187529
2024-11-11 11:45:00,1781.0,1781.6,1777.45,1777.95,152404
2024-11-11 11:55:00,1777.95,1780.0,1777.7,1779.35,161411
2024-11-11 12:05:00,1779.0,1779.95,1777.2,1778.9,219223
2024-11-11 12:15:00,1778.95,1779.3,1774.0,1775.7,279702
2024-11-11 12:25:00,1775.5,1777.55,1774.6,1775.3,226782
2024-11-11 12:35:00,1775.3,1777.0,1775.05,1775.45,154342
2024-11-11 12:45:00,1775.45,1775.95,1773.15,1773.8,280029
2024-11-11 12:55:00,1773.8,1774.0,1770.75,1772.85,220622
2024-11-11 13:05:00,1772.75,1775.0,1772.0,1772.5,150366
2024-11-11 13:15:00,1772.55,1773.35,1767.4,1770.45,324755
2024-11-11 13:25:00,1770.3,1774.3,1770.3,1773.55,132250
2024-11-11 13:35:00,1773.8,1773.9,1769.0,1769.4,192722
2024-11-11 13:45:00,1769.55,1771.15,1768.4,1769.45,171400
2024-11-11 13:55:00,1769.45,1771.75,1769.3,1770.2,189672
2024-11-11 14:05:00,1770.2,1771.25,1768.65,1768.85,184395
2024-11-11 14:15:00,1768.85,1769.45,1766.45,1768.65,265628
2024-11-11 14:25:00,1768.65,1769.9,1767.0,1769.85,171546
2024-11-11 14:35:00,1770.0,1774.95,1769.9,1772.65,253208
2024-11-11 14:45:00,1772.6,1774.5,1771.85,1773.05,256608
2024-11-11 14:55:00,1773.3,1773.3,1763.0,1766.6,799602
2024-11-11 15:05:00,1766.45,1769.7,1764.95,1768.15,1037549
2024-11-11 15:15:00,1768.2,1769.25,1764.0,1765.45,856336
2024-11-11 15:25:00,1765.5,1765.8,1763.15,1763.9,274189
2024-11-12 09:15:00,1772.0,1775.0,1753.7,1754.2,838072
2024-11-12 09:25:00,1754.05,1754.35,1747.2,1749.05,436826
2024-11-12 09:35:00,1749.0,1751.1,1746.1,1748.5,210256
2024-11-12 09:45:00,1748.5,1750.6,1744.55,1747.25,1559258
2024-11-12 09:55:00,1747.25,1757.5,1747.25,1750.6,313712
2024-11-12 10:05:00,1750.6,1752.9,1748.6,1749.45,135448
2024-11-12 10:15:00,1749.45,1750.8,1746.4,1746.95,123916
2024-11-12 10:25:00,1746.95,1748.9,1737.35,1739.0,248996
2024-11-12 10:35:00,1738.3,1740.5,1735.0,1736.35,241117
2024-11-12 10:45:00,1736.3,1736.7,1730.5,1734.05,283015
2024-11-12 10:55:00,1734.05,1736.75,1733.35,1736.35,160717
2024-11-12 11:05:00,1735.7,1738.1,1735.0,1737.1,228431
2024-11-12 11:15:00,1737.1,1740.0,1735.65,1739.45,238377
2024-11-12 11:25:00,1739.5,1740.15,1739.0,1739.7,141837
2024-11-12 11:35:00,1739.7,1740.6,1738.55,1738.9,133811
2024-11-12 11:45:00,1738.9,1742.0,1737.95,1741.3,131006
2024-11-12 11:55:00,1741.3,1741.95,1739.05,1741.15,201095
2024-11-12 12:05:00,1741.1,1741.45,1738.45,1739.95,136963
2024-11-12 12:15:00,1739.95,1741.75,1739.15,1740.4,184474
2024-11-12 12:25:00,1740.1,1740.95,1736.8,1739.1,303500
2024-11-12 12:35:00,1739.15,1739.2,1726.9,1729.3,573980
2024-11-12 12:45:00,1729.3,1730.2,1720.0,1724.1,357711
2024-11-12 12:55:00,1724.25,1725.5,1719.6,1724.0,263326
2024-11-12 13:05:00,1724.0,1726.0,1722.45,1722.6,178136
2024-11-12 13:15:00,1722.55,1723.05,1715.1,1721.95,363316
2024-11-12 13:25:00,1721.95,1722.9,1719.85,1720.45,228026
2024-11-12 13:35:00,1720.4,1721.05,1718.65,1719.4,244022
2024-11-12 13:45:00,1719.05,1724.75,1718.75,1722.1,264937
2024-11-12 13:55:00,1722.1,1723.65,1721.0,1721.65,278502
2024-11-12 14:05:00,1721.75,1724.7,1721.3,1721.85,307711
2024-11-12 14:15:00,1721.85,1722.0,1719.0,1720.45,241077
2024-11-12 14:25:00,1720.45,1721.9,1708.65,1718.55,529632
2024-11-12 14:35:00,1718.3,1720.9,1714.9,1716.9,361997
2024-11-12 14:45:00,1717.0,1718.85,1715.25,1717.9,543867
2024-11-12 14:55:00,1717.9,1720.0,1716.1,1718.6,1137001
2024-11-12 15:05:00,1718.6,1719.5,1712.9,1715.45,1476451
2024-11-12 15:15:00,1715.4,1723.0,1715.4,1722.95,1282615
2024-11-12 15:25:00,1722.95,1723.65,1719.0,1719.0,401553
2024-11-13 09:15:00,1716.75,1729.4,1711.25,1720.75,1050635
2024-11-13 09:25:00,1720.8,1729.15,1720.8,1725.15,862707
2024-11-13 09:35:00,1725.2,1728.35,1722.8,1726.45,388867
2024-11-13 09:45:00,1726.5,1727.25,1720.15,1723.6,640254
2024-11-13 09:55:00,1723.6,1725.0,1717.1,1717.15,230319
2024-11-13 10:05:00,1717.05,1717.95,1711.1,1712.3,395198
2024-11-13 10:15:00,1712.3,1715.35,1712.0,1714.05,198677
2024-11-13 10:25:00,1714.1,1715.95,1712.7,1713.55,182730
2024-11-13 10:35:00,1713.5,1716.8,1709.15,1710.05,298084
2024-11-13 10:45:00,1710.1,1717.05,1709.5,1713.9,146351
2024-11-13 10:55:00,1713.9,1714.4,1706.8,1709.85,287594
2024-11-13 11:05:00,1709.9,1710.45,1706.75,1706.8,250531
2024-11-13 11:15:00,1706.8,1708.95,1704.5,1705.75,227385
2024-11-13 11:25:00,1705.75,1708.3,1705.0,1706.7,180163
2024-11-13 11:35:00,1706.7,1709.2,1706.3,1707.35,135654
2024-11-13 11:45:00,1707.35,1708.5,1706.35,1706.5,153186
2024-11-13 11:55:00,1706.5,1707.85,1706.0,1706.45,132219
2024-11-13 12:05:00,1706.45,1706.75,1703.5,1705.85,194791
2024-11-13 12:15:00,1705.85,1708.4,1704.3,1707.7,99466
2024-11-13 12:25:00,1707.7,1708.35,1705.35,1706.9,54455
2024-11-13 12:35:00,1706.15,1707.4,1705.0,1705.6,123693
2024-11-13 12:45:00,1705.35,1706.55,1703.25,1704.05,129185
2024-11-13 12:55:00,1704.15,1704.95,1702.2,1703.9,234689
2024-11-13 13:05:00,1703.8,1704.0,1700.65,1702.5,338191
2024-11-13 13:15:00,1702.8,1704.2,1701.6,1703.55,266671
2024-11-13 13:25:00,1703.5,1704.5,1702.3,1703.9,262763
2024-11-13 13:35:00,1703.9,1706.3,1700.45,1704.5,353860
2024-11-13 13:45:00,1704.7,1708.8,1703.9,1707.75,349553
2024-11-13 13:55:00,1707.55,1708.75,1703.35,1703.95,284965
2024-11-13 14:05:00,1704.0,1704.4,1699.2,1700.75,339309
2024-11-13 14:15:00,1700.75,1701.9,1697.0,1697.1,516268
2024-11-13 14:25:00,1697.0,1697.6,1688.55,1689.95,834856
2024-11-13 14:35:00,1690.1,1691.4,1685.8,1685.8,819059
2024-11-13 14:45:00,1686.1,1687.85,1682.75,1687.6,1058270
2024-11-13 14:55:00,1687.65,1688.6,1673.3,1674.2,1698633
2024-11-13 15:05:00,1674.15,1682.45,1673.0,1682.15,1775779
2024-11-13 15:15:00,1682.05,1690.15,1681.55,1688.95,1389689
2024-11-13 15:25:00,1688.95,1691.35,1687.65,1688.15,435781
2024-11-14 09:15:00,1673.1,1694.65,1672.1,1694.3,1389640
2024-11-14 09:25:00,1694.8,1698.0,1688.1,1695.5,544522
2024-11-14 09:35:00,1695.5,1699.0,1688.85,1693.8,432699
2024-11-14 09:45:00,1693.95,1702.6,1693.7,1698.0,356283
2024-11-14 09:55:00,1698.5,1701.1,1695.25,1699.0,283243
2024-11-14 10:05:00,1699.35,1701.3,1695.95,1698.15,276940
2024-11-14 10:15:00,1697.8,1698.95,1696.0,1698.05,194019
2024-11-14 10:25:00,1698.05,1701.0,1696.9,1697.6,196375
2024-11-14 10:35:00,1697.35,1697.35,1692.0,1692.75,292747
2024-11-14 10:45:00,1692.75,1692.9,1684.75,1685.4,367680
2024-11-14 10:55:00,1685.15,1686.95,1681.0,1681.85,331136
2024-11-14 11:05:00,1682.0,1684.8,1680.2,1683.65,272186
2024-11-14 11:15:00,1683.7,1689.7,1683.7,1689.1,255438
2024-11-14 11:25:00,1689.1,1691.45,1687.75,1691.1,200304
2024-11-14 11:35:00,1691.4,1695.0,1690.0,1693.9,252983
2024-11-14 11:45:00,1694.1,1695.15,1691.05,1693.65,271832
2024-11-14 11:55:00,1693.65,1698.9,1693.15,1698.8,227664
2024-11-14 12:05:00,1698.8,1701.15,1696.0,1700.65,210937
2024-11-14 12:15:00,1700.65,1702.9,1698.35,1702.2,219058
2024-11-14 12:25:00,1702.05,1702.5,1698.8,1699.45,253045
2024-11-14 12:35:00,1699.4,1701.25,1697.05,1700.5,244205
2024-11-14 12:45:00,1700.3,1704.85,1698.9,1704.15,263915
2024-11-14 12:55:00,1704.0,1704.65,1699.2,1699.45,175026
2024-11-14 13:05:00,1699.45,1700.6,1698.95,1699.85,174272
2024-11-14 13:15:00,1699.85,1701.6,1698.8,1700.25,177758
2024-11-14 13:25:00,1700.25,1701.2,1697.5,1699.0,201049
2024-11-14 13:35:00,1699.1,1699.25,1695.1,1696.95,251498
2024-11-14 13:45:00,1696.95,1699.3,1694.95,1696.7,290666
2024-11-14 13:55:00,1696.8,1702.0,1696.0,1701.25,336356
2024-11-14 14:05:00,1701.25,1701.3,1698.4,1700.15,207940
2024-11-14 14:15:00,1700.15,1700.4,1695.1,1698.15,282498
2024-11-14 14:25:00,1698.0,1699.0,1695.75,1698.3,281380
2024-11-14 14:35:00,1698.3,1699.0,1696.05,1696.95,345783
2024-11-14 14:45:00,1696.95,1697.25,1694.9,1696.4,333846
2024-11-14 14:55:00,1696.35,1696.45,1691.55,1692.95,642570
2024-11-14 15:05:00,1692.95,1697.1,1690.4,1694.0,885070
2024-11-14 15:15:00,1694.0,1694.15,1690.35,1691.6,627648
2024-11-14 15:25:00,1691.8,1694.75,1690.75,1694.3,261700
2024-11-18 09:15:00,1700.0,1711.65,1695.0,1707.85,1637043
2024-11-18 09:25:00,1707.7,1717.6,1705.95,1711.55,515333
2024-11-18 09:35:00,1711.85,1713.65,1707.25,1710.05,348192
2024-11-18 09:45:00,1710.2,1718.85,1709.7,1716.4,465249
2024-11-18 09:55:00,1716.25,1718.9,1714.2,1715.65,292700
2024-11-18 10:05:00,1715.5,1716.6,1714.05,1714.65,283345
2024-11-18 10:15:00,1714.55,1716.7,1712.2,1716.1,223439
2024-11-18 10:25:00,1716.1,1716.25,1711.8,1712.3,195777
2024-11-18 10:35:00,1712.35,1714.4,1712.0,1712.3,276965
2024-11-18 10:45:00,1712.25,1713.05,1709.4,1711.9,236732
2024-11-18 10:55:00,1712.0,1713.9,1710.35,1711.15,220548
2024-11-18 11:05:00,1711.15,1711.45,1709.0,1709.45,205616
2024-11-18 11:15:00,1709.45,1711.9,1709.15,1709.5,218508
2024-11-18 11:25:00,1709.6,1711.95,1709.5,1710.45,190141
2024-11-18 11:35:00,1710.45,1711.25,1708.65,1710.95,191831
2024-11-18 11:45:00,1711.0,1711.4,1708.55,1710.05,185736
2024-11-18 11:55:00,1710.1,1711.8,1709.45,1711.1,247232
2024-11-18 12:05:00,1711.35,1713.6,1710.95,1713.0,196289
2024-11-18 12:15:00,1713.05,1714.0,1711.9,1713.0,196830
2024-11-18 12:25:00,1712.95,1715.45,1712.65,1714.0,211109
2024-11-18 12:35:00,1714.1,1714.75,1710.85,1711.9,187524
2024-11-18 12:45:00,1711.95,1713.7,1709.3,1710.0,184732
2024-11-18 12:55:00,1710.0,1711.6,1708.8,1710.6,251925
2024-11-18 13:05:00,1710.6,1712.4,1709.45,1711.45,190682
2024-11-18 13:15:00,1711.45,1711.45,1708.35,1709.0,191054
2024-11-18 13:25:00,1709.0,1709.85,1707.85,1709.0,168262
2024-11-18 13:35:00,1709.1,1710.45,1708.25,1709.45,203804
2024-11-18 13:45:00,1709.45,1710.45,1708.65,1708.85,159689
2024-11-18 13:55:00,1708.75,1710.05,1708.05,1708.25,157654
2024-11-18 14:05:00,1708.45,1710.45,1707.65,1709.1,172205
2024-11-18 14:15:00,1709.05,1710.05,1707.6,1708.95,227197
2024-11-18 14:25:00,1708.95,1709.15,1704.25,1705.75,342620
2024-11-18 14:35:00,1705.45,1707.75,1704.25,1707.4,333332
2024-11-18 14:45:00,1707.4,1707.4,1703.5,1704.8,358839
2024-11-18 14:55:00,1704.8,1706.05,1703.1,1705.05,709322
2024-11-18 15:05:00,1705.0,1706.15,1703.7,1705.15,851026
2024-11-18 15:15:00,1705.45,1708.8,1701.85,1703.15,782459
2024-11-18 15:25:00,1703.2,1708.3,1703.15,1708.3,220864
2024-11-19 09:15:00,1714.0,1714.65,1702.7,1713.75,806163
2024-11-19 09:25:00,1713.75,1716.6,1712.75,1715.7,389416
2024-11-19 09:35:00,1715.8,1725.0,1714.6,1724.75,604087
2024-11-19 09:45:00,1725.05,1726.05,1721.9,1724.7,594049
2024-11-19 09:55:00,1724.65,1726.0,1723.0,1724.45,384707
2024-11-19 10:05:00,1724.45,1727.5,1722.6,1727.05,416346
2024-11-19 10:15:00,1726.9,1729.75,1726.5,1728.8,463767
2024-11-19 10:25:00,1729.0,1732.95,1727.85,1728.6,478831
2024-11-19 10:35:00,1729.2,1733.2,1728.4,1732.1,436691
2024-11-19 10:45:00,1732.1,1735.3,1731.5,1735.2,527229
2024-11-19 10:55:00,1735.2,1739.0,1735.0,1737.6,545799
2024-11-19 11:05:00,1737.6,1740.8,1737.4,1740.3,420580
2024-11-19 11:15:00,1740.4,1742.5,1738.7,1738.85,449721
2024-11-19 11:25:00,1738.85,1742.25,1738.85,1741.05,403495
2024-11-19 11:35:00,1741.05,1744.8,1740.0,1743.4,396914
2024-11-19 11:45:00,1743.2,1746.25,1742.9,1745.3,466324
2024-11-19 11:55:00,1745.3,1746.0,1743.9,1745.2,335947
2024-11-19 12:05:00,1745.2,1746.8,1742.1,1744.1,308163
2024-11-19 12:15:00,1744.1,1745.0,1743.5,1743.95,284124
2024-11-19 12:25:00,1743.95,1746.0,1743.25,1745.85,319795
2024-11-19 12:35:00,1745.65,1746.1,1743.7,1744.65,329400
2024-11-19 12:45:00,1744.65,1747.15,1744.35,1746.7,413422
2024-11-19 12:55:00,1746.45,1750.9,1746.0,1750.7,612067
2024-11-19 13:05:00,1750.7,1753.75,1750.5,1753.0,467133
2024-11-19 13:15:00,1753.15,1753.6,1751.2,1752.2,481399
2024-11-19 13:25:00,1752.3,1752.3,1749.35,1750.65,427305
2024-11-19 13:35:00,1750.4,1751.15,1748.2,1748.65,423772
2024-11-19 13:45:00,1748.75,1750.55,1746.85,1748.05,738615
2024-11-19 13:55:00,1748.05,1749.0,1744.0,1744.15,519723
2024-11-19 14:05:00,1744.1,1745.0,1742.55,1743.9,611965
2024-11-19 14:15:00,1743.9,1745.5,1742.25,1743.05,513090
2024-11-19 14:25:00,1743.05,1745.55,1742.65,1743.1,581665
2024-11-19 14:35:00,1743.1,1743.15,1740.05,1742.3,738832
2024-11-19 14:45:00,1741.9,1742.35,1737.95,1738.7,1164879
2024-11-19 14:55:00,1738.2,1743.5,1735.75,1743.5,2384165
2024-11-19 15:05:00,1743.25,1747.55,1740.25,1742.05,2993274
2024-11-19 15:15:00,1742.0,1743.2,1740.3,1742.2,2107783
2024-11-19 15:25:00,1742.1,1742.1,1736.0,1736.0,547665
2024-11-21 09:15:00,1749.4,1756.35,1739.35,1748.0,2055618
2024-11-21 09:25:00,1748.0,1759.0,1746.4,1746.65,530353
2024-11-21 09:35:00,1746.7,1746.7,1739.15,1745.05,490082
2024-11-21 09:45:00,1745.0,1749.5,1741.45,1741.5,297686
2024-11-21 09:55:00,1741.5,1743.6,1738.75,1739.9,291247
2024-11-21 10:05:00,1739.9,1746.0,1739.65,1742.3,279460
2024-11-21 10:15:00,1742.15,1742.75,1739.85,1742.05,215881
2024-11-21 10:25:00,1742.25,1742.95,1740.05,1740.1,260883
2024-11-21 10:35:00,1740.1,1740.7,1736.2,1736.7,265484
2024-11-21 10:45:00,1736.7,1737.55,1734.2,1736.95,225144
2024-11-21 10:55:00,1736.95,1738.35,1735.15,1738.05,209168
2024-11-21 11:05:00,1738.05,1738.05,1735.8,1737.75,187942
2024-11-21 11:15:00,1737.75,1738.0,1735.6,1736.75,299508
2024-11-21 11:25:00,1736.75,1740.3,1735.65,1739.25,303478
2024-11-21 11:35:00,1739.25,1742.55,1739.25,1742.0,217202
2024-11-21 11:45:00,1742.0,1746.5,1741.05,1746.2,237169
2024-11-21 11:55:00,1746.0,1750.0,1745.15,1749.15,267539
2024-11-21 12:05:00,1749.1,1749.2,1746.8,1747.7,215148
2024-11-21 12:15:00,1747.8,1748.6,1747.3,1747.9,234545
2024-11-21 12:25:00,1747.95,1748.75,1745.2,1747.2,316732
2024-11-21 12:35:00,1747.2,1749.4,1746.1,1749.15,257114
2024-11-21 12:45:00,1749.2,1749.45,1745.4,1745.7,416743
2024-11-21 12:55:00,1745.75,1745.8,1740.05,1741.4,385987
2024-11-21 13:05:00,1741.4,1744.25,1741.25,1744.1,211920
2024-11-21 13:15:00,1744.15,1748.45,1743.2,1748.3,420873
2024-11-21 13:25:00,1748.1,1749.05,1744.85,1745.85,314294
2024-11-21 13:35:00,1746.0,1746.1,1743.55,1744.45,240705
2024-11-21 13:45:00,1744.4,1744.7,1743.3,1743.65,222513
2024-11-21 13:55:00,1743.5,1744.45,1741.55,1742.85,273196
2024-11-21 14:05:00,1742.75,1743.65,1741.4,1742.9,243284
2024-11-21 14:15:00,1742.8,1743.2,1741.05,1742.1,366915
2024-11-21 14:25:00,1742.1,1743.45,1739.8,1740.05,467398
2024-11-21 14:35:00,1740.3,1741.45,1739.65,1740.05,373246
2024-11-21 14:45:00,1740.2,1741.15,1738.6,1739.4,479496
2024-11-21 14:55:00,1739.65,1741.65,1738.0,1739.25,1200087
2024-11-21 15:05:00,1739.25,1741.95,1738.35,1741.65,1397551
2024-11-21 15:15:00,1741.8,1745.0,1740.5,1741.25,1095981
2024-11-21 15:25:00,1740.75,1743.75,1738.35,1739.95,373778
2024-11-22 09:15:00,1743.55,1752.0,1742.6,1751.1,742898
2024-11-22 09:25:00,1751.1,1754.3,1748.9,1752.05,318219
2024-11-22 09:35:00,1752.2,1753.75,1745.0,1745.65,285170
2024-11-22 09:45:00,1745.1,1746.15,1739.45,1740.45,283163
2024-11-22 09:55:00,1740.4,1746.25,1740.4,1743.15,373094
2024-11-22 10:05:00,1743.7,1748.15,1743.15,1744.7,216528
2024-11-22 10:15:00,1744.55,1745.2,1737.35,1738.65,181310
2024-11-22 10:25:00,1739.0,1740.75,1737.3,1737.75,109408
2024-11-22 10:35:00,1737.75,1738.15,1732.85,1734.7,169050
2024-11-22 10:45:00,1734.7,1735.7,1729.55,1733.05,157658
2024-11-22 10:55:00,1733.05,1737.65,1733.0,1735.9,161783
2024-11-22 11:05:00,1735.9,1737.9,1733.35,1734.45,120236
2024-11-22 11:15:00,1733.95,1734.7,1731.05,1731.6,107280
2024-11-22 11:25:00,1731.6,1733.45,1730.9,1732.8,141085
2024-11-22 11:35:00,1732.8,1736.65,1731.5,1736.2,139479
2024-11-22 11:45:00,1736.1,1739.45,1735.15,1739.45,113819
2024-11-22 11:55:00,1739.1,1740.1,1737.05,1739.95,118774
2024-11-22 12:05:00,1739.85,1743.4,1739.35,1741.0,226244
2024-11-22 12:15:00,1740.6,1742.0,1739.25,1740.65,115828
2024-11-22 12:25:00,1740.65,1742.75,1738.1,1740.8,173921
2024-11-22 12:35:00,1740.45,1743.5,1739.7,1742.65,241313
2024-11-22 12:45:00,1742.1,1742.7,1738.95,1740.0,127077
2024-11-22 12:55:00,1739.95,1743.0,1738.85,1741.7,167171
2024-11-22 13:05:00,1741.45,1743.0,1740.0,1741.15,163132
2024-11-22 13:15:00,1741.15,1743.0,1740.4,1741.15,306533
2024-11-22 13:25:00,1741.35,1741.75,1736.0,1737.5,219341
2024-11-22 13:35:00,1737.45,1739.75,1737.35,1738.7,158776
2024-11-22 13:45:00,1738.65,1740.4,1738.05,1739.6,177973
2024-11-22 13:55:00,1739.75,1745.9,1738.9,1745.85,699467
2024-11-22 14:05:00,1745.85,1747.6,1743.85,1744.5,459269
2024-11-22 14:15:00,1744.55,1748.4,1743.0,1744.65,484967
2024-11-22 14:25:00,1744.65,1745.6,1739.1,1744.65,568842
2024-11-22 14:35:00,1743.85,1746.35,1742.0,1743.55,256390
2024-11-22 14:45:00,1743.55,1747.7,1741.85,1746.5,515999
2024-11-22 14:55:00,1746.15,1749.5,1745.35,1747.1,1125427
2024-11-22 15:05:00,1747.1,1749.3,1745.5,1745.9,1105881
2024-11-22 15:15:00,1745.85,1745.95,1740.0,1743.85,941153
2024-11-22 15:25:00,1744.0,1744.1,1741.35,1742.1,196214
2024-11-25 09:15:00,1785.05,1786.0,1770.05,1778.1,2716316
2024-11-25 09:25:00,1778.05,1778.5,1767.05,1770.1,970256
2024-11-25 09:35:00,1769.65,1777.9,1768.95,1772.2,686111
2024-11-25 09:45:00,1772.75,1772.75,1765.5,1765.5,877761
2024-11-25 09:55:00,1766.0,1774.9,1764.9,1774.0,961686
2024-11-25 10:05:00,1773.95,1774.9,1773.0,1773.05,437541
2024-11-25 10:15:00,1773.05,1777.15,1773.05,1775.45,558316
2024-11-25 10:25:00,1775.55,1777.65,1773.5,1774.8,551567
2024-11-25 10:35:00,1774.85,1777.5,1774.0,1774.7,578069
2024-11-25 10:45:00,1774.7,1776.0,1773.4,1775.15,375692
2024-11-25 10:55:00,1775.0,1779.15,1773.35,1778.65,508856
2024-11-25 11:05:00,1778.85,1780.05,1776.45,1777.8,537317
2024-11-25 11:15:00,1777.55,1780.9,1776.25,1779.0,464859
2024-11-25 11:25:00,1779.0,1779.7,1776.85,1778.5,396494
2024-11-25 11:35:00,1778.5,1781.15,1776.45,1780.95,573577
2024-11-25 11:45:00,1780.95,1781.7,1779.1,1781.6,481579
2024-11-25 11:55:00,1781.6,1783.9,1780.7,1782.9,700101
2024-11-25 12:05:00,1782.9,1785.0,1782.2,1784.75,498943
2024-11-25 12:15:00,1784.75,1785.0,1779.15,1779.4,772393
2024-11-25 12:25:00,1779.45,1782.5,1779.1,1779.85,401579
2024-11-25 12:35:00,1779.85,1779.95,1777.2,1777.6,209305
2024-11-25 12:45:00,1777.6,1777.65,1773.4,1773.85,437718
2024-11-25 12:55:00,1773.85,1774.3,1771.05,1771.7,692413
2024-11-25 13:05:00,1771.7,1776.0,1771.65,1774.6,489054
2024-11-25 13:15:00,1774.65,1777.1,1774.3,1775.3,573032
2024-11-25 13:25:00,1775.3,1778.0,1773.05,1773.2,513062
2024-11-25 13:35:00,1773.2,1773.5,1770.5,1772.5,483209
2024-11-25 13:45:00,1772.5,1772.95,1770.05,1772.25,590145
2024-11-25 13:55:00,1772.25,1772.25,1765.35,1768.15,1051873
2024-11-25 14:05:00,1768.2,1772.15,1767.55,1770.5,755897
2024-11-25 14:15:00,1770.5,1771.35,1767.05,1768.35,696120
2024-11-25 14:25:00,1768.35,1772.4,1767.75,1769.7,705678
2024-11-25 14:35:00,1769.65,1773.0,1768.25,1772.5,581418
2024-11-25 14:45:00,1772.8,1774.6,1769.2,1770.75,720622
2024-11-25 14:55:00,1770.6,1784.45,1769.0,1782.65,40393633
2024-11-25 15:05:00,1782.65,1782.7,1781.15,1781.2,55735091
2024-11-25 15:15:00,1781.25,1798.7,1781.2,1797.65,69992797
2024-11-25 15:25:00,1797.6,1803.55,1777.15,1780.0,23728047
2024-11-26 09:15:00,1810.0,1810.0,1785.65,1788.1,2918869
2024-11-26 09:25:00,1788.25,1792.0,1784.05,1791.0,450718
2024-11-26 09:35:00,1791.2,1792.1,1781.2,1783.3,498761
2024-11-26 09:45:00,1783.35,1784.85,1780.6,1783.5,337271
2024-11-26 09:55:00,1783.25,1784.55,1777.4,1779.9,396121
2024-11-26 10:05:00,1779.9,1781.4,1779.05,1780.15,285003
2024-11-26 10:15:00,1780.05,1780.4,1772.8,1773.5,384491
2024-11-26 10:25:00,1773.5,1778.25,1773.3,1776.45,293945
2024-11-26 10:35:00,1776.55,1779.4,1775.0,1777.1,269788
2024-11-26 10:45:00,1777.1,1779.0,1775.8,1777.65,274842
2024-11-26 10:55:00,1777.7,1779.0,1775.3,1775.95,303218
2024-11-26 11:05:00,1775.9,1776.65,1773.85,1774.7,234842
2024-11-26 11:15:00,1774.5,1774.75,1769.8,1773.05,600204
2024-11-26 11:25:00,1772.95,1774.9,1771.65,1774.15,507479
2024-11-26 11:35:00,1774.15,1777.1,1772.95,1775.5,318385
2024-11-26 11:45:00,1775.5,1775.85,1774.0,1774.9,168174
2024-11-26 11:55:00,1774.95,1776.05,1774.1,1776.0,179872
2024-11-26 12:05:00,1775.8,1776.95,1774.5,1775.0,195807
2024-11-26 12:15:00,1774.75,1778.1,1774.75,1777.35,173234
2024-11-26 12:25:00,1777.0,1780.0,1776.3,1779.7,174829
2024-11-26 12:35:00,1779.45,1780.0,1778.05,1778.95,157908
2024-11-26 12:45:00,1778.4,1780.0,1778.15,1778.55,157317
2024-11-26 12:55:00,1778.4,1779.75,1778.0,1778.9,150074
2024-11-26 13:05:00,1778.9,1779.0,1777.1,1778.65,170738
2024-11-26 13:15:00,1778.6,1780.0,1778.2,1779.35,190796
2024-11-26 13:25:00,1778.6,1780.0,1778.3,1780.0,216108
2024-11-26 13:35:00,1780.0,1781.1,1778.15,1778.8,285026
2024-11-26 13:45:00,1778.35,1779.3,1778.0,1778.05,174061
2024-11-26 13:55:00,1778.05,1782.0,1776.8,1781.8,208994
2024-11-26 14:05:00,1781.85,1783.1,1777.9,1779.95,290078
2024-11-26 14:15:00,1779.95,1781.95,1779.1,1779.75,217518
2024-11-26 14:25:00,1779.5,1781.0,1778.5,1780.4,152715
2024-11-26 14:35:00,1780.25,1782.25,1780.25,1781.4,238052
2024-11-26 14:45:00,1781.25,1782.7,1779.8,1782.6,294789
2024-11-26 14:55:00,1782.05,1784.85,1781.95,1784.0,547509
2024-11-26 15:05:00,1784.0,1786.4,1783.3,1786.0,748806
2024-11-26 15:15:00,1785.95,1789.95,1785.0,1787.6,638365
2024-11-26 15:25:00,1787.95,1789.8,1785.65,1786.4,158057
2024-11-27 09:15:00,1789.9,1795.5,1786.8,1790.1,1054972
2024-11-27 09:25:00,1790.1,1790.55,1785.15,1788.6,319220
2024-11-27 09:35:00,1788.6,1789.0,1785.35,1788.5,301182
2024-11-27 09:45:00,1788.5,1793.0,1788.25,1791.1,211010
2024-11-27 09:55:00,1791.15,1793.0,1788.35,1789.85,123620
2024-11-27 10:05:00,1789.85,1792.05,1788.8,1791.5,142823
2024-11-27 10:15:00,1791.5,1791.9,1787.9,1788.45,149038
2024-11-27 10:25:00,1788.45,1789.85,1787.15,1789.0,93504
2024-11-27 10:35:00,1789.1,1790.6,1786.95,1790.35,135824
2024-11-27 10:45:00,1790.35,1790.75,1789.3,1789.95,93425
2024-11-27 10:55:00,1789.95,1792.0,1789.95,1791.55,104087
2024-11-27 11:05:00,1791.6,1792.5,1790.3,1791.0,93400
2024-11-27 11:15:00,1791.0,1791.7,1790.15,1790.8,138585
2024-11-27 11:25:00,1790.8,1791.35,1788.4,1789.65,252347
2024-11-27 11:35:00,1789.5,1790.0,1787.0,1788.65,313936
2024-11-27 11:45:00,1788.65,1789.95,1787.15,1787.85,264192
2024-11-27 11:55:00,1787.85,1793.65,1785.8,1789.1,415607
2024-11-27 12:05:00,1789.15,1796.55,1789.0,1794.7,574851
2024-11-27 12:15:00,1794.7,1801.85,1794.15,1798.9,754716
2024-11-27 12:25:00,1799.2,1804.2,1797.0,1802.65,480052
2024-11-27 12:35:00,1802.15,1803.0,1799.0,1799.4,279133
2024-11-27 12:45:00,1799.25,1800.0,1797.75,1798.5,131157
2024-11-27 12:55:00,1798.5,1799.9,1797.35,1798.0,116289
2024-11-27 13:05:00,1797.8,1799.0,1796.7,1797.0,131470
2024-11-27 13:15:00,1797.0,1799.05,1797.0,1797.95,109485
2024-11-27 13:25:00,1797.95,1800.0,1797.4,1798.85,240460
2024-11-27 13:35:00,1798.85,1802.0,1798.8,1799.9,269131
2024-11-27 13:45:00,1799.85,1802.6,1799.1,1801.6,203368
2024-11-27 13:55:00,1801.6,1803.0,1799.55,1801.6,489489
2024-11-27 14:05:00,1801.65,1804.95,1800.6,1804.0,302907
2024-11-27 14:15:00,1804.45,1805.0,1801.95,1803.05,403856
2024-11-27 14:25:00,1803.0,1808.0,1802.35,1807.5,534954
2024-11-27 14:35:00,1807.15,1812.2,1806.45,1808.3,1298580
2024-11-27 14:45:00,1808.4,1813.1,1807.85,1813.05,990257
2024-11-27 14:55:00,1813.05,1817.35,1809.8,1811.1,1937682
2024-11-27 15:05:00,1811.1,1816.0,1809.0,1810.2,1370884
2024-11-27 15:15:00,1810.25,1810.75,1807.55,1809.25,586813
2024-11-27 15:25:00,1809.1,1810.65,1808.8,1809.5,229578
2024-11-28 09:15:00,1819.0,1832.7,1814.1,1826.95,1941111
2024-11-28 09:25:00,1826.9,1830.2,1823.8,1825.55,466440
2024-11-28 09:35:00,1825.7,1829.5,1823.3,1827.5,290310
2024-11-28 09:45:00,1827.55,1834.0,1827.35,1833.6,970730
2024-11-28 09:55:00,1833.6,1836.1,1833.0,1833.6,449712
2024-11-28 10:05:00,1833.3,1835.15,1832.1,1834.0,268964
2024-11-28 10:15:00,1833.95,1834.35,1826.05,1827.05,404351
2024-11-28 10:25:00,1827.6,1827.65,1815.55,1817.15,628577
2024-11-28 10:35:00,1817.1,1818.05,1803.3,1808.9,1136004
2024-11-28 10:45:00,1808.55,1811.95,1805.65,1810.2,293630
2024-11-28 10:55:00,1810.2,1815.0,1806.75,1809.65,318100
2024-11-28 11:05:00,1809.45,1810.5,1806.45,1808.45,162008
2024-11-28 11:15:00,1808.45,1808.95,1802.1,1802.5,239921
2024-11-28 11:25:00,1802.5,1804.25,1798.75,1802.8,277266
2024-11-28 11:35:00,1802.85,1804.3,1800.8,1802.6,252297
2024-11-28 11:45:00,1802.65,1808.7,1802.1,1805.35,286325
2024-11-28 11:55:00,1805.4,1805.4,1799.2,1801.35,199057
2024-11-28 12:05:00,1801.3,1804.75,1801.1,1802.75,117601
2024-11-28 12:15:00,1802.85,1804.8,1802.0,1804.55,112108
2024-11-28 12:25:00,1804.65,1807.65,1803.4,1804.0,172554
2024-11-28 12:35:00,1803.95,1804.95,1799.4,1804.95,282321
2024-11-28 12:45:00,1804.9,1805.1,1802.8,1804.6,181312
2024-11-28 12:55:00,1804.65,1806.0,1801.55,1802.05,245951
2024-11-28 13:05:00,1802.0,1803.75,1800.0,1802.05,278902
2024-11-28 13:15:00,1801.95,1803.75,1800.05,1802.6,196416
2024-11-28 13:25:00,1802.6,1807.75,1801.85,1807.35,259569
2024-11-28 13:35:00,1807.35,1807.35,1803.55,1804.7,293190
2024-11-28 13:45:00,1804.7,1804.95,1800.2,1801.0,472614
2024-11-28 13:55:00,1801.0,1804.25,1799.75,1801.95,487710
2024-11-28 14:05:00,1801.95,1802.85,1788.0,1791.15,915674
2024-11-28 14:15:00,1791.2,1792.25,1788.25,1791.15,618730
2024-11-28 14:25:00,1790.85,1796.45,1790.55,1794.7,487269
2024-11-28 14:35:00,1794.55,1795.5,1789.4,1793.0,356812
2024-11-28 14:45:00,1793.0,1795.8,1791.4,1794.35,520535
2024-11-28 14:55:00,1794.45,1795.95,1791.15,1793.65,566988
2024-11-28 15:05:00,1793.1,1794.5,1792.05,1794.25,886984
2024-11-28 15:15:00,1794.25,1794.85,1792.75,1794.8,773367
2024-11-28 15:25:00,1794.7,1794.75,1789.6,1793.0,416067
2024-11-29 09:15:00,1801.3,1804.6,1791.75,1795.0,871849
2024-11-29 09:25:00,1794.9,1802.6,1794.15,1801.55,476137
2024-11-29 09:35:00,1801.35,1802.0,1799.05,1800.3,292829
2024-11-29 09:45:00,1800.3,1802.9,1798.9,1800.95,243544
2024-11-29 09:55:00,1800.95,1802.45,1797.0,1797.0,275682
2024-11-29 10:05:00,1796.95,1797.25,1786.2,1786.35,254328
2024-11-29 10:15:00,1786.25,1787.5,1782.9,1785.05,211816
2024-11-29 10:25:00,1785.05,1797.85,1784.8,1794.1,369494
2024-11-29 10:35:00,1794.7,1798.85,1794.0,1794.65,276424
2024-11-29 10:45:00,1794.55,1801.2,1794.4,1798.15,323525
2024-11-29 10:55:00,1798.6,1799.9,1796.35,1797.6,166726
2024-11-29 11:05:00,1797.6,1797.65,1792.55,1794.45,126100
2024-11-29 11:15:00,1795.05,1797.5,1794.5,1796.6,200771
2024-11-29 11:25:00,1796.6,1797.25,1793.25,1794.0,126740
2024-11-29 11:35:00,1793.55,1794.0,1790.6,1792.8,236519
2024-11-29 11:45:00,1792.75,1793.25,1788.05,1788.15,212451
2024-11-29 11:55:00,1788.15,1789.55,1786.35,1788.0,120646
2024-11-29 12:05:00,1788.0,1791.25,1788.0,1791.0,182412
2024-11-29 12:15:00,1791.0,1791.1,1785.45,1785.8,323560
2024-11-29 12:25:00,1785.8,1790.2,1785.3,1790.2,312252
2024-11-29 12:35:00,1790.25,1791.25,1786.7,1787.3,223643
2024-11-29 12:45:00,1787.25,1788.35,1786.15,1787.65,157099
2024-11-29 12:55:00,1787.7,1790.5,1787.2,1787.95,249297
2024-11-29 13:05:00,1787.95,1788.45,1786.2,1786.6,157065
2024-11-29 13:15:00,1787.25,1788.65,1785.55,1786.7,175942
2024-11-29 13:25:00,1786.15,1789.75,1786.15,1788.75,326992
2024-11-29 13:35:00,1788.7,1789.45,1787.75,1788.0,257717
2024-11-29 13:45:00,1788.0,1788.55,1785.9,1787.5,141561
2024-11-29 13:55:00,1787.5,1791.5,1787.05,1788.15,250414
2024-11-29 14:05:00,1788.2,1788.7,1785.85,1785.95,172416
2024-11-29 14:15:00,1786.0,1788.65,1784.1,1788.6,185507
2024-11-29 14:25:00,1788.65,1791.0,1788.4,1789.85,422945
2024-11-29 14:35:00,1790.0,1794.8,1789.6,1791.6,407368
2024-11-29 14:45:00,1791.65,1792.45,1790.3,1791.85,209170
2024-11-29 14:55:00,1791.85,1798.0,1790.45,1795.0,1173843
2024-11-29 15:05:00,1795.55,1797.5,1793.75,1796.1,1501084
2024-11-29 15:15:00,1796.1,1798.55,1795.75,1796.25,1401511
2024-11-29 15:25:00,1796.5,1796.55,1793.85,1795.5,509694
2024-12-02 09:15:00,1803.5,1807.0,1781.0,1781.45,664256
2024-12-02 09:25:00,1781.5,1782.5,1775.0,1781.35,320262
2024-12-02 09:35:00,1780.8,1784.0,1780.0,1781.5,221061
2024-12-02 09:45:00,1781.5,1783.9,1780.3,1781.25,134226
2024-12-02 09:55:00,1780.8,1783.95,1780.6,1781.3,127570
2024-12-02 10:05:00,1781.3,1782.45,1777.15,1780.3,173164
2024-12-02 10:15:00,1780.55,1784.55,1780.3,1782.8,196022
2024-12-02 10:25:00,1782.75,1784.45,1781.95,1783.35,89545
2024-12-02 10:35:00,1783.35,1783.7,1779.05,1781.3,79114
2024-12-02 10:45:00,1781.0,1781.95,1778.75,1779.5,75417
2024-12-02 10:55:00,1779.25,1780.8,1778.6,1780.2,80794
2024-12-02 11:05:00,1779.9,1781.9,1779.15,1781.15,93238
2024-12-02 11:15:00,1781.15,1783.0,1780.65,1780.85,74479
2024-12-02 11:25:00,1780.85,1782.85,1780.55,1781.1,69005
2024-12-02 11:35:00,1781.3,1781.35,1778.85,1781.0,132591
2024-12-02 11:45:00,1781.0,1782.7,1777.35,1778.35,79154
2024-12-02 11:55:00,1778.3,1779.85,1777.3,1778.55,99276
2024-12-02 12:05:00,1778.55,1780.4,1777.3,1778.9,111197
2024-12-02 12:15:00,1778.95,1781.6,1778.5,1780.7,105505
2024-12-02 12:25:00,1780.7,1784.4,1778.75,1783.95,346123
2024-12-02 12:35:00,1784.0,1785.0,1782.65,1783.75,114101
2024-12-02 12:45:00,1783.75,1785.35,1783.0,1784.65,156845
2024-12-02 12:55:00,1784.65,1787.0,1784.0,1786.65,109548
2024-12-02 13:05:00,1786.65,1790.0,1786.2,1788.5,113375
2024-12-02 13:15:00,1788.5,1790.0,1787.25,1789.7,101837
2024-12-02 13:25:00,1789.7,1790.0,1787.35,1787.75,102477
2024-12-02 13:35:00,1787.75,1789.05,1786.85,1789.05,92912
2024-12-02 13:45:00,1789.05,1789.7,1787.1,1789.15,129259
2024-12-02 13:55:00,1789.2,1795.55,1789.05,1795.35,205531
2024-12-02 14:05:00,1795.45,1796.95,1794.15,1796.95,197216
2024-12-02 14:15:00,1796.85,1799.0,1796.15,1799.0,213662
2024-12-02 14:25:00,1799.0,1802.45,1797.2,1801.5,245670
2024-12-02 14:35:00,1801.65,1801.75,1799.2,1801.25,188309
2024-12-02 14:45:00,1801.45,1803.0,1798.65,1798.65,204599
2024-12-02 14:55:00,1798.95,1805.0,1798.05,1804.95,359816
2024-12-02 15:05:00,1804.75,1808.15,1804.45,1804.9,700708
2024-12-02 15:15:00,1804.9,1805.65,1802.45,1804.9,588602
2024-12-02 15:25:00,1804.95,1805.9,1803.05,1804.45,161246
2024-12-03 09:15:00,1822.7,1831.7,1816.1,1823.45,3020046
2024-12-03 09:25:00,1823.1,1828.15,1822.25,1826.8,967921
2024-12-03 09:35:00,1827.0,1827.8,1818.65,1820.25,901879
2024-12-03 09:45:00,1820.2,1826.5,1817.9,1824.35,551508
2024-12-03 09:55:00,1824.35,1826.4,1822.6,1824.0,383271
2024-12-03 10:05:00,1824.1,1828.85,1823.1,1827.3,559410
2024-12-03 10:15:00,1827.65,1833.2,1827.25,1832.35,784447
2024-12-03 10:25:00,1832.35,1836.95,1831.05,1832.8,622912
2024-12-03 10:35:00,1832.65,1835.85,1832.6,1835.65,599854
2024-12-03 10:45:00,1835.6,1837.4,1829.95,1832.55,666501
2024-12-03 10:55:00,1833.0,1836.3,1832.55,1835.35,406919
2024-12-03 11:05:00,1835.3,1835.5,1833.1,1834.3,265758
2024-12-03 11:15:00,1834.4,1835.5,1833.6,1834.65,199225
2024-12-03 11:25:00,1834.65,1835.0,1832.25,1832.8,254514
2024-12-03 11:35:00,1832.75,1832.8,1829.55,1830.15,205892
2024-12-03 11:45:00,1830.15,1831.0,1826.8,1827.0,212715
2024-12-03 11:55:00,1827.0,1828.05,1826.15,1826.45,227841
2024-12-03 12:05:00,1826.45,1827.85,1824.7,1826.5,224736
2024-12-03 12:15:00,1826.05,1827.5,1823.7,1824.65,288184
2024-12-03 12:25:00,1824.55,1826.7,1822.95,1826.05,282542
2024-12-03 12:35:00,1826.15,1827.95,1825.25,1826.9,213899
2024-12-03 12:45:00,1826.85,1827.1,1824.3,1826.9,187597
2024-12-03 12:55:00,1826.9,1827.0,1825.0,1825.55,174530
2024-12-03 13:05:00,1825.5,1826.8,1824.5,1825.8,168992
2024-12-03 13:15:00,1825.8,1825.8,1822.6,1824.7,193962
2024-12-03 13:25:00,1824.65,1828.0,1824.65,1826.6,320996
2024-12-03 13:35:00,1826.6,1828.0,1825.15,1826.75,318791
2024-12-03 13:45:00,1826.6,1830.0,1825.5,1829.9,283412
2024-12-03 13:55:00,1829.95,1831.0,1828.6,1830.55,385816
2024-12-03 14:05:00,1830.5,1831.5,1828.45,1829.8,391193
2024-12-03 14:15:00,1829.75,1832.1,1829.25,1830.7,493754
2024-12-03 14:25:00,1830.7,1831.75,1830.0,1830.3,295066
2024-12-03 14:35:00,1830.55,1831.45,1828.05,1830.7,551725
2024-12-03 14:45:00,1830.75,1830.8,1828.35,1829.1,392977
2024-12-03 14:55:00,1829.25,1829.25,1825.6,1826.4,642654
2024-12-03 15:05:00,1826.4,1827.0,1824.1,1825.15,1293677
2024-12-03 15:15:00,1825.35,1828.85,1824.3,1827.55,1043526
2024-12-03 15:25:00,1827.75,1829.8,1825.2,1825.3,492084
2024-12-04 09:15:00,1838.0,1840.8,1831.15,1833.55,1393946
2024-12-04 09:25:00,1833.45,1837.75,1832.1,1837.05,250076
2024-12-04 09:35:00,1837.0,1841.1,1836.05,1839.95,490325
2024-12-04 09:45:00,1840.0,1844.8,1839.6,1844.0,478175
2024-12-04 09:55:00,1843.55,1847.0,1842.0,1847.0,483339
2024-12-04 10:05:00,1847.0,1848.0,1845.2,1845.8,454062
2024-12-04 10:15:00,1845.95,1848.95,1845.35,1848.9,302181
2024-12-04 10:25:00,1848.9,1850.0,1847.4,1848.75,455391
2024-12-04 10:35:00,1848.7,1851.9,1848.65,1850.95,754935
2024-12-04 10:45:00,1850.95,1858.8,1850.35,1858.3,601443
2024-12-04 10:55:00,1858.3,1864.7,1858.1,1862.6,1128465
2024-12-04 11:05:00,1862.45,1865.0,1861.1,1862.35,959618
2024-12-04 11:15:00,1862.15,1862.85,1859.55,1860.85,417604
2024-12-04 11:25:00,1860.8,1862.45,1859.6,1861.9,362170
2024-12-04 11:35:00,1861.9,1863.25,1860.0,1860.45,586931
2024-12-04 11:45:00,1860.3,1862.2,1859.5,1861.1,306021
2024-12-04 11:55:00,1861.1,1861.1,1851.05,1852.75,839311
2024-12-04 12:05:00,1852.75,1854.85,1850.25,1853.45,498457
2024-12-04 12:15:00,1853.45,1856.8,1851.3,1855.25,334029
2024-12-04 12:25:00,1855.25,1858.85,1854.6,1858.0,338242
2024-12-04 12:35:00,1857.95,1858.1,1855.2,1855.25,421303
2024-12-04 12:45:00,1855.25,1857.05,1854.7,1856.05,221512
2024-12-04 12:55:00,1856.1,1857.9,1855.6,1857.05,236972
2024-12-04 13:05:00,1857.05,1858.0,1854.85,1856.8,224224
2024-12-04 13:15:00,1857.65,1858.0,1855.05,1856.7,278580
2024-12-04 13:25:00,1856.55,1860.0,1856.35,1860.0,337699
2024-12-04 13:35:00,1860.0,1862.0,1859.8,1861.05,283191
2024-12-04 13:45:00,1861.25,1863.4,1860.65,1862.4,302506
2024-12-04 13:55:00,1862.45,1864.8,1861.95,1864.3,430072
2024-12-04 14:05:00,1864.3,1865.0,1863.05,1864.9,547694
2024-12-04 14:15:00,1864.9,1865.0,1858.45,1860.0,537182
2024-12-04 14:25:00,1860.0,1861.6,1858.95,1860.35,463772
2024-12-04 14:35:00,1860.25,1863.3,1859.05,1862.9,657819
2024-12-04 14:45:00,1862.8,1863.9,1860.65,1861.75,496662
2024-12-04 14:55:00,1861.65,1862.1,1859.2,1860.65,921967
2024-12-04 15:05:00,1860.65,1861.05,1857.35,1860.15,1356001
2024-12-04 15:15:00,1860.1,1861.35,1859.35,1860.4,1590539
2024-12-04 15:25:00,1860.25,1861.0,1856.4,1856.8,667940
2024-12-05 09:15:00,1860.0,1860.0,1850.8,1857.9,731510
2024-12-05 09:25:00,1858.05,1858.35,1850.55,1851.55,327907
2024-12-05 09:35:00,1851.45,1854.95,1850.0,1851.2,302234
2024-12-05 09:45:00,1851.2,1853.7,1848.05,1848.6,336142
2024-12-05 09:55:00,1848.6,1850.6,1847.15,1847.5,164917
2024-12-05 10:05:00,1847.5,1849.45,1845.0,1846.8,183947
2024-12-05 10:15:00,1846.8,1849.85,1845.2,1849.3,144732
2024-12-05 10:25:00,1848.95,1849.25,1843.0,1843.2,173290
2024-12-05 10:35:00,1843.15,1843.25,1840.3,1842.6,227730
2024-12-05 10:45:00,1842.6,1845.05,1838.8,1842.45,292769
2024-12-05 10:55:00,1842.7,1845.05,1835.2,1840.0,400103
2024-12-05 11:05:00,1839.45,1841.9,1839.3,1841.3,146076
2024-12-05 11:15:00,1841.35,1843.7,1840.05,1843.35,228839
2024-12-05 11:25:00,1843.35,1844.75,1842.2,1843.25,218822
2024-12-05 11:35:00,1843.3,1847.4,1842.9,1847.4,236867
2024-12-05 11:45:00,1847.4,1848.1,1843.3,1844.7,318302
2024-12-05 11:55:00,1844.7,1851.15,1844.4,1851.0,308428
2024-12-05 12:05:00,1851.05,1866.3,1851.0,1862.85,1142079
2024-12-05 12:15:00,1862.25,1869.2,1862.1,1865.95,732975
2024-12-05 12:25:00,1866.0,1868.85,1864.2,1867.5,322684
2024-12-05 12:35:00,1867.55,1868.15,1863.55,1865.2,286857
2024-12-05 12:45:00,1865.4,1866.3,1862.75,1865.5,254163
2024-12-05 12:55:00,1865.2,1867.85,1863.65,1867.25,226739
2024-12-05 13:05:00,1867.4,1869.5,1866.4,1868.65,236434
2024-12-05 13:15:00,1868.25,1869.4,1864.4,1864.9,284488
2024-12-05 13:25:00,1864.9,1866.0,1862.2,1865.25,339479
2024-12-05 13:35:00,1865.5,1868.4,1862.65,1867.2,428287
2024-12-05 13:45:00,1867.2,1867.8,1865.1,1867.05,286556
2024-12-05 13:55:00,1867.05,1869.0,1866.6,1866.9,287378
2024-12-05 14:05:00,1866.8,1874.0,1866.1,1872.95,780872
2024-12-05 14:15:00,1872.6,1873.8,1871.0,1871.3,693397
2024-12-05 14:25:00,1871.45,1879.0,1871.0,1877.75,1026538
2024-12-05 14:35:00,1878.25,1879.95,1872.0,1875.75,868414
2024-12-05 14:45:00,1875.7,1877.85,1863.1,1864.3,1082209
2024-12-05 14:55:00,1863.8,1866.55,1854.3,1866.3,1861701
2024-12-05 15:05:00,1865.55,1869.35,1863.6,1868.25,1649737
2024-12-05 15:15:00,1868.3,1868.4,1864.95,1865.7,1257213
2024-12-05 15:25:00,1865.7,1866.7,1862.45,1864.85,483919
2024-12-06 09:15:00,1857.0,1862.05,1853.05,1858.2,697439
2024-12-06 09:25:00,1858.1,1858.5,1854.5,1855.45,222105
2024-12-06 09:35:00,1855.4,1856.75,1854.0,1856.25,122023
2024-12-06 09:45:00,1856.55,1858.05,1855.5,1856.2,149364
2024-12-06 09:55:00,1856.2,1857.5,1852.35,1856.6,200101
2024-12-06 10:05:00,1856.6,1856.75,1845.0,1849.2,354144
2024-12-06 10:15:00,1849.2,1864.2,1844.0,1857.5,632917
2024-12-06 10:25:00,1857.7,1863.55,1854.25,1858.75,494512
2024-12-06 10:35:00,1858.65,1862.0,1855.1,1861.85,213505
2024-12-06 10:45:00,1862.0,1862.8,1859.3,1860.6,199990
2024-12-06 10:55:00,1860.8,1861.85,1859.8,1861.0,175503
2024-12-06 11:05:00,1861.05,1864.1,1858.55,1858.7,205981
2024-12-06 11:15:00,1859.0,1859.25,1856.05,1856.75,147890
2024-12-06 11:25:00,1857.15,1858.0,1854.55,1856.95,194370
2024-12-06 11:35:00,1856.95,1860.3,1856.4,1860.2,152223
2024-12-06 11:45:00,1860.15,1860.2,1856.0,1858.0,116118
2024-12-06 11:55:00,1857.4,1859.95,1857.3,1857.9,127410
2024-12-06 12:05:00,1858.5,1859.7,1855.75,1858.95,109267
2024-12-06 12:15:00,1859.0,1860.5,1857.1,1859.05,117027
2024-12-06 12:25:00,1858.75,1859.7,1856.45,1858.2,131029
2024-12-06 12:35:00,1858.2,1859.5,1856.75,1858.5,98767
2024-12-06 12:45:00,1858.5,1859.4,1857.15,1858.75,66852
2024-12-06 12:55:00,1858.05,1859.3,1856.0,1857.0,91457
2024-12-06 13:05:00,1856.7,1859.0,1855.35,1857.9,135280
2024-12-06 13:15:00,1857.9,1858.7,1855.8,1856.75,128479
2024-12-06 13:25:00,1856.8,1858.7,1855.6,1857.85,130620
2024-12-06 13:35:00,1857.85,1858.6,1855.1,1855.5,306958
2024-12-06 13:45:00,1856.05,1857.75,1855.25,1855.65,149236
2024-12-06 13:55:00,1855.65,1857.5,1855.35,1855.85,112736
2024-12-06 14:05:00,1855.85,1856.05,1853.7,1854.9,138675
2024-12-06 14:15:00,1854.8,1855.0,1853.3,1853.85,170078
2024-12-06 14:25:00,1853.5,1854.0,1852.25,1853.35,172080
2024-12-06 14:35:00,1853.35,1856.15,1852.65,1855.6,226364
2024-12-06 14:45:00,1855.6,1860.0,1854.7,1859.7,233732
2024-12-06 14:55:00,1859.7,1859.95,1855.6,1855.7,379586
2024-12-06 15:05:00,1855.7,1858.45,1854.05,1857.6,519395
2024-12-06 15:15:00,1857.65,1858.45,1853.9,1854.95,650272
2024-12-06 15:25:00,1854.95,1856.0,1854.0,1854.3,187990
2024-12-09 09:15:00,1853.65,1874.5,1849.0,1870.25,1665093
2024-12-09 09:25:00,1870.2,1870.95,1864.9,1865.3,320283
2024-12-09 09:35:00,1865.3,1865.7,1862.3,1863.0,306494
2024-12-09 09:45:00,1862.65,1865.0,1862.05,1862.9,351777
2024-12-09 09:55:00,1862.9,1866.9,1862.5,1863.05,232449
2024-12-09 10:05:00,1863.35,1865.05,1863.2,1863.55,156664
2024-12-09 10:15:00,1864.0,1867.75,1863.95,1867.65,215891
2024-12-09 10:25:00,1867.65,1872.0,1867.65,1870.25,315541
2024-12-09 10:35:00,1870.35,1871.0,1868.2,1870.0,279235
2024-12-09 10:45:00,1870.0,1873.0,1869.5,1871.05,221643
2024-12-09 10:55:00,1871.05,1871.95,1869.0,1870.2,153576
2024-12-09 11:05:00,1870.2,1873.1,1868.3,1872.9,225563
2024-12-09 11:15:00,1872.9,1877.75,1872.2,1877.2,507927
2024-12-09 11:25:00,1877.2,1878.0,1875.2,1875.95,211240
2024-12-09 11:35:00,1875.85,1876.3,1874.25,1875.95,197523
2024-12-09 11:45:00,1876.0,1877.0,1873.9,1874.75,242604
2024-12-09 11:55:00,1874.75,1876.0,1874.0,1874.75,184247
2024-12-09 12:05:00,1874.75,1876.05,1874.1,1875.6,201687
2024-12-09 12:15:00,1875.6,1877.6,1875.25,1877.6,341864
2024-12-09 12:25:00,1877.6,1879.0,1876.1,1877.0,466744
2024-12-09 12:35:00,1876.9,1879.0,1875.95,1878.95,401413
2024-12-09 12:45:00,1878.85,1880.0,1878.0,1878.55,355187
2024-12-09 12:55:00,1878.55,1879.55,1876.4,1877.15,275252
2024-12-09 13:05:00,1876.8,1878.5,1876.45,1877.8,182338
2024-12-09 13:15:00,1877.8,1879.0,1876.45,1877.0,212079
2024-12-09 13:25:00,1877.0,1877.2,1875.5,1876.5,226497
2024-12-09 13:35:00,1876.35,1876.8,1875.35,1876.55,152950
2024-12-09 13:45:00,1876.5,1876.5,1873.75,1874.75,197515
2024-12-09 13:55:00,1874.85,1874.9,1871.95,1871.95,253649
2024-12-09 14:05:00,1872.0,1873.5,1869.8,1872.65,208519
2024-12-09 14:15:00,1872.6,1873.35,1870.0,1870.05,252985
2024-12-09 14:25:00,1870.0,1871.75,1869.25,1871.15,222323
2024-12-09 14:35:00,1871.3,1872.8,1870.15,1871.0,240980
2024-12-09 14:45:00,1871.05,1873.85,1870.35,1871.45,290624
2024-12-09 14:55:00,1871.45,1872.95,1869.6,1870.4,706650
2024-12-09 15:05:00,1870.5,1871.3,1867.2,1868.15,903205
2024-12-09 15:15:00,1868.15,1871.3,1868.1,1869.85,899020
2024-12-09 15:25:00,1869.9,1870.35,1867.55,1867.55,324682
2024-12-10 09:15:00,1877.7,1877.7,1866.45,1868.65,419593
2024-12-10 09:25:00,1868.4,1873.85,1865.05,1871.0,183189
2024-12-10 09:35:00,1871.45,1873.95,1870.35,1873.35,86863
2024-12-10 09:45:00,1873.7,1875.0,1870.2,1873.0,204883
2024-12-10 09:55:00,1873.05,1874.05,1871.85,1873.5,69616
2024-12-10 10:05:00,1873.4,1873.9,1868.8,1868.95,93871
2024-12-10 10:15:00,1869.0,1869.8,1866.85,1869.2,137590
2024-12-10 10:25:00,1869.2,1870.7,1868.6,1869.2,137881
2024-12-10 10:35:00,1869.2,1869.5,1865.1,1867.25,143646
2024-12-10 10:45:00,1867.25,1869.85,1866.3,1869.75,70639
2024-12-10 10:55:00,1869.75,1870.0,1867.25,1867.65,62579
2024-12-10 11:05:00,1868.05,1870.0,1867.25,1869.95,70412
2024-12-10 11:15:00,1869.95,1870.15,1869.05,1869.95,73161
2024-12-10 11:25:00,1870.0,1870.15,1868.85,1869.85,62863
2024-12-10 11:35:00,1869.85,1870.0,1868.4,1869.8,64976
2024-12-10 11:45:00,1870.0,1870.15,1868.6,1869.3,50853
2024-12-10 11:55:00,1869.3,1869.85,1866.75,1869.1,79115
2024-12-10 12:05:00,1869.2,1870.0,1867.05,1867.95,97461
2024-12-10 12:15:00,1867.95,1867.95,1861.55,1866.15,201165
2024-12-10 12:25:00,1866.05,1866.45,1863.75,1864.4,109234
2024-12-10 12:35:00,1864.4,1864.4,1860.5,1862.8,239867
2024-12-10 12:45:00,1862.85,1864.0,1861.7,1863.05,116319
2024-12-10 12:55:00,1863.75,1865.0,1862.45,1864.5,96868
2024-12-10 13:05:00,1864.5,1865.0,1861.7,1862.0,89298
2024-12-10 13:15:00,1862.0,1862.4,1860.0,1861.5,129884
2024-12-10 13:25:00,1861.9,1865.25,1860.0,1863.5,149932
2024-12-10 13:35:00,1863.5,1865.7,1859.1,1860.1,171590
2024-12-10 13:45:00,1860.1,1861.4,1858.55,1861.3,139774
2024-12-10 13:55:00,1861.15,1863.55,1860.5,1863.4,184856
2024-12-10 14:05:00,1863.4,1864.8,1861.85,1862.05,93317
2024-12-10 14:15:00,1862.3,1863.2,1861.35,1862.9,98543
2024-12-10 14:25:00,1863.1,1866.35,1860.1,1860.45,240280
2024-12-10 14:35:00,1860.9,1863.45,1860.45,1862.65,99035
2024-12-10 14:45:00,1862.15,1864.65,1860.8,1862.55,148813
2024-12-10 14:55:00,1863.15,1868.65,1862.5,1865.65,441957
2024-12-10 15:05:00,1866.4,1869.95,1865.95,1868.4,598077
2024-12-10 15:15:00,1868.4,1868.95,1866.8,1868.4,580568
2024-12-10 15:25:00,1868.4,1870.0,1865.9,1867.65,203526
2024-12-11 09:15:00,1861.7,1866.8,1859.1,1859.1,570826
2024-12-11 09:25:00,1859.45,1862.95,1858.05,1861.95,168410
2024-12-11 09:35:00,1861.95,1864.0,1861.15,1861.5,118091
2024-12-11 09:45:00,1862.15,1862.15,1858.3,1860.95,102840
2024-12-11 09:55:00,1860.95,1864.1,1860.05,1862.55,106426
2024-12-11 10:05:00,1862.55,1864.9,1861.95,1863.6,121363
2024-12-11 10:15:00,1864.05,1864.25,1856.75,1859.65,164081
2024-12-11 10:25:00,1859.65,1863.1,1859.35,1862.95,157387
2024-12-11 10:35:00,1862.95,1865.7,1861.35,1864.2,208320
2024-12-11 10:45:00,1864.2,1865.65,1862.2,1864.4,125826
2024-12-11 10:55:00,1864.4,1865.4,1863.8,1864.5,76721
2024-12-11 11:05:00,1864.65,1866.0,1864.1,1864.65,89084
2024-12-11 11:15:00,1864.6,1866.7,1861.5,1866.05,164279
2024-12-11 11:25:00,1866.05,1868.5,1864.8,1868.45,173769
2024-12-11 11:35:00,1868.45,1871.9,1867.25,1868.8,264893
2024-12-11 11:45:00,1868.8,1869.0,1866.8,1867.45,106351
2024-12-11 11:55:00,1867.8,1868.0,1865.7,1866.95,144682
2024-12-11 12:05:00,1867.0,1870.0,1866.35,1866.45,151372
2024-12-11 12:15:00,1866.45,1868.4,1865.0,1865.0,153521
2024-12-11 12:25:00,1865.0,1865.7,1864.1,1865.0,115290
2024-12-11 12:35:00,1865.0,1866.35,1862.3,1864.0,180119
2024-12-11 12:45:00,1863.95,1863.95,1861.1,1863.6,257832
2024-12-11 12:55:00,1863.6,1864.0,1862.05,1863.15,79362
2024-12-11 13:05:00,1863.15,1865.0,1863.15,1864.05,77718
2024-12-11 13:15:00,1864.05,1865.0,1863.15,1864.3,93095
2024-12-11 13:25:00,1864.3,1866.85,1863.35,1864.15,130618
2024-12-11 13:35:00,1864.15,1864.6,1862.05,1864.6,147512
2024-12-11 13:45:00,1864.5,1866.95,1863.25,1866.8,132016
2024-12-11 13:55:00,1866.8,1866.8,1864.55,1866.7,176530
2024-12-11 14:05:00,1866.7,1868.9,1865.95,1867.0,111760
2024-12-11 14:15:00,1866.95,1868.0,1865.2,1865.85,79716
2024-12-11 14:25:00,1865.85,1866.95,1863.75,1866.95,122777
2024-12-11 14:35:00,1866.95,1868.9,1863.8,1863.9,160119
2024-12-11 14:45:00,1864.05,1864.55,1861.55,1864.4,162045
2024-12-11 14:55:00,1864.45,1865.5,1860.1,1862.4,335854
2024-12-11 15:05:00,1862.4,1865.3,1860.85,1865.25,524528
2024-12-11 15:15:00,1865.25,1865.25,1862.8,1862.85,457516
2024-12-11 15:25:00,1862.85,1863.9,1861.45,1862.5,152282
2024-12-12 09:15:00,1851.0,1863.7,1851.0,1862.25,788019
2024-12-12 09:25:00,1862.25,1867.2,1861.35,1867.1,143046
2024-12-12 09:35:00,1867.1,1868.65,1865.25,1866.9,132365
2024-12-12 09:45:00,1867.05,1867.65,1861.85,1861.9,117310
2024-12-12 09:55:00,1861.9,1864.85,1860.5,1863.35,158124
2024-12-12 10:05:00,1863.35,1863.35,1858.45,1860.0,128072
2024-12-12 10:15:00,1860.0,1861.6,1859.0,1859.2,79274
2024-12-12 10:25:00,1859.2,1859.5,1857.2,1857.55,90690
2024-12-12 10:35:00,1857.5,1858.95,1857.1,1858.4,97838
2024-12-12 10:45:00,1858.35,1864.15,1858.05,1864.15,130187
2024-12-12 10:55:00,1863.7,1864.45,1860.2,1863.65,158936
2024-12-12 11:05:00,1862.7,1863.85,1858.55,1860.3,278871
2024-12-12 11:15:00,1860.3,1861.8,1859.1,1860.0,189709
2024-12-12 11:25:00,1860.0,1864.25,1859.45,1861.25,134037
2024-12-12 11:35:00,1861.25,1862.95,1860.75,1862.4,95133
2024-12-12 11:45:00,1862.2,1863.45,1858.4,1860.35,141560
2024-12-12 11:55:00,1860.8,1862.2,1859.25,1859.9,85958
2024-12-12 12:05:00,1859.85,1863.0,1858.6,1859.7,109526
2024-12-12 12:15:00,1859.75,1861.0,1858.3,1860.6,82079
2024-12-12 12:25:00,1860.65,1861.6,1858.75,1859.25,98173
2024-12-12 12:35:00,1859.25,1860.3,1858.1,1858.1,106393
2024-12-12 12:45:00,1858.2,1859.25,1856.85,1857.6,104872
2024-12-12 12:55:00,1857.6,1859.8,1854.4,1856.2,182644
2024-12-12 13:05:00,1856.2,1857.8,1852.65,1852.75,119216
2024-12-12 13:15:00,1852.8,1853.0,1848.7,1851.2,194414
2024-12-12 13:25:00,1851.2,1854.85,1850.5,1854.45,130923
2024-12-12 13:35:00,1854.45,1855.0,1853.25,1853.6,83554
2024-12-12 13:45:00,1853.65,1854.9,1852.65,1854.85,105175
2024-12-12 13:55:00,1854.85,1856.0,1853.5,1855.05,187743
2024-12-12 14:05:00,1854.95,1859.6,1854.8,1859.6,136062
2024-12-12 14:15:00,1859.7,1860.35,1858.0,1859.15,225913
2024-12-12 14:25:00,1859.3,1859.6,1856.65,1857.05,203107
2024-12-12 14:35:00,1857.1,1858.85,1856.35,1858.4,302206
2024-12-12 14:45:00,1858.6,1858.85,1856.5,1856.95,312132
2024-12-12 14:55:00,1857.0,1859.8,1855.35,1859.65,606737
2024-12-12 15:05:00,1859.65,1860.25,1858.7,1859.6,805925
2024-12-12 15:15:00,1859.95,1861.65,1859.3,1859.9,667405
2024-12-12 15:25:00,1859.95,1861.45,1858.0,1858.0,459162
2024-12-13 09:15:00,1862.5,1863.0,1854.1,1854.1,535487
2024-12-13 09:25:00,1854.05,1854.65,1849.1,1850.2,265812
2024-12-13 09:35:00,1850.1,1851.0,1847.85,1848.9,136840
2024-12-13 09:45:00,1848.9,1848.9,1845.0,1847.8,159750
2024-12-13 09:55:00,1847.8,1850.0,1845.05,1847.95,95540
2024-12-13 10:05:00,1847.95,1848.65,1844.0,1845.6,68031
2024-12-13 10:15:00,1845.6,1845.6,1837.55,1839.5,216150
2024-12-13 10:25:00,1839.5,1839.5,1832.1,1832.65,213850
2024-12-13 10:35:00,1832.65,1835.35,1830.5,1833.3,182378
2024-12-13 10:45:00,1833.25,1833.7,1829.25,1831.7,101149
2024-12-13 10:55:00,1831.7,1835.75,1831.05,1834.75,144401
2024-12-13 11:05:00,1834.75,1841.5,1832.45,1833.95,263335
2024-12-13 11:15:00,1833.9,1839.3,1831.5,1838.3,262918
2024-12-13 11:25:00,1838.3,1841.65,1837.45,1840.4,87947
2024-12-13 11:35:00,1840.6,1842.65,1839.3,1842.25,189191
2024-12-13 11:45:00,1842.25,1845.35,1841.05,1845.3,154883
2024-12-13 11:55:00,1845.45,1859.6,1845.3,1855.2,526776
2024-12-13 12:05:00,1854.95,1855.15,1850.1,1853.25,172938
2024-12-13 12:15:00,1853.75,1855.95,1851.5,1853.3,158429
2024-12-13 12:25:00,1853.3,1857.65,1849.5,1851.85,99720
2024-12-13 12:35:00,1851.8,1853.5,1850.2,1852.0,74554
2024-12-13 12:45:00,1852.05,1854.9,1850.0,1854.6,83221
2024-12-13 12:55:00,1854.6,1862.6,1854.45,1860.9,158035
2024-12-13 13:05:00,1861.15,1862.1,1858.0,1859.35,154371
2024-12-13 13:15:00,1859.35,1861.1,1855.05,1860.25,117440
2024-12-13 13:25:00,1860.85,1863.65,1859.7,1862.65,202408
2024-12-13 13:35:00,1862.6,1867.5,1862.1,1865.45,269445
2024-12-13 13:45:00,1866.25,1869.95,1865.95,1866.65,293782
2024-12-13 13:55:00,1866.65,1868.15,1865.1,1866.4,128265
2024-12-13 14:05:00,1865.7,1867.45,1863.5,1866.1,128775
2024-12-13 14:15:00,1865.55,1868.95,1865.1,1868.15,107711
2024-12-13 14:25:00,1868.35,1872.6,1867.3,1871.05,396241
2024-12-13 14:35:00,1871.6,1872.45,1866.25,1868.8,245848
2024-12-13 14:45:00,1868.85,1868.85,1865.3,1866.4,241565
2024-12-13 14:55:00,1865.75,1871.25,1865.0,1870.2,734205
2024-12-13 15:05:00,1870.1,1874.0,1870.0,1871.9,722160
2024-12-13 15:15:00,1871.85,1874.5,1871.35,1872.8,608221
2024-12-13 15:25:00,1872.9,1875.0,1872.25,1873.3,277881
2024-12-16 09:15:00,1865.1,1868.8,1860.55,1863.15,614939
2024-12-16 09:25:00,1863.6,1865.6,1861.55,1863.75,119781
2024-12-16 09:35:00,1862.9,1869.25,1860.1,1868.45,206136
2024-12-16 09:45:00,1868.35,1868.75,1866.1,1866.8,164361
2024-12-16 09:55:00,1866.8,1868.45,1864.35,1865.7,152953
2024-12-16 10:05:00,1865.8,1869.95,1865.7,1868.35,93489
2024-12-16 10:15:00,1868.35,1868.35,1865.0,1866.0,92038
2024-12-16 10:25:00,1866.0,1866.0,1862.9,1864.45,103483
2024-12-16 10:35:00,1864.5,1866.7,1863.5,1864.55,99407
2024-12-16 10:45:00,1865.0,1867.75,1864.55,1865.15,74188
2024-12-16 10:55:00,1865.15,1865.2,1862.05,1863.05,139467
2024-12-16 11:05:00,1863.05,1865.75,1861.0,1862.0,192607
2024-12-16 11:15:00,1862.0,1862.75,1860.0,1862.75,120915
2024-12-16 11:25:00,1862.75,1863.05,1858.1,1859.8,215427
2024-12-16 11:35:00,1859.8,1861.75,1858.45,1858.7,95112
2024-12-16 11:45:00,1858.65,1861.85,1857.55,1859.0,191583
2024-12-16 11:55:00,1859.0,1859.1,1857.05,1858.9,164907
2024-12-16 12:05:00,1858.9,1859.2,1857.0,1857.3,116754
2024-12-16 12:15:00,1857.3,1859.5,1857.0,1858.2,94719
2024-12-16 12:25:00,1858.6,1860.0,1855.25,1858.35,259263
2024-12-16 12:35:00,1858.45,1860.0,1858.3,1859.9,77919
2024-12-16 12:45:00,1859.9,1861.9,1858.4,1861.25,115632
2024-12-16 12:55:00,1861.3,1862.0,1860.0,1861.9,69775
2024-12-16 13:05:00,1862.0,1863.35,1860.65,1862.35,117526
2024-12-16 13:15:00,1862.25,1864.75,1861.55,1862.7,223255
2024-12-16 13:25:00,1862.75,1864.0,1861.65,1863.1,138418
2024-12-16 13:35:00,1863.55,1865.85,1862.9,1864.8,165316
2024-12-16 13:45:00,1864.6,1866.05,1863.45,1864.85,139755
2024-12-16 13:55:00,1864.85,1866.0,1862.6,1865.4,131220
2024-12-16 14:05:00,1865.4,1865.9,1863.6,1864.1,62365
2024-12-16 14:15:00,1864.35,1865.45,1862.3,1863.0,115240
2024-12-16 14:25:00,1863.0,1864.7,1862.85,1863.85,72036
2024-12-16 14:35:00,1863.85,1866.7,1863.85,1866.0,149732
2024-12-16 14:45:00,1866.0,1866.7,1865.0,1865.05,100893
2024-12-16 14:55:00,1865.1,1867.55,1865.05,1866.45,293052
2024-12-16 15:05:00,1866.55,1866.55,1864.1,1865.4,411348
2024-12-16 15:15:00,1865.4,1866.05,1863.6,1864.25,416483
2024-12-16 15:25:00,1864.25,1864.8,1861.05,1862.0,149132
2024-12-17 09:15:00,1856.35,1862.35,1853.1,1857.9,585198
2024-12-17 09:25:00,1857.5,1858.45,1854.35,1854.4,146641
2024-12-17 09:35:00,1854.4,1854.45,1850.5,1851.2,190449
2024-12-17 09:45:00,1851.2,1851.45,1845.7,1848.25,218332
2024-12-17 09:55:00,1848.25,1849.55,1847.35,1848.1,114728
2024-12-17 10:05:00,1848.15,1850.65,1847.2,1850.25,136547
2024-12-17 10:15:00,1850.3,1851.45,1841.8,1842.15,266251
2024-12-17 10:25:00,1842.15,1845.2,1841.8,1844.25,249608
2024-12-17 10:35:00,1844.5,1846.55,1840.15,1845.85,289501
2024-12-17 10:45:00,1845.85,1848.7,1844.65,1848.0,164347
2024-12-17 10:55:00,1848.0,1852.35,1846.45,1851.0,274687
2024-12-17 11:05:00,1851.35,1853.35,1848.3,1849.0,163263
2024-12-17 11:15:00,1849.0,1851.35,1847.0,1847.65,90932
2024-12-17 11:25:00,1847.65,1847.95,1842.2,1845.0,156427
2024-12-17 11:35:00,1845.0,1845.95,1840.0,1840.8,140034
2024-12-17 11:45:00,1840.8,1842.9,1838.35,1840.65,160258
2024-12-17 11:55:00,1840.65,1841.1,1836.55,1840.3,186803
2024-12-17 12:05:00,1840.5,1841.0,1836.0,1836.45,178297
2024-12-17 12:15:00,1836.4,1837.95,1834.05,1835.4,301170
2024-12-17 12:25:00,1835.4,1844.95,1834.85,1844.5,181711
2024-12-17 12:35:00,1844.5,1844.65,1838.85,1839.85,131033
2024-12-17 12:45:00,1839.85,1842.9,1838.1,1842.0,104215
2024-12-17 12:55:00,1842.0,1845.0,1839.3,1840.55,203327
2024-12-17 13:05:00,1840.6,1842.1,1837.9,1838.45,87839
2024-12-17 13:15:00,1837.85,1839.85,1835.35,1838.15,183745
2024-12-17 13:25:00,1838.3,1839.7,1833.25,1835.35,208777
2024-12-17 13:35:00,1835.35,1840.0,1835.0,1838.3,170126
2024-12-17 13:45:00,1838.8,1841.0,1836.35,1837.65,167287
2024-12-17 13:55:00,1838.25,1842.15,1837.2,1839.8,192859
2024-12-17 14:05:00,1839.45,1842.05,1837.5,1838.05,118710
2024-12-17 14:15:00,1838.05,1839.55,1834.45,1835.4,141594
2024-12-17 14:25:00,1835.65,1836.1,1832.0,1832.85,193321
2024-12-17 14:35:00,1832.6,1834.4,1831.9,1834.4,248059
2024-12-17 14:45:00,1834.4,1836.3,1831.45,1832.35,395378
2024-12-17 14:55:00,1832.6,1837.65,1831.75,1833.45,765035
2024-12-17 15:05:00,1833.4,1835.85,1832.2,1832.25,1100086
2024-12-17 15:15:00,1832.5,1835.0,1831.55,1833.1,1106067
2024-12-17 15:25:00,1833.1,1833.1,1826.5,1830.25,525794
2024-12-18 09:15:00,1829.85,1836.0,1827.05,1832.4,1163456
2024-12-18 09:25:00,1832.9,1832.9,1826.1,1829.65,323830
2024-12-18 09:35:00,1829.7,1834.25,1827.6,1833.5,283147
2024-12-18 09:45:00,1833.3,1834.5,1826.2,1827.0,246717
2024-12-18 09:55:00,1826.95,1827.0,1818.85,1820.5,370413
2024-12-18 10:05:00,1821.15,1821.15,1814.55,1815.7,285648
2024-12-18 10:15:00,1815.6,1818.95,1814.05,1815.9,239434
2024-12-18 10:25:00,1815.9,1818.95,1813.6,1817.8,188218
2024-12-18 10:35:00,1817.1,1822.3,1816.55,1820.85,248043
2024-12-18 10:45:00,1820.7,1821.4,1814.75,1814.9,348953
2024-12-18 10:55:00,1814.9,1815.75,1811.05,1812.55,338900
2024-12-18 11:05:00,1812.7,1814.0,1809.85,1813.1,253945
2024-12-18 11:15:00,1813.1,1814.25,1810.0,1810.8,148094
2024-12-18 11:25:00,1810.1,1814.55,1808.25,1812.8,121020
2024-12-18 11:35:00,1812.8,1815.85,1811.15,1812.8,220747
2024-12-18 11:45:00,1812.85,1814.1,1811.95,1813.75,137349
2024-12-18 11:55:00,1813.75,1817.7,1812.95,1815.55,311699
2024-12-18 12:05:00,1815.55,1816.2,1813.2,1814.45,194547
2024-12-18 12:15:00,1814.45,1816.15,1814.05,1814.9,166488
2024-12-18 12:25:00,1814.9,1815.95,1813.8,1815.0,236938
2024-12-18 12:35:00,1814.95,1815.0,1811.0,1812.8,279212
2024-12-18 12:45:00,1812.8,1813.4,1811.2,1812.0,223808
2024-12-18 12:55:00,1812.0,1815.0,1811.15,1814.0,273763
2024-12-18 13:05:00,1814.05,1818.25,1813.5,1817.25,301381
2024-12-18 13:15:00,1817.2,1819.9,1816.9,1819.4,248959
2024-12-18 13:25:00,1819.4,1820.0,1817.25,1817.3,219058
2024-12-18 13:35:00,1817.5,1818.0,1815.55,1816.55,185459
2024-12-18 13:45:00,1817.05,1817.55,1814.1,1814.95,224426
2024-12-18 13:55:00,1815.0,1816.5,1814.55,1815.65,173064
2024-12-18 14:05:00,1815.65,1815.65,1811.1,1812.75,181912
2024-12-18 14:15:00,1812.35,1813.4,1811.05,1811.9,122643
2024-12-18 14:25:00,1811.9,1811.95,1809.45,1810.7,199563
2024-12-18 14:35:00,1810.7,1813.6,1809.85,1813.45,313510
2024-12-18 14:45:00,1813.45,1814.5,1811.35,1813.35,269979
2024-12-18 14:55:00,1813.6,1814.2,1811.45,1811.9,373121
2024-12-18 15:05:00,1811.85,1812.9,1807.15,1808.35,854673
2024-12-18 15:15:00,1808.35,1813.5,1808.15,1811.6,733838
2024-12-18 15:25:00,1811.75,1812.9,1809.9,1812.0,258265
2024-12-19 09:15:00,1799.6,1801.1,1783.7,1788.7,1617844
2024-12-19 09:25:00,1788.65,1791.85,1781.25,1784.7,866309
2024-12-19 09:35:00,1784.8,1787.45,1779.0,1786.05,707529
2024-12-19 09:45:00,1786.05,1794.45,1783.85,1794.45,416625
2024-12-19 09:55:00,1794.45,1795.9,1790.05,1790.95,266965
2024-12-19 10:05:00,1790.8,1791.7,1785.7,1786.45,267852
2024-12-19 10:15:00,1786.45,1787.7,1784.65,1787.7,208011
2024-12-19 10:25:00,1787.7,1792.45,1786.25,1790.0,189635
2024-12-19 10:35:00,1790.0,1791.0,1787.4,1788.0,165410
2024-12-19 10:45:00,1788.0,1789.25,1785.1,1787.05,181977
2024-12-19 10:55:00,1787.05,1787.55,1785.2,1786.65,151179
2024-12-19 11:05:00,1786.8,1788.35,1786.25,1787.35,171156
2024-12-19 11:15:00,1787.3,1791.25,1787.3,1789.8,165402
2024-12-19 11:25:00,1789.8,1794.9,1789.75,1791.65,215203
2024-12-19 11:35:00,1791.75,1797.2,1790.3,1793.45,216357
2024-12-19 11:45:00,1793.5,1795.25,1791.35,1791.4,130124
2024-12-19 11:55:00,1791.5,1793.85,1790.15,1793.5,246662
2024-12-19 12:05:00,1793.45,1795.4,1793.45,1794.4,252399
2024-12-19 12:15:00,1794.35,1795.0,1792.05,1793.05,139752
2024-12-19 12:25:00,1793.1,1793.6,1789.9,1791.05,190348
2024-12-19 12:35:00,1791.05,1794.1,1790.7,1794.0,181406
2024-12-19 12:45:00,1794.0,1794.4,1790.95,1793.5,301912
2024-12-19 12:55:00,1793.8,1797.0,1792.9,1793.35,247964
2024-12-19 13:05:00,1793.35,1797.0,1793.35,1794.9,220013
2024-12-19 13:15:00,1794.9,1795.25,1791.1,1793.65,146170
2024-12-19 13:25:00,1793.65,1795.2,1793.0,1794.85,177293
2024-12-19 13:35:00,1794.9,1795.5,1791.6,1792.55,177788
2024-12-19 13:45:00,1792.5,1794.0,1791.5,1793.15,158207
2024-12-19 13:55:00,1793.0,1793.5,1791.4,1791.7,135453
2024-12-19 14:05:00,1792.4,1793.5,1791.25,1792.9,108756
2024-12-19 14:15:00,1793.7,1794.2,1791.9,1793.05,247302
2024-12-19 14:25:00,1793.05,1794.7,1792.3,1793.5,335648
2024-12-19 14:35:00,1793.55,1795.6,1792.5,1792.7,223208
2024-12-19 14:45:00,1792.9,1794.2,1790.35,1792.2,317170
2024-12-19 14:55:00,1792.3,1793.9,1790.45,1793.2,548223
2024-12-19 15:05:00,1793.2,1794.5,1792.4,1794.35,771270
2024-12-19 15:15:00,1794.65,1795.55,1792.45,1795.0,733799
2024-12-19 15:25:00,1795.0,1795.45,1793.15,1794.0,296736
2024-12-20 09:15:00,1782.2,1787.45,1780.1,1781.8,680384
2024-12-20 09:25:00,1781.55,1788.95,1781.1,1788.0,243526
2024-12-20 09:35:00,1787.45,1795.4,1786.0,1790.95,186369
2024-12-20 09:45:00,1790.95,1791.5,1775.0,1778.5,315494
2024-12-20 09:55:00,1778.5,1782.15,1776.5,1781.0,146718
2024-12-20 10:05:00,1780.5,1781.75,1777.45,1780.2,97507
2024-12-20 10:15:00,1780.2,1786.9,1779.05,1782.5,218254
2024-12-20 10:25:00,1782.5,1787.5,1781.95,1785.55,135180
2024-12-20 10:35:00,1785.5,1789.85,1784.3,1787.2,166997
2024-12-20 10:45:00,1787.75,1790.95,1785.55,1789.95,99441
2024-12-20 10:55:00,1789.95,1791.0,1788.35,1789.1,64140
2024-12-20 11:05:00,1789.1,1792.05,1788.45,1790.9,77729
2024-12-20 11:15:00,1790.9,1791.6,1787.05,1789.75,93472
2024-12-20 11:25:00,1790.0,1790.7,1788.05,1789.2,108826
2024-12-20 11:35:00,1789.2,1793.0,1789.0,1791.15,100811
2024-12-20 11:45:00,1791.15,1794.75,1790.5,1793.05,66191
2024-12-20 11:55:00,1793.3,1796.3,1792.7,1795.75,93646
2024-12-20 12:05:00,1795.2,1797.55,1792.25,1792.35,117370
2024-12-20 12:15:00,1792.9,1792.9,1785.05,1788.8,258815
2024-12-20 12:25:00,1789.35,1790.8,1788.25,1789.2,163827
2024-12-20 12:35:00,1789.8,1790.7,1787.8,1788.3,209382
2024-12-20 12:45:00,1788.3,1789.8,1785.35,1788.45,298494
2024-12-20 12:55:00,1788.9,1789.75,1786.3,1788.5,164368
2024-12-20 13:05:00,1787.95,1790.0,1787.35,1789.55,179053
2024-12-20 13:15:00,1789.9,1794.0,1789.45,1792.95,132433
2024-12-20 13:25:00,1792.95,1794.0,1791.45,1792.8,93021
2024-12-20 13:35:00,1792.9,1792.9,1785.5,1787.0,181462
2024-12-20 13:45:00,1787.0,1787.9,1783.0,1785.1,150474
2024-12-20 13:55:00,1785.1,1785.85,1783.1,1784.3,115536
2024-12-20 14:05:00,1784.2,1784.45,1780.75,1781.75,161841
2024-12-20 14:15:00,1781.8,1784.6,1780.8,1782.8,132947
2024-12-20 14:25:00,1782.8,1783.4,1779.9,1780.1,146641
2024-12-20 14:35:00,1780.05,1781.2,1779.1,1780.0,269824
2024-12-20 14:45:00,1779.95,1780.0,1774.45,1775.6,304084
2024-12-20 14:55:00,1775.65,1776.4,1768.05,1770.2,1444009
2024-12-20 15:05:00,1770.1,1771.05,1767.05,1767.9,2052324
2024-12-20 15:15:00,1767.75,1779.4,1767.6,1775.75,2248813
2024-12-20 15:25:00,1775.65,1779.75,1772.25,1778.0,718076
2024-12-23 09:15:00,1782.0,1796.4,1781.3,1795.95,365222
2024-12-23 09:25:00,1795.75,1802.6,1795.0,1801.0,221003
2024-12-23 09:35:00,1801.0,1804.0,1797.7,1801.5,156393
2024-12-23 09:45:00,1801.95,1806.0,1801.45,1802.6,160053
2024-12-23 09:55:00,1802.65,1804.9,1800.0,1804.85,106663
2024-12-23 10:05:00,1804.9,1805.0,1802.8,1803.65,83714
2024-12-23 10:15:00,1803.65,1804.8,1802.4,1802.55,105917
2024-12-23 10:25:00,1802.55,1803.3,1800.1,1802.85,167415
2024-12-23 10:35:00,1802.8,1803.75,1799.1,1799.1,287486
2024-12-23 10:45:00,1799.3,1801.2,1799.15,1800.95,113230
2024-12-23 10:55:00,1800.95,1804.95,1800.0,1802.5,189809
2024-12-23 11:05:00,1802.5,1803.5,1800.3,1802.45,63398
2024-12-23 11:15:00,1802.4,1803.85,1802.1,1802.75,77747
2024-12-23 11:25:00,1802.65,1804.4,1800.5,1801.3,66839
2024-12-23 11:35:00,1801.45,1803.2,1800.55,1802.05,69630
2024-12-23 11:45:00,1802.05,1803.0,1801.3,1802.9,62595
2024-12-23 11:55:00,1802.85,1803.0,1799.05,1799.6,122782
2024-12-23 12:05:00,1799.5,1800.0,1798.0,1799.8,113251
2024-12-23 12:15:00,1799.65,1800.0,1796.95,1797.5,155908
2024-12-23 12:25:00,1797.55,1798.0,1795.15,1796.25,131436
2024-12-23 12:35:00,1796.3,1796.45,1793.7,1795.2,107108
2024-12-23 12:45:00,1795.0,1795.5,1792.3,1792.9,96573
2024-12-23 12:55:00,1792.85,1795.05,1791.25,1794.35,95727
2024-12-23 13:05:00,1794.35,1795.35,1792.95,1793.6,75266
2024-12-23 13:15:00,1793.65,1795.5,1792.75,1794.9,90271
2024-12-23 13:25:00,1794.9,1795.0,1792.35,1792.4,116727
2024-12-23 13:35:00,1792.8,1795.05,1792.05,1794.85,111649
2024-12-23 13:45:00,1794.8,1795.5,1793.55,1795.0,71698
2024-12-23 13:55:00,1795.0,1796.1,1793.6,1794.4,72971
2024-12-23 14:05:00,1794.4,1796.7,1794.3,1795.95,127385
2024-12-23 14:15:00,1796.0,1799.35,1795.0,1797.3,94024
2024-12-23 14:25:00,1797.4,1799.65,1796.65,1799.3,121919
2024-12-23 14:35:00,1799.35,1800.0,1797.75,1798.1,92389
2024-12-23 14:45:00,1798.1,1799.6,1797.05,1797.35,84577
2024-12-23 14:55:00,1797.45,1799.6,1796.3,1799.55,218160
2024-12-23 15:05:00,1799.6,1802.0,1799.45,1801.45,374667
2024-12-23 15:15:00,1801.45,1803.75,1800.35,1802.55,410848
2024-12-23 15:25:00,1802.55,1802.7,1800.0,1802.0,148285
2024-12-24 09:15:00,1802.05,1808.7,1796.55,1797.0,397608
2024-12-24 09:25:00,1796.95,1797.25,1790.4,1790.4,230608
2024-12-24 09:35:00,1790.4,1792.6,1789.55,1791.3,109575
2024-12-24 09:45:00,1791.65,1795.85,1791.2,1794.6,118542
2024-12-24 09:55:00,1794.6,1798.75,1793.65,1797.6,69769
2024-12-24 10:05:00,1797.6,1799.0,1796.35,1798.6,75179
2024-12-24 10:15:00,1798.65,1799.95,1796.4,1796.4,93091
2024-12-24 10:25:00,1796.35,1797.95,1795.15,1797.1,129792
2024-12-24 10:35:00,1797.1,1797.7,1794.4,1796.25,98926
2024-12-24 10:45:00,1796.25,1796.45,1793.55,1795.1,36841
2024-12-24 10:55:00,1795.1,1798.85,1795.0,1797.6,83969
2024-12-24 11:05:00,1797.6,1799.65,1797.3,1799.1,98185
2024-12-24 11:15:00,1799.1,1799.75,1797.1,1797.5,63208
2024-12-24 11:25:00,1797.7,1798.45,1796.3,1797.6,47236
2024-12-24 11:35:00,1797.9,1799.4,1796.5,1798.35,52993
2024-12-24 11:45:00,1798.4,1800.65,1798.35,1799.25,74124
2024-12-24 11:55:00,1799.6,1799.75,1797.3,1798.0,57877
2024-12-24 12:05:00,1798.0,1800.0,1797.9,1799.5,57888
2024-12-24 12:15:00,1799.5,1800.9,1798.5,1799.4,109933
2024-12-24 12:25:00,1799.45,1800.85,1798.8,1800.2,108859
2024-12-24 12:35:00,1800.25,1802.5,1799.65,1801.75,135659
2024-12-24 12:45:00,1801.75,1802.5,1799.85,1800.1,107725
2024-12-24 12:55:00,1800.15,1801.8,1798.95,1800.45,314423
2024-12-24 13:05:00,1799.95,1800.6,1798.7,1799.65,212006
2024-12-24 13:15:00,1799.65,1801.4,1798.35,1800.35,186282
2024-12-24 13:25:00,1801.0,1801.65,1799.3,1800.45,112648
2024-12-24 13:35:00,1800.45,1801.25,1796.25,1797.95,161777
2024-12-24 13:45:00,1798.1,1798.35,1795.15,1796.9,489899
2024-12-24 13:55:00,1796.9,1801.1,1796.5,1800.3,151491
2024-12-24 14:05:00,1800.25,1802.5,1798.5,1802.0,280875
2024-12-24 14:15:00,1802.0,1802.2,1798.9,1800.95,546088
2024-12-24 14:25:00,1801.0,1803.45,1800.55,1802.0,147614
2024-12-24 14:35:00,1802.0,1802.5,1800.8,1801.7,150951
2024-12-24 14:45:00,1801.7,1802.2,1799.4,1799.65,308331
2024-12-24 14:55:00,1799.65,1800.7,1798.45,1798.6,466273
2024-12-24 15:05:00,1798.55,1800.15,1795.5,1796.4,678969
2024-12-24 15:15:00,1796.35,1798.65,1795.45,1797.75,418647
2024-12-24 15:25:00,1797.55,1799.65,1797.55,1799.65,146106
2024-12-26 09:15:00,1798.55,1812.0,1798.55,1808.05,315702
2024-12-26 09:25:00,1808.0,1808.8,1802.0,1804.5,155531
2024-12-26 09:35:00,1804.5,1805.45,1801.05,1803.0,88980
2024-12-26 09:45:00,1803.0,1803.45,1800.95,1801.7,64534
2024-12-26 09:55:00,1801.7,1802.75,1798.75,1799.9,105286
2024-12-26 10:05:00,1800.0,1800.0,1795.65,1796.75,165388
2024-12-26 10:15:00,1796.55,1801.5,1795.85,1801.0,97264
2024-12-26 10:25:00,1800.6,1801.25,1797.25,1797.55,96198
2024-12-26 10:35:00,1798.15,1798.85,1796.5,1797.1,82993
2024-12-26 10:45:00,1796.9,1797.25,1791.15,1792.9,105759
2024-12-26 10:55:00,1792.45,1794.8,1792.0,1794.3,47591
2024-12-26 11:05:00,1794.25,1798.25,1792.55,1798.25,64090
2024-12-26 11:15:00,1798.2,1798.3,1794.4,1796.0,59000
2024-12-26 11:25:00,1796.0,1797.9,1795.3,1796.25,56677
2024-12-26 11:35:00,1796.25,1796.55,1794.0,1795.4,43391
2024-12-26 11:45:00,1795.2,1796.4,1793.8,1795.9,51093
2024-12-26 11:55:00,1796.1,1796.9,1794.7,1795.85,55202
2024-12-26 12:05:00,1795.85,1796.35,1791.45,1792.7,104711
2024-12-26 12:15:00,1792.8,1793.5,1789.85,1791.35,104956
2024-12-26 12:25:00,1791.4,1791.95,1787.75,1790.35,100473
2024-12-26 12:35:00,1790.4,1790.85,1789.1,1789.7,81671
2024-12-26 12:45:00,1789.7,1792.2,1789.0,1791.75,108247
2024-12-26 12:55:00,1791.75,1792.9,1789.65,1792.65,117894
2024-12-26 13:05:00,1792.55,1792.9,1789.3,1789.6,122495
2024-12-26 13:15:00,1789.6,1791.0,1788.95,1789.85,78045
2024-12-26 13:25:00,1790.45,1792.4,1784.1,1784.1,177160
2024-12-26 13:35:00,1784.1,1789.95,1780.75,1788.2,330209
2024-12-26 13:45:00,1787.95,1791.0,1787.0,1789.65,132125
2024-12-26 13:55:00,1789.2,1791.9,1788.9,1791.3,102780
2024-12-26 14:05:00,1791.85,1793.45,1790.45,1792.25,93785
2024-12-26 14:15:00,1792.25,1793.4,1791.55,1792.1,80622
2024-12-26 14:25:00,1792.1,1793.25,1791.35,1793.05,98083
2024-12-26 14:35:00,1793.1,1794.25,1792.05,1793.75,97547
2024-12-26 14:45:00,1793.8,1794.6,1792.1,1792.5,129566
2024-12-26 14:55:00,1792.35,1793.75,1787.75,1789.7,377235
2024-12-26 15:05:00,1789.9,1793.1,1788.15,1789.25,535497
2024-12-26 15:15:00,1788.7,1792.5,1788.6,1791.3,410743
2024-12-26 15:25:00,1791.3,1794.65,1790.05,1792.5,139015
2024-12-27 09:15:00,1794.8,1805.95,1793.6,1796.25,265252
2024-12-27 09:25:00,1796.25,1796.85,1792.2,1794.15,67653
2024-12-27 09:35:00,1794.2,1799.25,1793.4,1796.8,87043
2024-12-27 09:45:00,1796.8,1800.0,1796.65,1798.55,77021
2024-12-27 09:55:00,1798.6,1802.25,1797.2,1802.0,116239
2024-12-27 10:05:00,1801.5,1802.95,1800.0,1801.75,104718
2024-12-27 10:15:00,1801.85,1802.4,1795.9,1796.05,93522
2024-12-27 10:25:00,1796.4,1797.85,1793.65,1796.7,75973
2024-12-27 10:35:00,1796.7,1798.95,1796.55,1798.55,57658
2024-12-27 10:45:00,1798.5,1799.45,1796.45,1798.0,88869
2024-12-27 10:55:00,1798.35,1799.9,1797.3,1797.95,56423
2024-12-27 11:05:00,1797.95,1800.75,1797.5,1800.05,60871
2024-12-27 11:15:00,1800.5,1800.7,1796.1,1796.25,41303
2024-12-27 11:25:00,1796.25,1797.8,1793.8,1794.1,70078
2024-12-27 11:35:00,1794.0,1795.55,1793.15,1795.4,37832
2024-12-27 11:45:00,1795.45,1795.45,1793.5,1794.1,53508
2024-12-27 11:55:00,1794.7,1794.75,1793.15,1794.0,24524
2024-12-27 12:05:00,1794.3,1794.45,1790.4,1791.0,44424
2024-12-27 12:15:00,1791.05,1791.8,1790.65,1791.65,29916
2024-12-27 12:25:00,1791.8,1793.9,1791.7,1793.7,63032
2024-12-27 12:35:00,1793.7,1793.9,1791.0,1792.05,62874
2024-12-27 12:45:00,1792.35,1793.0,1790.35,1790.7,78963
2024-12-27 12:55:00,1790.7,1791.05,1789.1,1790.5,80265
2024-12-27 13:05:00,1790.45,1795.1,1789.95,1793.0,165966
2024-12-27 13:15:00,1792.6,1794.0,1791.75,1793.1,80453
2024-12-27 13:25:00,1793.1,1794.0,1791.95,1792.7,70954
2024-12-27 13:35:00,1793.0,1794.45,1792.05,1793.2,70200
2024-12-27 13:45:00,1793.35,1794.8,1792.8,1794.1,77200
2024-12-27 13:55:00,1794.1,1795.0,1793.1,1793.2,81805
2024-12-27 14:05:00,1793.2,1794.75,1792.1,1793.8,80428
2024-12-27 14:15:00,1793.9,1794.65,1792.75,1793.9,73777
2024-12-27 14:25:00,1793.85,1794.8,1793.0,1794.25,94538
2024-12-27 14:35:00,1794.5,1796.0,1793.9,1795.75,159248
2024-12-27 14:45:00,1795.75,1797.9,1794.1,1797.5,178782
2024-12-27 14:55:00,1797.45,1799.0,1796.45,1798.05,180157
2024-12-27 15:05:00,1798.3,1799.9,1796.85,1798.2,196414
2024-12-27 15:15:00,1798.25,1799.0,1795.5,1797.65,244559
2024-12-27 15:25:00,1798.4,1801.75,1797.6,1801.0,97440
2024-12-30 09:15:00,1792.2,1797.75,1787.55,1795.25,333938
2024-12-30 09:25:00,1795.25,1795.25,1788.15,1790.65,83870
2024-12-30 09:35:00,1790.65,1795.35,1789.1,1789.1,173353
2024-12-30 09:45:00,1789.1,1795.0,1788.45,1794.7,72829
2024-12-30 09:55:00,1794.7,1796.35,1792.1,1795.55,61663
2024-12-30 10:05:00,1795.85,1798.95,1795.45,1798.5,67331
2024-12-30 10:15:00,1798.5,1799.25,1796.1,1799.0,35210
2024-12-30 10:25:00,1798.55,1799.0,1796.6,1798.05,31552
2024-12-30 10:35:00,1798.05,1798.9,1796.25,1798.5,27998
2024-12-30 10:45:00,1798.5,1799.85,1798.0,1799.7,51651
2024-12-30 10:55:00,1799.7,1801.2,1793.85,1794.1,125568
2024-12-30 11:05:00,1794.1,1796.3,1793.0,1793.85,81463
2024-12-30 11:15:00,1793.85,1800.0,1793.2,1800.0,105052
2024-12-30 11:25:00,1800.0,1806.65,1799.55,1805.6,187605
2024-12-30 11:35:00,1805.6,1809.75,1803.3,1809.3,145124
2024-12-30 11:45:00,1809.45,1815.0,1807.5,1814.0,267092
2024-12-30 11:55:00,1814.0,1815.0,1811.15,1812.0,153870
2024-12-30 12:05:00,1812.2,1813.65,1808.5,1812.6,172930
2024-12-30 12:15:00,1812.6,1813.45,1807.9,1809.2,170239
2024-12-30 12:25:00,1809.2,1810.2,1791.85,1800.7,532749
2024-12-30 12:35:00,1800.5,1802.6,1797.05,1799.6,184461
2024-12-30 12:45:00,1799.6,1801.35,1796.3,1796.3,78069
2024-12-30 12:55:00,1796.3,1800.0,1794.1,1794.65,188643
2024-12-30 13:05:00,1794.65,1795.6,1791.4,1793.55,100772
2024-12-30 13:15:00,1793.5,1796.8,1791.15,1791.55,85998
2024-12-30 13:25:00,1791.55,1792.0,1778.35,1779.3,295029
2024-12-30 13:35:00,1779.3,1782.5,1777.0,1779.85,149267
2024-12-30 13:45:00,1779.85,1779.85,1773.5,1776.05,185456
2024-12-30 13:55:00,1775.9,1777.1,1773.75,1775.5,144609
2024-12-30 14:05:00,1775.5,1777.55,1773.25,1774.7,113174
2024-12-30 14:15:00,1774.7,1776.4,1773.05,1774.3,134697
2024-12-30 14:25:00,1774.3,1779.55,1773.5,1778.1,222790
2024-12-30 14:35:00,1778.35,1779.9,1775.15,1777.8,215004
2024-12-30 14:45:00,1777.5,1779.45,1776.4,1777.75,283955
2024-12-30 14:55:00,1777.9,1780.9,1773.5,1775.3,1346438
2024-12-30 15:05:00,1775.3,1777.45,1771.0,1776.05,1811669
2024-12-30 15:15:00,1776.5,1784.5,1776.1,1783.8,1830406
2024-12-30 15:25:00,1783.85,1788.0,1778.05,1778.05,752012
2024-12-31 09:15:00,1770.3,1776.95,1765.6,1775.0,337620
2024-12-31 09:25:00,1775.5,1778.2,1774.0,1777.4,109008
2024-12-31 09:35:00,1777.4,1780.15,1775.0,1775.55,101507
2024-12-31 09:45:00,1775.55,1775.6,1772.2,1775.0,99163
2024-12-31 09:55:00,1774.55,1776.9,1774.1,1776.4,58276
2024-12-31 10:05:00,1776.4,1776.5,1773.45,1775.15,84847
2024-12-31 10:15:00,1775.0,1780.0,1775.0,1779.3,103078
2024-12-31 10:25:00,1779.3,1781.8,1777.1,1777.1,80320
2024-12-31 10:35:00,1777.1,1778.55,1774.5,1775.55,70945
2024-12-31 10:45:00,1775.05,1775.45,1769.9,1774.2,312210
2024-12-31 10:55:00,1774.15,1775.6,1772.9,1773.1,80338
2024-12-31 11:05:00,1773.1,1776.2,1772.6,1776.1,111673
2024-12-31 11:15:00,1776.05,1778.95,1775.9,1777.6,74089
2024-12-31 11:25:00,1777.6,1779.55,1777.0,1779.1,105240
2024-12-31 11:35:00,1779.1,1780.0,1776.5,1779.05,89771
2024-12-31 11:45:00,1779.05,1780.0,1777.9,1778.15,50700
2024-12-31 11:55:00,1778.15,1778.15,1774.0,1774.0,92428
2024-12-31 12:05:00,1774.25,1774.8,1772.5,1772.95,77787
2024-12-31 12:15:00,1772.95,1774.75,1772.1,1774.75,75941
2024-12-31 12:25:00,1774.75,1775.25,1774.0,1774.15,90940
2024-12-31 12:35:00,1774.15,1774.15,1771.0,1771.7,109005
2024-12-31 12:45:00,1771.65,1772.9,1770.25,1772.05,134575
2024-12-31 12:55:00,1772.4,1774.1,1772.0,1773.95,155175
2024-12-31 13:05:00,1773.85,1773.85,1771.8,1773.3,107380
2024-12-31 13:15:00,1773.3,1774.1,1772.25,1774.05,131191
2024-12-31 13:25:00,1774.05,1774.05,1772.3,1773.0,185719
2024-12-31 13:35:00,1772.85,1774.4,1771.0,1771.5,358292
2024-12-31 13:45:00,1771.5,1771.65,1768.7,1769.3,238385
2024-12-31 13:55:00,1769.25,1772.3,1768.65,1772.0,283230
2024-12-31 14:05:00,1772.25,1773.5,1771.05,1771.7,253291
2024-12-31 14:15:00,1771.35,1771.85,1767.8,1769.95,159170
2024-12-31 14:25:00,1769.95,1772.0,1769.75,1770.1,209980
2024-12-31 14:35:00,1770.1,1772.15,1768.85,1771.35,184875
2024-12-31 14:45:00,1771.35,1772.5,1770.0,1770.35,167887
2024-12-31 14:55:00,1770.3,1774.2,1770.1,1774.05,425870
2024-12-31 15:05:00,1774.1,1774.55,1771.75,1773.85,776965
2024-12-31 15:15:00,1773.95,1774.2,1771.25,1772.05,654384
2024-12-31 15:25:00,1772.05,1774.8,1770.8,1772.0,217333
2025-01-01 09:15:00,1773.45,1781.9,1769.4,1770.0,142077
2025-01-01 09:25:00,1770.45,1773.4,1768.5,1768.5,52060
2025-01-01 09:35:00,1768.5,1769.0,1763.55,1766.0,120461
2025-01-01 09:45:00,1766.0,1766.65,1761.1,1765.05,118808
2025-01-01 09:55:00,1765.0,1769.0,1764.3,1766.1,94538
2025-01-01 10:05:00,1766.3,1774.7,1766.0,1772.95,134214
2025-01-01 10:15:00,1772.95,1775.7,1770.55,1774.5,107842
2025-01-01 10:25:00,1774.35,1779.75,1774.2,1778.25,132259
2025-01-01 10:35:00,1778.15,1778.25,1773.85,1775.0,49830
2025-01-01 10:45:00,1774.8,1787.0,1774.8,1784.8,90866
2025-01-01 10:55:00,1784.25,1786.0,1782.65,1783.25,70387
2025-01-01 11:05:00,1783.25,1785.65,1782.05,1783.5,51841
2025-01-01 11:15:00,1783.5,1786.05,1782.0,1782.7,68535
2025-01-01 11:25:00,1782.8,1786.8,1779.0,1779.5,89746
2025-01-01 11:35:00,1779.0,1781.6,1778.15,1780.9,74337
2025-01-01 11:45:00,1781.3,1783.3,1779.5,1779.5,50456
2025-01-01 11:55:00,1779.45,1783.5,1778.1,1783.35,89870
2025-01-01 12:05:00,1783.35,1784.2,1782.25,1783.2,44260
2025-01-01 12:15:00,1783.1,1787.6,1782.65,1786.05,84279
2025-01-01 12:25:00,1786.05,1787.0,1783.15,1783.15,38312
2025-01-01 12:35:00,1783.1,1784.0,1781.55,1782.3,42981
2025-01-01 12:45:00,1782.3,1788.8,1781.85,1785.2,111999
2025-01-01 12:55:00,1785.0,1785.65,1782.55,1783.75,33577
2025-01-01 13:05:00,1783.75,1783.95,1782.0,1782.15,33908
2025-01-01 13:15:00,1782.45,1784.9,1781.95,1784.15,25894
2025-01-01 13:25:00,1784.15,1785.6,1783.85,1784.3,33068
2025-01-01 13:35:00,1784.3,1787.0,1783.1,1785.2,120648
2025-01-01 13:45:00,1785.2,1788.5,1785.0,1787.75,96017
2025-01-01 13:55:00,1787.75,1794.0,1787.4,1792.45,170674
2025-01-01 14:05:00,1791.85,1792.5,1789.2,1790.2,154104
2025-01-01 14:15:00,1790.25,1790.35,1788.0,1789.9,94523
2025-01-01 14:25:00,1789.9,1790.0,1787.2,1787.65,102261
2025-01-01 14:35:00,1787.7,1788.95,1786.4,1786.5,102574
2025-01-01 14:45:00,1786.45,1786.65,1782.95,1783.05,168308
2025-01-01 14:55:00,1783.05,1783.6,1779.5,1782.45,147982
2025-01-01 15:05:00,1782.45,1784.0,1779.5,1782.2,206205
2025-01-01 15:15:00,1782.2,1786.45,1781.0,1786.0,200753
2025-01-01 15:25:00,1786.0,1786.25,1783.25,1784.95,86701
2025-01-02 09:15:00,1777.1,1781.25,1773.0,1779.75,468209
2025-01-02 09:25:00,1779.65,1782.2,1777.25,1780.2,95909
2025-01-02 09:35:00,1780.2,1785.85,1780.15,1781.75,120804
2025-01-02 09:45:00,1781.75,1784.15,1779.2,1781.85,75367
2025-01-02 09:55:00,1782.1,1786.1,1782.1,1785.4,153568
2025-01-02 10:05:00,1785.4,1789.0,1785.35,1786.75,133614
2025-01-02 10:15:00,1786.25,1791.8,1786.25,1790.35,150588
2025-01-02 10:25:00,1790.35,1792.0,1789.05,1790.25,126425
2025-01-02 10:35:00,1790.25,1792.0,1788.7,1790.45,104731
2025-01-02 10:45:00,1790.15,1793.1,1788.3,1790.0,228660
2025-01-02 10:55:00,1790.0,1792.0,1789.6,1790.3,131143
2025-01-02 11:05:00,1790.35,1791.7,1787.65,1789.7,143073
2025-01-02 11:15:00,1789.7,1791.95,1788.15,1789.3,97296
2025-01-02 11:25:00,1789.3,1792.7,1789.1,1792.7,190049
2025-01-02 11:35:00,1792.3,1792.75,1788.25,1789.1,165260
2025-01-02 11:45:00,1789.0,1789.05,1785.05,1786.0,111335
2025-01-02 11:55:00,1786.0,1788.0,1785.0,1785.55,57751
2025-01-02 12:05:00,1785.55,1786.2,1784.0,1785.2,74720
2025-01-02 12:15:00,1785.0,1785.7,1782.3,1785.2,149789
2025-01-02 12:25:00,1785.1,1792.15,1785.1,1789.75,366380
2025-01-02 12:35:00,1789.4,1790.45,1787.7,1789.45,336500
2025-01-02 12:45:00,1789.65,1790.45,1785.6,1788.25,263949
2025-01-02 12:55:00,1788.25,1792.2,1787.55,1791.0,206405
2025-01-02 13:05:00,1790.25,1792.6,1789.7,1791.4,143086
2025-01-02 13:15:00,1790.8,1796.75,1790.15,1796.25,450926
2025-01-02 13:25:00,1796.25,1799.1,1795.0,1796.5,484828
2025-01-02 13:35:00,1796.5,1799.8,1794.0,1798.8,420965
2025-01-02 13:45:00,1798.8,1803.1,1795.2,1796.75,428691
2025-01-02 13:55:00,1796.85,1797.05,1792.35,1793.2,169209
2025-01-02 14:05:00,1793.0,1796.0,1792.5,1794.1,112994
2025-01-02 14:15:00,1794.1,1797.35,1793.95,1795.75,229303
2025-01-02 14:25:00,1795.6,1801.0,1793.75,1801.0,222208
2025-01-02 14:35:00,1800.95,1803.45,1800.0,1800.5,344086
2025-01-02 14:45:00,1800.45,1801.65,1799.65,1800.05,177055
2025-01-02 14:55:00,1800.0,1800.85,1793.3,1794.4,632045
2025-01-02 15:05:00,1794.4,1795.0,1791.5,1792.35,602060
2025-01-02 15:15:00,1792.25,1793.85,1792.05,1792.55,598732
2025-01-02 15:25:00,1792.45,1793.55,1792.2,1792.35,188815
2025-01-03 09:15:00,1791.0,1795.25,1786.15,1787.65,389525
2025-01-03 09:25:00,1787.55,1787.75,1779.9,1780.75,226632
2025-01-03 09:35:00,1780.4,1781.05,1775.65,1776.0,262321
2025-01-03 09:45:00,1775.5,1778.0,1773.75,1774.1,163364
2025-01-03 09:55:00,1774.1,1774.45,1769.6,1770.85,360196
2025-01-03 10:05:00,1771.0,1772.0,1766.25,1767.05,208646
2025-01-03 10:15:00,1767.05,1769.5,1766.25,1768.7,98543
2025-01-03 10:25:00,1768.7,1768.75,1758.1,1758.95,357902
2025-01-03 10:35:00,1758.85,1759.5,1754.7,1757.05,303614
2025-01-03 10:45:00,1757.5,1759.7,1755.95,1757.3,235359
2025-01-03 10:55:00,1757.05,1758.9,1753.55,1755.0,352489
2025-01-03 11:05:00,1755.35,1760.7,1755.0,1760.1,308019
2025-01-03 11:15:00,1760.0,1767.35,1758.3,1767.05,318309
2025-01-03 11:25:00,1766.95,1767.95,1760.3,1761.9,186738
2025-01-03 11:35:00,1762.15,1765.4,1761.75,1763.8,317036
2025-01-03 11:45:00,1763.8,1764.25,1761.1,1762.15,248041
2025-01-03 11:55:00,1762.25,1763.5,1761.05,1763.0,214352
2025-01-03 12:05:00,1763.05,1763.05,1758.6,1760.1,139796
2025-01-03 12:15:00,1760.1,1760.6,1756.05,1756.45,167499
2025-01-03 12:25:00,1756.45,1757.4,1754.0,1755.15,166236
2025-01-03 12:35:00,1755.15,1756.45,1754.0,1755.0,157905
2025-01-03 12:45:00,1755.45,1756.5,1750.5,1755.9,847072
2025-01-03 12:55:00,1755.9,1761.85,1755.0,1761.35,191603
2025-01-03 13:05:00,1761.15,1762.0,1759.2,1759.6,184152
2025-01-03 13:15:00,1759.6,1760.85,1757.55,1759.5,180620
2025-01-03 13:25:00,1759.05,1759.85,1756.95,1757.3,129434
2025-01-03 13:35:00,1757.15,1757.5,1755.4,1755.8,196028
2025-01-03 13:45:00,1755.8,1756.0,1754.3,1754.9,149384
2025-01-03 13:55:00,1754.9,1754.9,1750.0,1751.25,329916
2025-01-03 14:05:00,1751.1,1754.0,1750.3,1752.8,252214
2025-01-03 14:15:00,1753.2,1756.2,1752.1,1755.0,252141
2025-01-03 14:25:00,1755.55,1756.8,1751.45,1753.25,202224
2025-01-03 14:35:00,1753.45,1755.7,1753.0,1753.1,241914
2025-01-03 14:45:00,1753.45,1755.25,1752.2,1753.55,355138
2025-01-03 14:55:00,1753.5,1754.15,1748.2,1748.85,868826
2025-01-03 15:05:00,1748.8,1750.9,1746.3,1748.9,1077012
2025-01-03 15:15:00,1748.9,1751.4,1748.0,1748.1,1022147
2025-01-03 15:25:00,1748.15,1748.8,1747.1,1748.4,338271
2025-01-06 09:15:00,1740.1,1757.2,1736.3,1755.25,1683260
2025-01-06 09:25:00,1755.65,1757.2,1743.0,1745.1,280699
2025-01-06 09:35:00,1744.95,1748.65,1741.05,1746.6,276450
2025-01-06 09:45:00,1746.6,1749.0,1743.25,1746.1,330552
2025-01-06 09:55:00,1745.95,1748.3,1742.85,1743.45,176519
2025-01-06 10:05:00,1743.45,1745.0,1740.8,1742.45,133815
2025-01-06 10:15:00,1742.0,1744.2,1739.1,1739.65,72365
2025-01-06 10:25:00,1739.15,1740.5,1734.15,1735.05,142206
2025-01-06 10:35:00,1735.15,1736.0,1727.6,1728.55,157003
2025-01-06 10:45:00,1728.9,1733.45,1728.1,1729.0,110146
2025-01-06 10:55:00,1729.0,1731.45,1728.0,1729.55,97181
2025-01-06 11:05:00,1729.55,1730.85,1723.05,1724.85,144257
2025-01-06 11:15:00,1724.85,1728.45,1723.6,1726.6,151101
2025-01-06 11:25:00,1726.4,1727.5,1723.15,1723.15,102612
2025-01-06 11:35:00,1723.05,1724.45,1718.15,1718.8,262267
2025-01-06 11:45:00,1718.75,1721.45,1713.7,1716.05,368404
2025-01-06 11:55:00,1716.1,1720.45,1714.05,1718.5,292596
2025-01-06 12:05:00,1718.3,1719.95,1717.0,1717.4,107936
2025-01-06 12:15:00,1717.5,1720.0,1714.35,1715.1,142058
2025-01-06 12:25:00,1715.05,1716.0,1711.45,1712.9,132205
2025-01-06 12:35:00,1712.8,1718.5,1712.5,1715.6,183083
2025-01-06 12:45:00,1715.2,1717.85,1714.7,1716.0,140455
2025-01-06 12:55:00,1715.25,1718.5,1714.2,1715.5,176551
2025-01-06 13:05:00,1716.0,1717.85,1713.5,1715.3,174419
2025-01-06 13:15:00,1715.3,1715.3,1710.4,1711.75,171003
2025-01-06 13:25:00,1711.3,1712.95,1710.05,1711.25,168383
2025-01-06 13:35:00,1711.3,1715.45,1710.7,1714.4,166293
2025-01-06 13:45:00,1713.95,1714.95,1710.0,1710.0,142332
2025-01-06 13:55:00,1710.0,1713.0,1709.2,1710.8,133933
2025-01-06 14:05:00,1711.25,1712.7,1706.05,1706.95,188304
2025-01-06 14:15:00,1706.35,1709.45,1705.8,1707.75,239197
2025-01-06 14:25:00,1707.25,1709.55,1707.0,1708.9,186481
2025-01-06 14:35:00,1709.15,1710.6,1707.0,1708.8,270571
2025-01-06 14:45:00,1709.1,1710.5,1707.55,1709.7,194455
2025-01-06 14:55:00,1709.55,1710.55,1706.5,1709.0,276082
2025-01-06 15:05:00,1709.0,1710.55,1708.1,1709.1,430053
2025-01-06 15:15:00,1709.0,1713.4,1708.75,1711.55,554268
2025-01-06 15:25:00,1711.95,1712.6,1710.2,1711.0,161290
2025-01-07 09:15:00,1715.0,1721.0,1710.0,1712.5,756087
2025-01-07 09:25:00,1712.95,1717.2,1711.3,1714.7,222842
2025-01-07 09:35:00,1714.7,1715.0,1711.2,1711.75,124853
2025-01-07 09:45:00,1711.7,1711.7,1704.0,1707.2,208702
2025-01-07 09:55:00,1707.3,1709.2,1703.15,1703.25,132086
2025-01-07 10:05:00,1703.1,1711.1,1700.0,1711.1,319510
2025-01-07 10:15:00,1711.4,1712.95,1708.75,1709.35,116393
2025-01-07 10:25:00,1709.6,1712.95,1708.75,1709.9,145879
2025-01-07 10:35:00,1709.9,1711.45,1706.8,1709.2,88289
2025-01-07 10:45:00,1709.2,1711.85,1707.0,1708.1,88379
2025-01-07 10:55:00,1708.1,1712.7,1707.5,1712.2,133108
2025-01-07 11:05:00,1712.2,1712.8,1710.35,1711.6,142140
2025-01-07 11:15:00,1711.6,1712.5,1709.35,1712.2,114371
2025-01-07 11:25:00,1712.45,1717.75,1711.45,1717.05,220902
2025-01-07 11:35:00,1717.0,1718.85,1715.0,1715.0,81672
2025-01-07 11:45:00,1715.0,1716.7,1714.55,1715.95,123486
2025-01-07 11:55:00,1715.95,1716.45,1713.2,1713.55,57652
2025-01-07 12:05:00,1713.65,1714.95,1713.15,1713.8,62592
2025-01-07 12:15:00,1714.2,1716.0,1713.95,1715.35,58737
2025-01-07 12:25:00,1715.35,1716.45,1714.55,1715.0,111307
2025-01-07 12:35:00,1715.1,1716.8,1714.25,1714.55,102006
2025-01-07 12:45:00,1714.55,1715.95,1713.0,1713.65,110564
2025-01-07 12:55:00,1713.65,1714.35,1712.35,1712.85,109663
2025-01-07 13:05:00,1713.05,1714.8,1712.85,1713.9,85739
2025-01-07 13:15:00,1713.9,1715.4,1713.25,1714.15,86819
2025-01-07 13:25:00,1714.15,1717.3,1714.05,1717.3,135852
2025-01-07 13:35:00,1716.75,1717.2,1714.55,1715.05,89468
2025-01-07 13:45:00,1715.05,1715.8,1712.0,1712.65,108181
2025-01-07 13:55:00,1712.65,1713.6,1711.15,1712.35,97289
2025-01-07 14:05:00,1712.35,1714.85,1711.2,1714.3,104833
2025-01-07 14:15:00,1714.3,1715.0,1712.75,1713.25,93091
2025-01-07 14:25:00,1713.25,1714.45,1712.3,1714.45,84605
2025-01-07 14:35:00,1714.4,1714.4,1712.1,1712.45,146444
2025-01-07 14:45:00,1712.45,1713.7,1710.1,1712.8,308767
2025-01-07 14:55:00,1712.75,1714.0,1711.2,1712.05,394861
2025-01-07 15:05:00,1712.05,1714.15,1712.0,1714.0,540406
2025-01-07 15:15:00,1714.05,1715.4,1711.8,1712.75,561537
2025-01-07 15:25:00,1712.75,1713.95,1711.1,1712.0,161511
2025-01-08 09:15:00,1708.25,1711.65,1701.05,1702.05,638075
2025-01-08 09:25:00,1702.1,1702.45,1698.25,1698.25,285912
2025-01-08 09:35:00,1698.25,1704.45,1697.55,1702.65,286595
2025-01-08 09:45:00,1702.6,1703.5,1699.45,1702.45,232974
2025-01-08 09:55:00,1702.45,1704.0,1700.0,1700.65,250270
2025-01-08 10:05:00,1700.4,1700.4,1695.65,1696.8,316200
2025-01-08 10:15:00,1696.85,1699.6,1692.8,1693.2,300250
2025-01-08 10:25:00,1693.35,1693.5,1690.5,1692.0,238872
2025-01-08 10:35:00,1692.0,1692.5,1685.45,1685.45,206602
2025-01-08 10:45:00,1685.45,1690.05,1685.35,1688.8,196077
2025-01-08 10:55:00,1688.8,1692.1,1687.55,1691.95,191691
2025-01-08 11:05:00,1691.95,1693.8,1691.55,1692.1,165983
2025-01-08 11:15:00,1691.95,1693.65,1689.35,1691.3,386558
2025-01-08 11:25:00,1691.3,1695.0,1691.0,1694.35,155450
2025-01-08 11:35:00,1694.2,1695.1,1691.35,1691.9,159643
2025-01-08 11:45:00,1691.65,1692.45,1690.5,1690.95,102840
2025-01-08 11:55:00,1690.95,1692.1,1688.2,1688.6,184071
2025-01-08 12:05:00,1688.55,1689.95,1687.15,1687.55,151138
2025-01-08 12:15:00,1687.2,1689.5,1687.15,1687.6,167576
2025-01-08 12:25:00,1688.15,1688.15,1685.0,1686.0,216347
2025-01-08 12:35:00,1686.0,1687.45,1683.35,1687.3,250585
2025-01-08 12:45:00,1687.45,1688.05,1685.15,1686.95,109408
2025-01-08 12:55:00,1687.3,1688.25,1685.45,1687.0,296775
2025-01-08 13:05:00,1687.05,1687.4,1685.2,1685.6,259511
2025-01-08 13:15:00,1685.6,1688.0,1684.05,1687.9,195278
2025-01-08 13:25:00,1687.85,1691.0,1687.75,1690.05,179298
2025-01-08 13:35:00,1690.05,1692.65,1688.35,1692.1,248124
2025-01-08 13:45:00,1692.2,1695.0,1691.2,1693.35,262257
2025-01-08 13:55:00,1693.35,1694.65,1691.5,1692.5,288899
2025-01-08 14:05:00,1692.5,1696.55,1691.8,1695.15,203825
2025-01-08 14:15:00,1695.4,1698.0,1695.0,1697.35,231746
2025-01-08 14:25:00,1697.35,1698.0,1692.7,1695.25,311637
2025-01-08 14:35:00,1695.25,1696.95,1694.4,1696.5,202223
2025-01-08 14:45:00,1696.7,1697.0,1694.55,1695.75,204255
2025-01-08 14:55:00,1695.75,1696.3,1692.75,1694.2,359052
2025-01-08 15:05:00,1694.2,1695.5,1693.0,1694.25,567268
2025-01-08 15:15:00,1694.25,1695.15,1693.1,1694.7,509836
2025-01-08 15:25:00,1694.65,1696.3,1692.2,1694.2,198621
2025-01-09 09:15:00,1684.15,1689.0,1678.2,1686.2,1048636
2025-01-09 09:25:00,1686.1,1686.4,1679.35,1679.95,486002
2025-01-09 09:35:00,1680.0,1682.5,1679.6,1680.75,217100
2025-01-09 09:45:00,1680.9,1683.5,1679.7,1680.6,310424
2025-01-09 09:55:00,1680.5,1682.0,1676.5,1676.95,276191
2025-01-09 10:05:00,1676.85,1678.75,1674.4,1677.45,357844
2025-01-09 10:15:00,1677.45,1677.95,1674.5,1676.15,403045
2025-01-09 10:25:00,1676.1,1677.45,1672.4,1673.65,328219
2025-01-09 10:35:00,1673.65,1676.7,1673.5,1673.65,244577
2025-01-09 10:45:00,1673.6,1674.25,1668.25,1669.75,500264
2025-01-09 10:55:00,1669.75,1670.8,1666.4,1667.2,460755
2025-01-09 11:05:00,1667.4,1668.05,1666.0,1668.0,369409
2025-01-09 11:15:00,1668.05,1669.1,1666.55,1668.1,269649
2025-01-09 11:25:00,1668.05,1671.0,1667.35,1670.15,261579
2025-01-09 11:35:00,1670.15,1671.55,1668.65,1669.4,239595
2025-01-09 11:45:00,1669.25,1670.15,1667.05,1668.7,300218
2025-01-09 11:55:00,1668.55,1670.5,1667.55,1668.0,283796
2025-01-09 12:05:00,1667.9,1668.5,1662.1,1667.85,792725
2025-01-09 12:15:00,1667.9,1672.75,1667.4,1668.05,596421
2025-01-09 12:25:00,1667.75,1670.5,1666.3,1667.05,301581
2025-01-09 12:35:00,1667.05,1667.35,1664.0,1664.4,212354
2025-01-09 12:45:00,1664.3,1664.7,1660.0,1660.05,384113
2025-01-09 12:55:00,1659.85,1661.15,1658.1,1660.5,572878
2025-01-09 13:05:00,1660.45,1662.8,1660.0,1662.2,310555
2025-01-09 13:15:00,1662.2,1663.8,1660.5,1660.85,547533
2025-01-09 13:25:00,1660.9,1661.7,1659.05,1659.95,440837
2025-01-09 13:35:00,1659.95,1661.85,1659.0,1660.0,482473
2025-01-09 13:45:00,1660.0,1661.75,1659.2,1660.0,504871
2025-01-09 13:55:00,1660.0,1662.4,1659.0,1661.4,675406
2025-01-09 14:05:00,1661.4,1664.1,1661.25,1663.55,626257
2025-01-09 14:15:00,1663.55,1665.0,1661.2,1663.25,496424
2025-01-09 14:25:00,1663.25,1664.0,1661.75,1662.6,643131
2025-01-09 14:35:00,1662.35,1665.0,1661.65,1663.5,759900
2025-01-09 14:45:00,1663.5,1664.3,1661.9,1663.75,780822
2025-01-09 14:55:00,1663.9,1666.95,1663.05,1666.65,994595
2025-01-09 15:05:00,1666.3,1669.0,1665.6,1668.45,1386170
2025-01-09 15:15:00,1668.75,1669.5,1667.45,1667.95,1596649
2025-01-09 15:25:00,1668.4,1668.8,1667.15,1668.8,363953
2025-01-10 09:15:00,1671.0,1674.1,1665.85,1672.75,1252041
2025-01-10 09:25:00,1672.75,1674.9,1665.15,1665.65,395549
2025-01-10 09:35:00,1665.65,1670.0,1663.3,1669.8,185638
2025-01-10 09:45:00,1669.9,1669.9,1665.85,1666.2,98830
2025-01-10 09:55:00,1666.0,1668.5,1662.25,1662.9,109278
2025-01-10 10:05:00,1662.8,1667.9,1660.25,1667.45,148512
2025-01-10 10:15:00,1667.45,1671.0,1666.9,1670.65,200097
2025-01-10 10:25:00,1670.65,1670.65,1666.4,1667.85,134455
2025-01-10 10:35:00,1667.85,1669.5,1664.25,1667.85,81827
2025-01-10 10:45:00,1667.75,1670.0,1665.85,1668.2,93591
2025-01-10 10:55:00,1668.1,1670.95,1667.9,1669.8,236352
2025-01-10 11:05:00,1669.7,1670.95,1668.05,1670.5,223061
2025-01-10 11:15:00,1670.45,1674.65,1668.55,1669.6,489676
2025-01-10 11:25:00,1669.3,1672.0,1667.2,1670.7,238605
2025-01-10 11:35:00,1670.8,1671.0,1665.75,1666.8,61755
2025-01-10 11:45:00,1666.8,1668.75,1666.05,1667.7,47312
2025-01-10 11:55:00,1667.5,1670.0,1666.5,1668.95,61008
2025-01-10 12:05:00,1668.6,1670.5,1667.55,1669.95,104632
2025-01-10 12:15:00,1669.95,1670.95,1667.85,1668.75,405040
2025-01-10 12:25:00,1668.5,1669.8,1667.0,1667.8,71204
2025-01-10 12:35:00,1667.65,1669.0,1666.8,1668.8,65464
2025-01-10 12:45:00,1668.65,1669.0,1666.85,1667.5,82822
2025-01-10 12:55:00,1667.5,1667.7,1664.55,1664.95,97372
2025-01-10 13:05:00,1664.95,1666.7,1663.4,1664.0,78382
2025-01-10 13:15:00,1664.0,1664.55,1662.0,1664.5,118636
2025-01-10 13:25:00,1664.5,1665.0,1660.4,1662.35,104479
2025-01-10 13:35:00,1662.3,1665.0,1661.75,1664.15,112408
2025-01-10 13:45:00,1664.15,1666.55,1663.45,1665.0,134796
2025-01-10 13:55:00,1664.9,1665.9,1663.75,1664.1,79557
2025-01-10 14:05:00,1664.3,1665.55,1661.0,1661.0,123200
2025-01-10 14:15:00,1661.0,1662.0,1658.65,1660.15,188002
2025-01-10 14:25:00,1659.55,1660.15,1655.0,1658.8,207159
2025-01-10 14:35:00,1659.0,1659.95,1655.55,1658.0,1088332
2025-01-10 14:45:00,1658.05,1659.2,1656.3,1657.3,150931
2025-01-10 14:55:00,1657.35,1658.75,1654.0,1655.25,355237
2025-01-10 15:05:00,1655.45,1658.15,1654.35,1654.55,456172
2025-01-10 15:15:00,1655.3,1658.95,1655.3,1655.85,454891
2025-01-10 15:25:00,1655.5,1659.15,1654.35,1658.0,193997
2025-01-13 09:15:00,1640.0,1643.3,1632.7,1637.8,957467
2025-01-13 09:25:00,1637.7,1638.3,1631.85,1634.7,202891
2025-01-13 09:35:00,1634.7,1634.9,1626.0,1629.4,240258
2025-01-13 09:45:00,1629.3,1629.65,1624.3,1625.35,177694
2025-01-13 09:55:00,1625.2,1637.45,1625.15,1636.65,251548
2025-01-13 10:05:00,1636.75,1636.8,1633.35,1636.15,152435
2025-01-13 10:15:00,1637.35,1639.25,1634.45,1638.9,244279
2025-01-13 10:25:00,1638.9,1643.9,1637.7,1642.55,239897
2025-01-13 10:35:00,1642.6,1642.9,1635.0,1638.4,194123
2025-01-13 10:45:00,1637.85,1640.0,1634.85,1637.0,253051
2025-01-13 10:55:00,1637.0,1637.3,1634.75,1635.35,153545
2025-01-13 11:05:00,1635.35,1642.7,1635.0,1641.7,256956
2025-01-13 11:15:00,1641.7,1646.75,1641.1,1643.8,249912
2025-01-13 11:25:00,1643.35,1644.4,1640.0,1640.95,158911
2025-01-13 11:35:00,1640.95,1641.05,1636.85,1638.05,200902
2025-01-13 11:45:00,1637.8,1639.7,1635.4,1635.95,176179
2025-01-13 11:55:00,1635.85,1637.6,1634.3,1636.5,234533
2025-01-13 12:05:00,1636.3,1638.1,1635.0,1637.3,124522
2025-01-13 12:15:00,1637.3,1639.2,1636.4,1638.65,140685
2025-01-13 12:25:00,1638.6,1639.5,1637.25,1639.15,121035
2025-01-13 12:35:00,1638.85,1640.75,1637.95,1639.55,154222
2025-01-13 12:45:00,1639.55,1640.45,1638.2,1638.95,162237
2025-01-13 12:55:00,1638.95,1639.85,1635.25,1635.6,198413
2025-01-13 13:05:00,1635.25,1637.55,1634.55,1635.75,160789
2025-01-13 13:15:00,1635.9,1636.5,1635.0,1635.3,122595
2025-01-13 13:25:00,1635.3,1638.5,1635.0,1637.65,132379
2025-01-13 13:35:00,1637.6,1637.9,1635.1,1636.25,139357
2025-01-13 13:45:00,1636.7,1637.95,1635.0,1635.0,165820
2025-01-13 13:55:00,1635.4,1635.85,1634.05,1635.05,206460
2025-01-13 14:05:00,1635.0,1635.45,1631.0,1632.0,207565
2025-01-13 14:15:00,1631.95,1632.4,1628.65,1629.75,481357
2025-01-13 14:25:00,1629.55,1633.1,1629.0,1632.5,430973
2025-01-13 14:35:00,1632.5,1633.9,1630.95,1631.0,437018
2025-01-13 14:45:00,1631.0,1632.0,1628.55,1631.45,243259
2025-01-13 14:55:00,1631.4,1632.25,1628.6,1629.0,435988
2025-01-13 15:05:00,1629.0,1633.3,1628.05,1632.35,744538
2025-01-13 15:15:00,1632.5,1633.3,1629.0,1630.6,1221872
2025-01-13 15:25:00,1630.6,1632.9,1630.0,1632.1,283569
2025-01-14 09:15:00,1639.9,1646.4,1637.0,1641.9,450745
2025-01-14 09:25:00,1641.7,1647.0,1640.65,1644.95,312190
2025-01-14 09:35:00,1644.55,1647.7,1643.25,1645.65,360136
2025-01-14 09:45:00,1645.65,1655.95,1645.0,1651.4,1083847
2025-01-14 09:55:00,1651.4,1651.45,1646.45,1647.2,195721
2025-01-14 10:05:00,1646.85,1647.2,1644.75,1644.95,170114
2025-01-14 10:15:00,1644.95,1646.1,1642.9,1645.35,201929
2025-01-14 10:25:00,1645.5,1649.3,1644.85,1646.5,296460
2025-01-14 10:35:00,1646.55,1651.0,1646.4,1650.25,173495
2025-01-14 10:45:00,1650.25,1654.45,1649.5,1652.35,267511
2025-01-14 10:55:00,1652.35,1653.6,1649.3,1651.0,484594
2025-01-14 11:05:00,1651.1,1654.75,1651.0,1652.9,441614
2025-01-14 11:15:00,1652.7,1653.45,1647.05,1648.8,145911
2025-01-14 11:25:00,1648.8,1649.9,1645.1,1645.1,112341
2025-01-14 11:35:00,1645.0,1646.7,1643.65,1644.0,411995
2025-01-14 11:45:00,1643.55,1644.05,1639.1,1640.0,625316
2025-01-14 11:55:00,1639.75,1644.0,1639.75,1642.2,361760
2025-01-14 12:05:00,1642.8,1643.85,1640.6,1642.0,178360
2025-01-14 12:15:00,1642.0,1642.75,1640.25,1641.0,159901
2025-01-14 12:25:00,1641.0,1644.3,1640.5,1643.8,129785
2025-01-14 12:35:00,1643.7,1645.45,1642.95,1643.7,157226
2025-01-14 12:45:00,1643.65,1645.5,1643.55,1644.55,149727
2025-01-14 12:55:00,1644.55,1646.9,1643.65,1645.0,196567
2025-01-14 13:05:00,1645.1,1646.3,1644.7,1646.25,194873
2025-01-14 13:15:00,1646.25,1647.8,1646.15,1647.6,146651
2025-01-14 13:25:00,1647.6,1648.85,1647.1,1647.5,169174
2025-01-14 13:35:00,1647.35,1647.5,1645.0,1645.8,190424
2025-01-14 13:45:00,1645.7,1647.1,1643.9,1647.0,253591
2025-01-14 13:55:00,1647.0,1647.75,1645.2,1646.75,231931
2025-01-14 14:05:00,1646.75,1654.3,1646.7,1653.65,415879
2025-01-14 14:15:00,1653.8,1656.2,1652.5,1653.05,640322
2025-01-14 14:25:00,1653.0,1653.8,1648.75,1648.8,311775
2025-01-14 14:35:00,1648.8,1648.85,1645.3,1646.5,367308
2025-01-14 14:45:00,1646.55,1648.0,1642.9,1645.1,365796
2025-01-14 14:55:00,1645.1,1647.2,1642.0,1643.7,748305
2025-01-14 15:05:00,1643.7,1647.9,1643.0,1647.1,950283
2025-01-14 15:15:00,1646.7,1650.55,1646.6,1650.2,864604
2025-01-14 15:25:00,1650.2,1652.95,1649.0,1650.75,263361
2025-01-15 09:15:00,1656.5,1657.0,1644.6,1645.05,463965
2025-01-15 09:25:00,1645.05,1650.0,1645.0,1649.7,242033
2025-01-15 09:35:00,1649.9,1650.25,1645.25,1650.25,192349
2025-01-15 09:45:00,1650.2,1655.05,1649.9,1654.7,271468
2025-01-15 09:55:00,1654.7,1654.95,1649.75,1650.95,351478
2025-01-15 10:05:00,1650.95,1655.4,1650.25,1654.5,245041
2025-01-15 10:15:00,1654.5,1656.25,1653.7,1655.8,228599
2025-01-15 10:25:00,1655.8,1659.15,1654.25,1658.9,135146
2025-01-15 10:35:00,1658.9,1662.7,1658.9,1660.75,209302
2025-01-15 10:45:00,1660.65,1661.3,1659.15,1660.25,163342
2025-01-15 10:55:00,1660.0,1660.2,1653.55,1654.2,122620
2025-01-15 11:05:00,1654.2,1654.2,1652.0,1653.5,93002
2025-01-15 11:15:00,1653.5,1654.7,1652.1,1653.65,58844
2025-01-15 11:25:00,1653.65,1654.05,1647.85,1648.9,103619
2025-01-15 11:35:00,1648.85,1649.9,1647.0,1647.9,73491
2025-01-15 11:45:00,1647.9,1651.4,1647.4,1651.4,64974
2025-01-15 11:55:00,1651.4,1653.55,1650.0,1650.3,72965
2025-01-15 12:05:00,1650.25,1652.8,1650.25,1651.35,55023
2025-01-15 12:15:00,1651.15,1651.5,1647.8,1647.9,98612
2025-01-15 12:25:00,1647.85,1649.65,1647.5,1647.95,85332
2025-01-15 12:35:00,1648.0,1650.95,1647.95,1649.8,79100
2025-01-15 12:45:00,1649.8,1650.0,1648.15,1649.15,84605
2025-01-15 12:55:00,1649.15,1649.15,1646.6,1647.4,111221
2025-01-15 13:05:00,1647.35,1647.6,1645.65,1646.2,84589
2025-01-15 13:15:00,1646.2,1646.25,1641.25,1642.65,173987
2025-01-15 13:25:00,1642.3,1644.15,1636.95,1638.65,162716
2025-01-15 13:35:00,1638.45,1640.85,1636.3,1639.25,124709
2025-01-15 13:45:00,1639.05,1639.9,1637.7,1638.35,79790
2025-01-15 13:55:00,1638.6,1640.8,1638.4,1640.0,84719
2025-01-15 14:05:00,1640.15,1641.25,1639.4,1640.5,75374
2025-01-15 14:15:00,1640.5,1642.9,1640.5,1641.0,76705
2025-01-15 14:25:00,1641.0,1643.0,1640.5,1642.6,110992
2025-01-15 14:35:00,1642.6,1646.3,1642.5,1646.0,131052
2025-01-15 14:45:00,1646.05,1647.95,1645.3,1647.85,178115
2025-01-15 14:55:00,1647.85,1649.5,1643.25,1645.0,374256
2025-01-15 15:05:00,1644.85,1645.2,1640.8,1641.5,585500
2025-01-15 15:15:00,1641.55,1644.4,1640.5,1643.95,514438
2025-01-15 15:25:00,1644.0,1646.75,1643.85,1645.7,194310
2025-01-16 09:15:00,1652.85,1660.55,1648.1,1654.6,671465
2025-01-16 09:25:00,1654.6,1657.85,1650.8,1656.15,140665
2025-01-16 09:35:00,1656.15,1656.4,1649.8,1650.1,220746
2025-01-16 09:45:00,1650.5,1651.3,1648.65,1648.65,132457
2025-01-16 09:55:00,1648.65,1650.1,1647.1,1650.1,200884
2025-01-16 10:05:00,1650.1,1650.45,1646.9,1648.9,124144
2025-01-16 10:15:00,1648.9,1650.75,1648.7,1649.7,164732
2025-01-16 10:25:00,1649.75,1649.75,1645.85,1647.4,203964
2025-01-16 10:35:00,1647.25,1649.65,1647.0,1648.05,223297
2025-01-16 10:45:00,1648.0,1649.35,1646.3,1647.25,246033
2025-01-16 10:55:00,1647.75,1651.55,1647.25,1651.2,303123
2025-01-16 11:05:00,1651.2,1652.1,1648.3,1648.95,193641
2025-01-16 11:15:00,1648.9,1648.9,1645.0,1645.85,219416
2025-01-16 11:25:00,1645.55,1646.35,1644.15,1646.2,131439
2025-01-16 11:35:00,1646.15,1651.9,1646.15,1651.45,180260
2025-01-16 11:45:00,1651.8,1652.0,1650.15,1650.6,117495
2025-01-16 11:55:00,1650.95,1653.0,1650.25,1652.0,142490
2025-01-16 12:05:00,1652.0,1652.3,1650.1,1652.3,155007
2025-01-16 12:15:00,1652.3,1652.95,1650.45,1651.75,210348
2025-01-16 12:25:00,1652.2,1653.9,1651.15,1653.9,176059
2025-01-16 12:35:00,1653.55,1654.3,1652.2,1653.95,117193
2025-01-16 12:45:00,1653.5,1655.05,1653.1,1653.6,130384
2025-01-16 12:55:00,1653.85,1658.35,1653.4,1656.6,187426
2025-01-16 13:05:00,1657.25,1657.3,1654.25,1655.85,141689
2025-01-16 13:15:00,1655.9,1655.9,1653.75,1654.85,113388
2025-01-16 13:25:00,1654.8,1656.3,1654.0,1656.05,135950
2025-01-16 13:35:00,1656.05,1656.8,1653.8,1656.15,113480
2025-01-16 13:45:00,1656.15,1657.0,1652.15,1652.95,209682
2025-01-16 13:55:00,1652.95,1654.05,1652.2,1652.35,295097
2025-01-16 14:05:00,1652.4,1653.55,1649.45,1649.85,351158
2025-01-16 14:15:00,1649.85,1650.0,1642.85,1644.55,490068
2025-01-16 14:25:00,1644.5,1647.5,1644.45,1646.15,267569
2025-01-16 14:35:00,1645.9,1647.95,1645.4,1646.55,248976
2025-01-16 14:45:00,1646.15,1648.85,1644.9,1645.15,470320
2025-01-16 14:55:00,1645.25,1652.35,1644.15,1651.95,784630
2025-01-16 15:05:00,1652.05,1654.65,1649.6,1654.5,1031384
2025-01-16 15:15:00,1654.45,1655.0,1651.45,1653.45,951264
2025-01-16 15:25:00,1653.4,1655.8,1651.45,1654.85,312170
2025-01-17 09:15:00,1643.5,1650.5,1642.0,1645.3,671705
2025-01-17 09:25:00,1645.4,1645.6,1639.45,1644.8,323303
2025-01-17 09:35:00,1644.85,1645.8,1634.2,1634.7,211823
2025-01-17 09:45:00,1634.7,1640.4,1634.5,1638.85,93725
2025-01-17 09:55:00,1638.65,1640.85,1637.35,1637.5,94439
2025-01-17 10:05:00,1637.8,1639.5,1637.15,1638.55,55675
2025-01-17 10:15:00,1638.55,1640.85,1637.15,1637.15,139471
2025-01-17 10:25:00,1637.15,1638.4,1635.7,1636.85,143357
2025-01-17 10:35:00,1636.4,1636.9,1632.15,1634.9,148430
2025-01-17 10:45:00,1635.3,1636.4,1630.0,1632.45,232482
2025-01-17 10:55:00,1632.45,1632.45,1628.5,1631.0,185519
2025-01-17 11:05:00,1631.0,1632.85,1630.35,1631.0,130099
2025-01-17 11:15:00,1630.65,1634.2,1630.65,1634.2,154489
2025-01-17 11:25:00,1634.2,1637.5,1633.3,1636.6,128460
2025-01-17 11:35:00,1636.65,1636.9,1635.4,1636.25,74541
2025-01-17 11:45:00,1636.1,1636.25,1633.25,1633.7,112058
2025-01-17 11:55:00,1633.6,1636.7,1632.4,1635.85,218859
2025-01-17 12:05:00,1631.15,1636.7,1631.15,1635.8,1679558
2025-01-17 12:15:00,1635.5,1639.45,1634.35,1636.95,220025
2025-01-17 12:25:00,1636.95,1638.55,1633.65,1638.3,153845
2025-01-17 12:35:00,1638.05,1639.25,1634.0,1636.7,1785858
2025-01-17 12:45:00,1636.7,1638.75,1635.05,1638.7,180078
2025-01-17 12:55:00,1638.0,1639.0,1636.65,1637.2,185347
2025-01-17 13:05:00,1637.2,1637.45,1634.35,1635.0,230005
2025-01-17 13:15:00,1635.05,1635.45,1633.45,1634.4,124145
2025-01-17 13:25:00,1634.2,1636.4,1633.45,1635.4,93992
2025-01-17 13:35:00,1635.3,1636.45,1634.0,1635.1,103646
2025-01-17 13:45:00,1635.05,1635.95,1634.2,1635.0,99864
2025-01-17 13:55:00,1635.0,1638.9,1634.55,1636.75,126596
2025-01-17 14:05:00,1636.5,1636.85,1634.3,1636.85,169314
2025-01-17 14:15:00,1636.8,1637.3,1634.95,1635.85,215381
2025-01-17 14:25:00,1635.8,1637.85,1635.55,1636.3,151079
2025-01-17 14:35:00,1636.0,1638.85,1635.35,1638.35,170495
2025-01-17 14:45:00,1638.35,1638.6,1635.95,1636.15,201359
2025-01-17 14:55:00,1636.15,1638.05,1634.65,1635.5,468789
2025-01-17 15:05:00,1635.2,1637.2,1634.9,1636.3,721354
2025-01-17 15:15:00,1636.35,1638.9,1636.05,1638.45,816250
2025-01-17 15:25:00,1638.5,1638.5,1630.95,1636.7,363060
2025-01-20 09:15:00,1631.1,1634.55,1628.25,1632.25,737401
2025-01-20 09:25:00,1632.55,1639.9,1631.7,1635.6,336463
2025-01-20 09:35:00,1635.6,1642.0,1635.1,1639.3,183605
2025-01-20 09:45:00,1639.3,1641.6,1636.55,1640.75,134089
2025-01-20 09:55:00,1640.25,1642.8,1639.9,1641.55,167249
2025-01-20 10:05:00,1641.55,1642.15,1639.7,1640.95,102712
2025-01-20 10:15:00,1640.85,1645.95,1640.75,1645.2,163442
2025-01-20 10:25:00,1645.2,1645.75,1642.0,1642.8,82179
2025-01-20 10:35:00,1642.95,1646.5,1642.25,1644.4,155596
2025-01-20 10:45:00,1644.4,1646.0,1641.3,1644.55,179243
2025-01-20 10:55:00,1644.4,1645.45,1643.2,1643.6,120959
2025-01-20 11:05:00,1643.65,1645.65,1643.0,1645.65,74933
2025-01-20 11:15:00,1645.9,1660.95,1645.5,1656.95,412007
2025-01-20 11:25:00,1657.0,1658.3,1653.95,1655.3,411932
2025-01-20 11:35:00,1655.7,1656.45,1654.05,1655.1,132434
2025-01-20 11:45:00,1655.1,1655.55,1652.4,1654.45,91898
2025-01-20 11:55:00,1654.4,1654.95,1652.15,1652.6,564628
2025-01-20 12:05:00,1652.6,1652.6,1649.8,1651.15,71726
2025-01-20 12:15:00,1651.15,1654.95,1650.25,1654.55,106126
2025-01-20 12:25:00,1654.55,1654.85,1649.6,1650.0,312824
2025-01-20 12:35:00,1650.0,1654.0,1650.0,1652.4,72636
2025-01-20 12:45:00,1652.3,1655.5,1652.3,1652.35,80204
2025-01-20 12:55:00,1652.7,1653.05,1650.0,1651.4,119749
2025-01-20 13:05:00,1651.4,1656.95,1651.1,1655.7,178599
2025-01-20 13:15:00,1655.65,1658.8,1653.4,1653.5,282743
2025-01-20 13:25:00,1653.75,1653.9,1650.55,1651.45,129473
2025-01-20 13:35:00,1651.85,1652.25,1650.2,1650.95,110443
2025-01-20 13:45:00,1651.3,1652.25,1650.05,1651.8,90830
2025-01-20 13:55:00,1651.75,1652.25,1648.65,1650.0,206746
2025-01-20 14:05:00,1650.0,1652.0,1649.65,1651.95,680426
2025-01-20 14:15:00,1651.95,1653.25,1651.45,1652.55,92525
2025-01-20 14:25:00,1652.55,1652.9,1650.0,1650.5,117032
2025-01-20 14:35:00,1650.8,1652.65,1650.05,1650.35,137960
2025-01-20 14:45:00,1650.35,1652.3,1650.0,1651.15,167264
2025-01-20 14:55:00,1651.8,1652.0,1650.0,1650.5,221234
2025-01-20 15:05:00,1650.45,1653.3,1650.1,1652.25,330152
2025-01-20 15:15:00,1652.15,1652.35,1650.0,1651.7,417884
2025-01-20 15:25:00,1651.7,1653.0,1650.55,1652.95,209345
2025-01-21 09:15:00,1658.25,1661.05,1653.0,1655.5,323627
2025-01-21 09:25:00,1655.3,1655.9,1648.15,1649.4,342794
2025-01-21 09:35:00,1649.5,1653.85,1647.9,1652.45,167897
2025-01-21 09:45:00,1652.45,1655.8,1650.95,1653.0,158119
2025-01-21 09:55:00,1653.0,1653.9,1644.3,1645.4,194161
2025-01-21 10:05:00,1645.3,1646.65,1642.25,1645.25,74330
2025-01-21 10:15:00,1645.25,1646.25,1639.0,1639.6,1200001
2025-01-21 10:25:00,1639.7,1642.5,1637.2,1639.7,200531
2025-01-21 10:35:00,1639.7,1644.5,1639.5,1641.6,403183
2025-01-21 10:45:00,1641.05,1642.75,1640.0,1641.15,50611
2025-01-21 10:55:00,1641.15,1641.3,1635.25,1636.8,81568
2025-01-21 11:05:00,1636.8,1638.2,1633.05,1635.35,82954
2025-01-21 11:15:00,1635.1,1639.25,1634.4,1638.1,180349
2025-01-21 11:25:00,1638.1,1639.95,1636.75,1638.35,298767
2025-01-21 11:35:00,1638.4,1643.9,1638.3,1642.9,206880
2025-01-21 11:45:00,1642.9,1660.2,1642.6,1656.65,1865074
2025-01-21 11:55:00,1656.95,1659.6,1651.65,1652.6,914618
2025-01-21 12:05:00,1652.9,1652.9,1646.05,1647.4,286521
2025-01-21 12:15:00,1647.4,1647.8,1635.25,1635.9,720209
2025-01-21 12:25:00,1636.05,1637.4,1633.3,1635.15,215752
2025-01-21 12:35:00,1635.0,1637.0,1633.8,1636.1,122902
2025-01-21 12:45:00,1636.1,1640.0,1635.15,1639.95,128447
2025-01-21 12:55:00,1639.15,1649.7,1638.9,1648.15,309806
2025-01-21 13:05:00,1648.05,1648.45,1644.7,1646.8,87803
2025-01-21 13:15:00,1646.2,1647.45,1638.3,1642.5,186826
2025-01-21 13:25:00,1642.6,1652.0,1641.9,1647.65,668038
2025-01-21 13:35:00,1647.7,1648.7,1645.5,1647.85,121542
2025-01-21 13:45:00,1647.85,1648.4,1643.1,1644.25,116780
2025-01-21 13:55:00,1644.25,1647.45,1640.6,1647.1,162229
2025-01-21 14:05:00,1646.55,1647.1,1643.3,1644.25,129596
2025-01-21 14:15:00,1644.3,1645.6,1642.35,1644.85,277890
2025-01-21 14:25:00,1644.5,1648.0,1642.4,1643.75,374770
2025-01-21 14:35:00,1643.75,1644.35,1635.4,1638.25,690771
2025-01-21 14:45:00,1637.95,1641.85,1636.75,1639.55,558492
2025-01-21 14:55:00,1639.5,1641.25,1637.7,1640.05,1357534
2025-01-21 15:05:00,1640.05,1645.6,1639.05,1644.45,1061197
2025-01-21 15:15:00,1644.45,1647.05,1642.25,1645.1,703430
2025-01-21 15:25:00,1645.2,1648.3,1644.1,1645.75,421147
2025-01-22 09:15:00,1642.4,1654.9,1639.0,1647.9,627278
2025-01-22 09:25:00,1647.5,1654.0,1647.05,1653.95,235844
2025-01-22 09:35:00,1653.9,1654.25,1645.55,1646.0,326475
2025-01-22 09:45:00,1645.55,1647.8,1640.65,1643.8,356927
2025-01-22 09:55:00,1643.8,1651.0,1643.35,1650.7,179101
2025-01-22 10:05:00,1650.7,1653.0,1650.0,1652.0,109688
2025-01-22 10:15:00,1652.15,1652.75,1649.1,1650.95,95858
2025-01-22 10:25:00,1651.55,1653.1,1644.2,1645.4,1125646
2025-01-22 10:35:00,1645.45,1645.5,1640.2,1641.85,129330
2025-01-22 10:45:00,1641.8,1646.85,1641.25,1646.85,106341
2025-01-22 10:55:00,1646.8,1651.0,1646.4,1646.7,91621
2025-01-22 11:05:00,1646.9,1647.45,1641.85,1642.5,125599
2025-01-22 11:15:00,1642.5,1644.8,1641.05,1643.05,148081
2025-01-22 11:25:00,1643.25,1645.95,1640.0,1641.05,75652
2025-01-22 11:35:00,1641.05,1642.7,1638.05,1640.15,119658
2025-01-22 11:45:00,1640.1,1642.0,1638.55,1640.95,166415
2025-01-22 11:55:00,1640.9,1645.95,1639.15,1644.8,194318
2025-01-22 12:05:00,1644.35,1646.25,1643.0,1645.8,203153
2025-01-22 12:15:00,1645.8,1648.15,1643.2,1645.15,210037
2025-01-22 12:25:00,1645.05,1647.5,1644.5,1645.3,120398
2025-01-22 12:35:00,1645.35,1651.85,1644.75,1646.25,194048
2025-01-22 12:45:00,1646.45,1646.45,1643.0,1643.8,97742
2025-01-22 12:55:00,1643.7,1644.65,1640.25,1640.5,118750
2025-01-22 13:05:00,1641.2,1641.5,1625.45,1634.0,335492
2025-01-22 13:15:00,1634.45,1636.85,1630.9,1631.35,130915
2025-01-22 13:25:00,1631.0,1634.95,1630.5,1632.1,115200
2025-01-22 13:35:00,1632.1,1636.0,1629.0,1630.0,140272
2025-01-22 13:45:00,1630.0,1631.55,1627.35,1630.0,147681
2025-01-22 13:55:00,1630.3,1633.1,1628.9,1631.9,158319
2025-01-22 14:05:00,1631.7,1655.1,1629.0,1653.0,1313795
2025-01-22 14:15:00,1652.75,1663.4,1649.8,1657.6,1116261
2025-01-22 14:25:00,1657.6,1667.5,1651.0,1655.9,1371854
2025-01-22 14:35:00,1656.25,1666.45,1652.5,1662.1,687820
2025-01-22 14:45:00,1661.55,1669.4,1659.4,1666.0,718214
2025-01-22 14:55:00,1665.8,1671.85,1665.0,1670.4,908892
2025-01-22 15:05:00,1670.4,1670.45,1661.95,1665.3,1293174
2025-01-22 15:15:00,1666.0,1667.0,1661.55,1666.25,960499
2025-01-22 15:25:00,1666.0,1671.9,1666.0,1670.1,453402
2025-01-23 09:15:00,1687.0,1687.0,1663.5,1669.2,1906765
2025-01-23 09:25:00,1669.3,1673.15,1665.0,1670.0,577680
2025-01-23 09:35:00,1669.95,1672.4,1666.6,1669.15,541572
2025-01-23 09:45:00,1669.15,1675.65,1668.0,1672.4,319166
2025-01-23 09:55:00,1672.85,1675.85,1670.1,1675.45,530550
2025-01-23 10:05:00,1675.4,1676.2,1672.0,1673.35,585177
2025-01-23 10:15:00,1673.65,1673.65,1668.3,1668.75,195803
2025-01-23 10:25:00,1669.2,1670.95,1667.55,1669.8,259181
2025-01-23 10:35:00,1669.85,1669.85,1666.0,1666.0,192534
2025-01-23 10:45:00,1666.0,1667.25,1657.9,1659.0,420418
2025-01-23 10:55:00,1659.05,1660.85,1656.2,1657.8,313038
2025-01-23 11:05:00,1657.8,1662.3,1656.55,1660.9,337106
2025-01-23 11:15:00,1660.65,1661.35,1658.3,1659.3,616242
2025-01-23 11:25:00,1658.75,1659.0,1653.75,1656.55,317913
2025-01-23 11:35:00,1656.8,1656.95,1651.25,1652.8,371230
2025-01-23 11:45:00,1652.75,1656.6,1652.0,1653.95,274393
2025-01-23 11:55:00,1653.95,1656.0,1653.45,1654.0,212486
2025-01-23 12:05:00,1653.8,1656.7,1653.2,1656.05,203773
2025-01-23 12:15:00,1656.0,1661.9,1655.6,1661.4,277846
2025-01-23 12:25:00,1661.6,1662.45,1659.1,1661.4,193558
2025-01-23 12:35:00,1661.7,1661.7,1658.0,1658.65,388961
2025-01-23 12:45:00,1658.6,1661.9,1657.45,1657.45,311580
2025-01-23 12:55:00,1657.45,1661.55,1657.4,1660.35,1067564
2025-01-23 13:05:00,1660.35,1664.5,1660.0,1663.4,362561
2025-01-23 13:15:00,1663.35,1667.25,1663.1,1665.15,473865
2025-01-23 13:25:00,1665.1,1665.8,1662.55,1663.25,256564
2025-01-23 13:35:00,1663.25,1667.75,1662.7,1666.4,251569
2025-01-23 13:45:00,1666.45,1667.8,1665.2,1666.0,279248
2025-01-23 13:55:00,1666.0,1666.8,1662.0,1662.85,261366
2025-01-23 14:05:00,1662.9,1664.35,1660.4,1663.15,234764
2025-01-23 14:15:00,1663.0,1663.8,1661.1,1661.7,263546
2025-01-23 14:25:00,1661.7,1667.1,1661.45,1666.25,544855
2025-01-23 14:35:00,1666.25,1667.0,1665.4,1665.5,311672
2025-01-23 14:45:00,1665.5,1666.7,1664.5,1664.55,412289
2025-01-23 14:55:00,1664.55,1666.1,1662.55,1665.3,696594
2025-01-23 15:05:00,1665.3,1666.35,1664.5,1665.2,873733
2025-01-23 15:15:00,1665.0,1665.7,1663.85,1665.15,1034149
2025-01-23 15:25:00,1665.2,1665.35,1662.6,1665.2,250665
2025-01-24 09:15:00,1660.0,1666.65,1654.35,1666.15,795133
2025-01-24 09:25:00,1665.9,1666.35,1661.0,1663.95,446466
2025-01-24 09:35:00,1663.9,1665.85,1660.4,1663.35,458300
2025-01-24 09:45:00,1663.3,1663.95,1657.05,1658.2,396380
2025-01-24 09:55:00,1658.2,1662.85,1657.15,1661.4,299238
2025-01-24 10:05:00,1661.4,1664.7,1661.35,1662.9,178806
2025-01-24 10:15:00,1662.9,1664.75,1659.15,1664.2,217771
2025-01-24 10:25:00,1664.2,1667.65,1661.35,1662.2,199926
2025-01-24 10:35:00,1662.2,1666.45,1661.05,1665.0,202910
2025-01-24 10:45:00,1665.0,1666.1,1663.2,1665.7,243537
2025-01-24 10:55:00,1665.7,1668.5,1663.55,1668.1,281556
2025-01-24 11:05:00,1668.0,1670.3,1666.45,1668.95,271287
2025-01-24 11:15:00,1668.9,1669.4,1664.5,1665.8,239859
2025-01-24 11:25:00,1665.7,1666.45,1664.5,1665.15,309031
2025-01-24 11:35:00,1664.75,1668.5,1663.5,1667.65,230121
2025-01-24 11:45:00,1667.55,1667.9,1665.05,1666.25,118574
2025-01-24 11:55:00,1666.25,1667.0,1664.5,1666.15,154382
2025-01-24 12:05:00,1666.0,1666.7,1664.5,1665.95,133178
2025-01-24 12:15:00,1665.9,1667.6,1665.25,1666.45,183216
2025-01-24 12:25:00,1666.45,1667.65,1664.5,1665.3,380006
2025-01-24 12:35:00,1665.2,1665.7,1660.75,1661.55,381209
2025-01-24 12:45:00,1661.25,1663.25,1660.05,1661.35,286856
2025-01-24 12:55:00,1661.2,1661.6,1657.7,1658.05,373348
2025-01-24 13:05:00,1658.1,1658.6,1655.35,1655.5,275372
2025-01-24 13:15:00,1655.7,1656.45,1652.2,1652.95,251781
2025-01-24 13:25:00,1652.75,1654.55,1650.7,1651.55,194289
2025-01-24 13:35:00,1651.55,1655.15,1650.5,1654.1,539216
2025-01-24 13:45:00,1653.95,1656.8,1652.3,1655.95,209921
2025-01-24 13:55:00,1655.75,1657.45,1653.9,1657.15,191860
2025-01-24 14:05:00,1657.1,1660.0,1652.5,1653.15,330526
2025-01-24 14:15:00,1653.1,1654.85,1650.05,1650.35,761311
2025-01-24 14:25:00,1650.35,1654.05,1649.3,1654.05,242896
2025-01-24 14:35:00,1654.0,1654.1,1649.15,1651.65,261128
2025-01-24 14:45:00,1651.35,1651.9,1648.05,1648.35,208365
2025-01-24 14:55:00,1648.35,1650.8,1647.55,1648.55,325650
2025-01-24 15:05:00,1648.65,1651.05,1648.6,1650.1,658725
2025-01-24 15:15:00,1650.0,1651.5,1647.0,1647.05,604813
2025-01-24 15:25:00,1647.05,1648.65,1644.5,1645.0,145821
2025-01-27 09:15:00,1641.1,1643.6,1628.0,1633.0,990253
2025-01-27 09:25:00,1633.0,1636.9,1630.1,1636.9,430208
2025-01-27 09:35:00,1636.85,1639.9,1632.2,1637.35,397252
2025-01-27 09:45:00,1637.35,1638.4,1634.05,1635.65,397372
2025-01-27 09:55:00,1635.2,1636.15,1631.35,1632.45,285096
2025-01-27 10:05:00,1632.4,1636.45,1631.5,1633.75,198700
2025-01-27 10:15:00,1633.75,1635.0,1629.15,1630.6,302406
2025-01-27 10:25:00,1630.6,1631.6,1626.0,1627.45,195164
2025-01-27 10:35:00,1627.5,1630.0,1627.45,1628.25,204240
2025-01-27 10:45:00,1628.4,1633.35,1628.25,1630.65,204702
2025-01-27 10:55:00,1631.45,1634.45,1631.35,1631.95,191128
2025-01-27 11:05:00,1632.05,1634.0,1632.0,1633.2,188867
2025-01-27 11:15:00,1633.2,1636.0,1633.0,1634.7,233347
2025-01-27 11:25:00,1634.2,1634.75,1631.0,1632.4,305173
2025-01-27 11:35:00,1632.4,1632.65,1630.0,1630.0,171264
2025-01-27 11:45:00,1630.1,1631.75,1630.1,1631.1,272642
2025-01-27 11:55:00,1631.1,1632.3,1630.3,1631.65,268913
2025-01-27 12:05:00,1631.75,1632.35,1630.0,1631.25,292325
2025-01-27 12:15:00,1631.1,1634.75,1629.5,1634.6,354703
2025-01-27 12:25:00,1634.6,1634.6,1632.7,1633.45,155071
2025-01-27 12:35:00,1633.45,1635.8,1633.05,1633.85,246582
2025-01-27 12:45:00,1633.95,1635.15,1632.8,1633.05,396178
2025-01-27 12:55:00,1633.1,1634.2,1632.0,1633.45,236810
2025-01-27 13:05:00,1633.3,1635.0,1633.15,1634.15,193611
2025-01-27 13:15:00,1634.15,1635.0,1633.95,1634.15,177350
2025-01-27 13:25:00,1634.15,1634.4,1631.45,1633.0,209691
2025-01-27 13:35:00,1633.0,1634.2,1631.5,1633.65,239948
2025-01-27 13:45:00,1633.65,1634.9,1632.25,1632.25,158944
2025-01-27 13:55:00,1632.25,1634.0,1632.15,1632.7,197675
2025-01-27 14:05:00,1632.3,1633.0,1630.6,1631.95,253857
2025-01-27 14:15:00,1631.9,1633.0,1630.2,1630.55,130346
2025-01-27 14:25:00,1630.55,1631.0,1628.6,1629.8,293578
2025-01-27 14:35:00,1629.8,1631.8,1629.15,1631.1,348771
2025-01-27 14:45:00,1631.1,1632.45,1629.7,1630.85,352434
2025-01-27 14:55:00,1630.85,1630.85,1628.5,1629.15,371342
2025-01-27 15:05:00,1629.15,1633.0,1629.0,1630.45,582979
2025-01-27 15:15:00,1630.45,1630.6,1627.4,1628.25,614911
2025-01-27 15:25:00,1628.1,1630.0,1628.0,1630.0,150426
2025-01-28 09:15:00,1647.0,1655.85,1647.0,1653.1,1122406
2025-01-28 09:25:00,1653.1,1655.45,1649.65,1650.0,487209
2025-01-28 09:35:00,1649.7,1657.8,1648.0,1655.4,574552
2025-01-28 09:45:00,1655.4,1664.4,1655.4,1663.9,420622
2025-01-28 09:55:00,1663.9,1667.0,1661.5,1666.8,478901
2025-01-28 10:05:00,1666.8,1671.65,1666.0,1670.0,825332
2025-01-28 10:15:00,1670.0,1671.0,1666.15,1668.75,503752
2025-01-28 10:25:00,1668.3,1671.1,1667.7,1669.0,477418
2025-01-28 10:35:00,1668.6,1673.85,1668.25,1673.4,448456
2025-01-28 10:45:00,1673.0,1674.9,1671.75,1673.0,263624
2025-01-28 10:55:00,1673.0,1681.0,1672.95,1680.2,836250
2025-01-28 11:05:00,1680.75,1681.65,1676.25,1676.65,374182
2025-01-28 11:15:00,1676.6,1678.3,1675.0,1678.05,436693
2025-01-28 11:25:00,1678.0,1681.0,1677.75,1678.75,355773
2025-01-28 11:35:00,1678.75,1682.5,1678.6,1680.0,483128
2025-01-28 11:45:00,1680.0,1680.25,1676.75,1677.85,336215
2025-01-28 11:55:00,1677.8,1679.9,1676.05,1679.5,165762
2025-01-28 12:05:00,1679.15,1679.5,1676.4,1677.65,124066
2025-01-28 12:15:00,1677.5,1678.6,1675.1,1677.7,130964
2025-01-28 12:25:00,1677.25,1680.0,1677.25,1678.8,177244
2025-01-28 12:35:00,1678.8,1680.4,1678.3,1679.5,214055
2025-01-28 12:45:00,1679.8,1684.3,1679.25,1683.75,313484
2025-01-28 12:55:00,1683.15,1684.3,1680.0,1680.25,197833
2025-01-28 13:05:00,1680.4,1680.85,1678.85,1680.05,194038
2025-01-28 13:15:00,1680.0,1680.5,1677.25,1678.05,154925
2025-01-28 13:25:00,1677.55,1679.9,1677.2,1678.55,193975
2025-01-28 13:35:00,1678.35,1678.4,1675.7,1676.2,132805
2025-01-28 13:45:00,1675.95,1676.8,1673.75,1674.55,151311
2025-01-28 13:55:00,1674.45,1676.8,1674.0,1675.6,156591
2025-01-28 14:05:00,1675.6,1676.7,1674.4,1674.7,230376
2025-01-28 14:15:00,1674.75,1679.75,1674.5,1678.85,261199
2025-01-28 14:25:00,1678.85,1681.85,1677.95,1680.2,328512
2025-01-28 14:35:00,1680.0,1680.8,1678.45,1678.95,222208
2025-01-28 14:45:00,1678.9,1679.2,1669.35,1671.6,871710
2025-01-28 14:55:00,1671.45,1674.0,1668.0,1668.55,1018600
2025-01-28 15:05:00,1668.65,1670.0,1665.65,1669.3,558950
2025-01-28 15:15:00,1669.6,1675.0,1668.55,1672.75,423853
2025-01-28 15:25:00,1672.75,1673.95,1670.5,1672.6,226447
2025-01-29 09:15:00,1675.0,1681.15,1670.35,1674.1,639850
2025-01-29 09:25:00,1674.35,1674.4,1668.85,1673.0,227937
2025-01-29 09:35:00,1672.85,1673.65,1669.5,1670.45,180896
2025-01-29 09:45:00,1670.45,1672.85,1669.15,1671.4,123094
2025-01-29 09:55:00,1671.4,1674.9,1670.55,1670.6,243350
2025-01-29 10:05:00,1670.85,1677.7,1670.55,1677.4,297050
2025-01-29 10:15:00,1677.3,1679.05,1674.0,1676.55,289567
2025-01-29 10:25:00,1676.55,1677.4,1675.2,1676.65,108118
2025-01-29 10:35:00,1676.65,1679.35,1676.0,1677.95,161194
2025-01-29 10:45:00,1677.6,1680.0,1676.55,1678.6,192922
2025-01-29 10:55:00,1678.45,1679.55,1676.8,1677.55,119101
2025-01-29 11:05:00,1677.2,1677.6,1674.1,1674.9,227732
2025-01-29 11:15:00,1674.8,1675.75,1669.6,1670.25,230919
2025-01-29 11:25:00,1670.35,1679.95,1669.75,1675.35,186868
2025-01-29 11:35:00,1675.35,1676.05,1673.15,1674.45,57894
2025-01-29 11:45:00,1674.25,1676.0,1673.75,1675.55,67491
2025-01-29 11:55:00,1675.55,1676.65,1674.65,1675.3,59892
2025-01-29 12:05:00,1675.3,1676.5,1673.95,1675.75,69311
2025-01-29 12:15:00,1675.65,1679.5,1675.15,1676.8,97615
2025-01-29 12:25:00,1676.8,1677.4,1675.5,1675.95,87952
2025-01-29 12:35:00,1675.95,1676.75,1674.0,1676.35,99264
2025-01-29 12:45:00,1676.35,1677.0,1675.05,1675.45,67178
2025-01-29 12:55:00,1675.05,1676.65,1672.35,1674.65,124692
2025-01-29 13:05:00,1674.65,1676.0,1673.7,1675.05,98283
2025-01-29 13:15:00,1675.05,1676.95,1673.7,1676.65,271304
2025-01-29 13:25:00,1676.65,1678.05,1675.0,1675.65,184106
2025-01-29 13:35:00,1675.65,1677.35,1675.0,1675.5,89011
2025-01-29 13:45:00,1676.0,1677.45,1675.0,1675.8,163884
2025-01-29 13:55:00,1675.8,1677.15,1673.85,1676.6,172366
2025-01-29 14:05:00,1676.6,1676.8,1675.0,1676.2,114109
2025-01-29 14:15:00,1676.1,1676.9,1674.0,1674.9,92818
2025-01-29 14:25:00,1674.85,1676.5,1674.05,1674.35,71657
2025-01-29 14:35:00,1674.95,1677.0,1674.0,1676.95,122772
2025-01-29 14:45:00,1676.95,1677.9,1675.05,1676.9,129746
2025-01-29 14:55:00,1677.2,1677.45,1675.25,1676.0,117369
2025-01-29 15:05:00,1676.0,1677.65,1675.7,1677.05,266637
2025-01-29 15:15:00,1677.0,1679.3,1677.0,1678.7,276980
2025-01-29 15:25:00,1678.7,1679.0,1674.75,1676.0,111827
2025-01-30 09:15:00,1681.0,1683.9,1672.55,1680.4,974026
2025-01-30 09:25:00,1680.4,1681.7,1676.4,1676.75,568847
2025-01-30 09:35:00,1676.85,1680.45,1675.75,1676.8,425547
2025-01-30 09:45:00,1677.0,1679.0,1676.4,1677.0,391306
2025-01-30 09:55:00,1677.0,1678.85,1675.95,1678.55,151659
2025-01-30 10:05:00,1678.55,1681.8,1678.55,1679.05,184916
2025-01-30 10:15:00,1679.05,1680.9,1677.5,1680.7,192664
2025-01-30 10:25:00,1680.7,1686.4,1680.7,1684.4,251889
2025-01-30 10:35:00,1684.15,1685.6,1683.0,1683.95,112088
2025-01-30 10:45:00,1683.9,1685.3,1682.55,1683.85,94277
2025-01-30 10:55:00,1683.7,1684.0,1679.1,1681.9,297524
2025-01-30 11:05:00,1682.05,1685.8,1681.4,1685.7,426647
2025-01-30 11:15:00,1685.8,1688.8,1685.5,1688.05,582320
2025-01-30 11:25:00,1688.05,1688.55,1685.2,1685.6,326012
2025-01-30 11:35:00,1685.6,1686.3,1682.35,1685.2,265683
2025-01-30 11:45:00,1685.35,1688.05,1684.45,1685.05,177808
2025-01-30 11:55:00,1685.05,1686.2,1684.4,1685.25,114425
2025-01-30 12:05:00,1685.25,1687.0,1684.7,1686.1,133426
2025-01-30 12:15:00,1686.1,1688.5,1686.0,1686.0,150098
2025-01-30 12:25:00,1686.4,1690.75,1686.0,1690.0,158932
2025-01-30 12:35:00,1690.05,1691.45,1689.35,1690.6,153975
2025-01-30 12:45:00,1691.0,1691.85,1690.3,1691.2,231831
2025-01-30 12:55:00,1691.0,1691.4,1688.05,1689.4,118790
2025-01-30 13:05:00,1689.4,1690.0,1687.5,1688.1,110834
2025-01-30 13:15:00,1688.2,1689.0,1687.2,1687.65,139583
2025-01-30 13:25:00,1687.65,1688.45,1686.0,1687.1,278467
2025-01-30 13:35:00,1687.35,1688.7,1685.4,1686.0,904400
2025-01-30 13:45:00,1686.65,1687.4,1684.6,1686.85,445108
2025-01-30 13:55:00,1686.25,1688.0,1685.0,1687.75,306201
2025-01-30 14:05:00,1687.75,1690.0,1686.8,1688.35,323297
2025-01-30 14:15:00,1688.4,1689.4,1687.45,1687.7,232337
2025-01-30 14:25:00,1687.7,1688.35,1685.65,1686.5,326039
2025-01-30 14:35:00,1686.3,1689.5,1685.1,1689.05,414394
2025-01-30 14:45:00,1688.4,1690.6,1687.55,1689.15,304671
2025-01-30 14:55:00,1689.15,1691.55,1688.2,1691.35,593413
2025-01-30 15:05:00,1691.35,1692.3,1689.05,1689.5,839960
2025-01-30 15:15:00,1689.5,1695.0,1687.8,1694.55,777123
2025-01-30 15:25:00,1694.45,1697.9,1691.95,1694.0,281050
2025-01-31 09:15:00,1687.25,1691.9,1685.0,1686.7,335421
2025-01-31 09:25:00,1686.7,1688.0,1685.55,1686.7,117277
2025-01-31 09:35:00,1687.25,1690.0,1683.95,1689.0,114717
2025-01-31 09:45:00,1689.1,1690.0,1686.6,1686.6,131966
2025-01-31 09:55:00,1686.45,1689.75,1686.45,1688.0,135187
2025-01-31 10:05:00,1688.0,1688.35,1685.3,1687.45,66854
2025-01-31 10:15:00,1687.45,1690.85,1687.1,1690.0,172553
2025-01-31 10:25:00,1690.0,1690.5,1689.0,1690.05,64739
2025-01-31 10:35:00,1690.05,1691.4,1690.0,1691.25,63908
2025-01-31 10:45:00,1691.3,1694.25,1690.2,1692.0,418739
2025-01-31 10:55:00,1692.25,1692.65,1690.5,1691.95,89953
2025-01-31 11:05:00,1691.85,1693.3,1690.55,1691.9,142270
2025-01-31 11:15:00,1691.65,1695.6,1691.65,1694.9,112280
2025-01-31 11:25:00,1694.9,1695.0,1689.55,1692.7,147695
2025-01-31 11:35:00,1692.7,1695.0,1692.7,1694.65,149848
2025-01-31 11:45:00,1694.65,1695.5,1694.15,1695.0,99768
2025-01-31 11:55:00,1695.0,1696.85,1694.65,1695.55,106777
2025-01-31 12:05:00,1695.5,1697.1,1694.1,1695.15,45169
2025-01-31 12:15:00,1695.15,1696.0,1694.85,1695.35,41950
2025-01-31 12:25:00,1695.45,1698.95,1695.25,1697.8,79113
2025-01-31 12:35:00,1697.8,1701.2,1697.65,1700.0,300835
2025-01-31 12:45:00,1700.0,1702.4,1699.15,1700.8,300593
2025-01-31 12:55:00,1700.7,1704.0,1700.05,1702.0,320210
2025-01-31 13:05:00,1702.0,1703.95,1700.8,1703.1,191892
2025-01-31 13:15:00,1703.15,1703.95,1702.2,1703.65,211612
2025-01-31 13:25:00,1703.7,1703.95,1700.7,1701.35,208632
2025-01-31 13:35:00,1701.05,1701.65,1698.55,1700.0,246303
2025-01-31 13:45:00,1700.0,1702.35,1699.2,1701.4,153278
2025-01-31 13:55:00,1701.0,1701.55,1697.65,1698.75,187938
2025-01-31 14:05:00,1698.9,1698.9,1694.15,1695.5,189489
2025-01-31 14:15:00,1696.0,1696.1,1693.0,1695.05,163223
2025-01-31 14:25:00,1695.2,1697.7,1693.2,1697.3,161621
2025-01-31 14:35:00,1697.3,1700.3,1697.05,1700.0,210435
2025-01-31 14:45:00,1700.0,1701.05,1697.5,1698.6,201163
2025-01-31 14:55:00,1698.6,1699.9,1695.75,1698.35,374858
2025-01-31 15:05:00,1698.4,1699.55,1695.75,1699.55,666858
2025-01-31 15:15:00,1699.55,1701.95,1698.1,1699.85,778686
2025-01-31 15:25:00,1699.8,1704.7,1698.5,1699.5,348006
2025-02-01 09:15:00,1697.5,1704.4,1692.05,1693.5,98404
2025-02-01 09:25:00,1692.95,1700.45,1692.2,1697.65,74839
2025-02-01 09:35:00,1697.05,1700.0,1696.0,1698.7,54763
2025-02-01 09:45:00,1698.7,1703.05,1698.4,1701.9,109205
2025-02-01 09:55:00,1701.9,1703.0,1698.0,1698.75,40443
2025-02-01 10:05:00,1699.0,1702.0,1698.0,1699.3,33779
2025-02-01 10:15:00,1699.3,1701.95,1698.1,1701.95,19573
2025-02-01 10:25:00,1701.95,1702.55,1700.5,1701.55,21595
2025-02-01 10:35:00,1701.55,1703.5,1701.0,1702.55,17512
2025-02-01 10:45:00,1702.75,1702.75,1700.0,1702.15,30258
2025-02-01 10:55:00,1702.15,1703.85,1700.1,1703.0,48489
2025-02-01 11:05:00,1702.55,1704.95,1701.0,1704.2,35209
2025-02-01 11:15:00,1703.4,1709.0,1702.25,1706.35,81968
2025-02-01 11:25:00,1706.9,1711.9,1706.1,1711.1,76671
2025-02-01 11:35:00,1711.1,1713.0,1703.05,1711.45,99518
2025-02-01 11:45:00,1711.4,1711.5,1696.1,1696.6,143020
2025-02-01 11:55:00,1696.6,1701.0,1688.2,1695.05,142575
2025-02-01 12:05:00,1695.45,1701.55,1685.8,1685.8,122955
2025-02-01 12:15:00,1686.3,1691.9,1685.65,1687.3,90867
2025-02-01 12:25:00,1687.9,1691.5,1684.25,1687.5,65213
2025-02-01 12:35:00,1687.55,1690.9,1681.5,1685.95,91532
2025-02-01 12:45:00,1686.4,1688.65,1683.95,1684.15,38435
2025-02-01 12:55:00,1684.15,1686.0,1682.0,1683.85,30756
2025-02-01 13:05:00,1683.2,1684.0,1676.05,1682.2,92496
2025-02-01 13:15:00,1682.2,1686.0,1678.55,1685.15,84098
2025-02-01 13:25:00,1685.15,1688.0,1684.0,1685.0,44630
2025-02-01 13:35:00,1684.55,1688.3,1680.05,1688.05,39856
2025-02-01 13:45:00,1688.05,1689.45,1683.1,1685.35,58014
2025-02-01 13:55:00,1685.35,1688.6,1685.35,1688.0,63189
2025-02-01 14:05:00,1687.7,1691.2,1686.95,1690.5,84253
2025-02-01 14:15:00,1690.5,1697.95,1689.6,1697.4,79919
2025-02-01 14:25:00,1697.4,1697.5,1689.7,1692.95,105154
2025-02-01 14:35:00,1692.95,1696.0,1692.15,1693.85,99148
2025-02-01 14:45:00,1694.85,1698.5,1692.6,1694.6,60337
2025-02-01 14:55:00,1695.0,1695.95,1691.05,1693.0,165910
2025-02-01 15:05:00,1693.6,1693.9,1689.2,1692.2,105377
2025-02-01 15:15:00,1692.2,1692.2,1686.35,1687.95,82192
2025-02-01 15:25:00,1687.95,1693.0,1687.4,1692.0,46012
2025-02-03 09:15:00,1670.0,1676.85,1663.45,1675.1,727060
2025-02-03 09:25:00,1675.1,1684.45,1674.5,1683.65,498288
2025-02-03 09:35:00,1683.6,1685.95,1678.15,1679.6,261858
2025-02-03 09:45:00,1679.65,1680.2,1674.55,1680.1,299640
2025-02-03 09:55:00,1680.3,1682.0,1678.6,1679.4,200380
2025-02-03 10:05:00,1679.85,1680.0,1677.0,1678.3,108714
2025-02-03 10:15:00,1677.9,1683.95,1677.9,1681.5,230509
2025-02-03 10:25:00,1681.5,1683.0,1680.25,1681.75,166298
2025-02-03 10:35:00,1682.0,1686.6,1678.6,1684.85,200791
2025-02-03 10:45:00,1684.85,1686.7,1682.3,1685.3,163300
2025-02-03 10:55:00,1685.3,1685.55,1683.0,1683.2,86516
2025-02-03 11:05:00,1683.2,1686.3,1681.5,1685.6,225053
2025-02-03 11:15:00,1685.7,1686.45,1682.3,1682.85,167080
2025-02-03 11:25:00,1683.05,1683.25,1680.15,1681.4,114535
2025-02-03 11:35:00,1681.35,1681.85,1679.2,1679.2,68773
2025-02-03 11:45:00,1679.2,1679.75,1678.2,1679.15,84629
2025-02-03 11:55:00,1679.15,1682.7,1678.05,1682.0,101325
2025-02-03 12:05:00,1682.0,1682.5,1680.9,1681.25,112524
2025-02-03 12:15:00,1681.25,1683.35,1680.95,1683.2,179881
2025-02-03 12:25:00,1683.2,1683.55,1680.8,1682.4,120779
2025-02-03 12:35:00,1682.35,1684.15,1681.8,1683.05,337245
2025-02-03 12:45:00,1683.35,1683.65,1680.25,1681.35,113297
2025-02-03 12:55:00,1681.85,1686.45,1681.35,1685.8,419924
2025-02-03 13:05:00,1685.9,1686.8,1682.95,1683.0,285402
2025-02-03 13:15:00,1683.4,1684.45,1680.0,1680.35,199201
2025-02-03 13:25:00,1680.35,1681.15,1677.8,1677.8,198365
2025-02-03 13:35:00,1677.9,1680.8,1677.65,1679.85,114802
2025-02-03 13:45:00,1679.85,1683.05,1679.1,1680.0,273995
2025-02-03 13:55:00,1680.0,1681.05,1678.6,1679.0,122301
2025-02-03 14:05:00,1679.2,1680.0,1677.4,1678.75,124154
2025-02-03 14:15:00,1678.85,1680.0,1678.55,1679.95,97283
2025-02-03 14:25:00,1679.95,1681.6,1679.45,1681.2,144171
2025-02-03 14:35:00,1681.15,1682.65,1680.0,1682.4,179756
2025-02-03 14:45:00,1682.25,1682.95,1680.75,1681.3,356561
2025-02-03 14:55:00,1681.4,1682.35,1676.8,1677.55,631721
2025-02-03 15:05:00,1677.6,1679.95,1677.2,1678.05,939111
2025-02-03 15:15:00,1678.15,1679.55,1675.95,1676.0,940650
2025-02-03 15:25:00,1676.35,1680.0,1675.95,1679.6,342567
2025-02-04 09:15:00,1688.7,1693.6,1680.05,1693.35,416128
2025-02-04 09:25:00,1693.6,1699.3,1693.45,1699.3,311005
2025-02-04 09:35:00,1699.3,1702.65,1698.65,1699.5,420260
2025-02-04 09:45:00,1699.55,1701.5,1696.6,1699.2,178387
2025-02-04 09:55:00,1699.2,1699.6,1694.1,1694.65,132510
2025-02-04 10:05:00,1694.7,1695.0,1690.7,1691.95,90202
2025-02-04 10:15:00,1692.0,1694.8,1691.75,1692.8,87887
2025-02-04 10:25:00,1692.75,1694.75,1690.6,1690.6,150286
2025-02-04 10:35:00,1690.6,1690.85,1685.0,1689.75,383248
2025-02-04 10:45:00,1689.75,1691.7,1688.0,1689.4,108948
2025-02-04 10:55:00,1689.4,1694.0,1688.85,1693.9,143184
2025-02-04 11:05:00,1693.9,1696.6,1693.25,1695.45,148399
2025-02-04 11:15:00,1695.05,1697.85,1693.3,1696.75,133050
2025-02-04 11:25:00,1696.75,1697.0,1692.95,1693.25,104045
2025-02-04 11:35:00,1693.25,1695.35,1692.8,1693.15,115747
2025-02-04 11:45:00,1693.05,1699.45,1693.0,1696.65,289388
2025-02-04 11:55:00,1696.35,1697.15,1694.2,1696.9,95110
2025-02-04 12:05:00,1696.95,1701.0,1696.15,1699.65,155523
2025-02-04 12:15:00,1699.9,1709.2,1699.65,1707.95,459722
2025-02-04 12:25:00,1708.3,1714.1,1707.0,1709.8,544854
2025-02-04 12:35:00,1709.8,1712.75,1709.4,1710.25,294778
2025-02-04 12:45:00,1710.25,1712.95,1709.6,1711.95,164067
2025-02-04 12:55:00,1711.9,1714.3,1709.55,1710.6,226538
2025-02-04 13:05:00,1710.15,1716.55,1708.75,1716.55,343500
2025-02-04 13:15:00,1716.5,1717.45,1713.4,1715.25,245677
2025-02-04 13:25:00,1715.4,1718.95,1713.0,1718.95,301087
2025-02-04 13:35:00,1719.05,1719.9,1714.9,1715.25,409240
2025-02-04 13:45:00,1715.25,1721.15,1714.7,1718.6,630172
2025-02-04 13:55:00,1718.7,1719.7,1716.2,1716.4,318772
2025-02-04 14:05:00,1716.45,1718.75,1710.0,1712.6,857251
2025-02-04 14:15:00,1711.8,1714.45,1709.6,1714.1,781516
2025-02-04 14:25:00,1714.1,1714.1,1709.5,1710.8,464428
2025-02-04 14:35:00,1710.8,1715.45,1709.3,1714.6,312673
2025-02-04 14:45:00,1714.4,1722.5,1712.65,1720.95,770669
2025-02-04 14:55:00,1721.0,1725.8,1720.55,1724.35,1433705
2025-02-04 15:05:00,1724.25,1724.7,1719.0,1722.45,1059559
2025-02-04 15:15:00,1722.3,1722.45,1715.95,1716.0,827285
2025-02-04 15:25:00,1716.0,1719.35,1715.75,1716.3,305836
2025-02-05 09:15:00,1733.0,1734.0,1723.1,1724.45,1077958
2025-02-05 09:25:00,1724.45,1724.45,1719.0,1719.0,364287
2025-02-05 09:35:00,1719.35,1725.2,1718.9,1724.2,441923
2025-02-05 09:45:00,1724.45,1726.6,1724.2,1725.1,157844
2025-02-05 09:55:00,1725.15,1725.45,1722.2,1722.3,115671
2025-02-05 10:05:00,1722.45,1727.0,1722.4,1726.45,159212
2025-02-05 10:15:00,1726.65,1727.0,1723.2,1726.35,134943
2025-02-05 10:25:00,1726.4,1731.4,1725.9,1730.0,243399
2025-02-05 10:35:00,1729.85,1731.9,1728.0,1730.45,222265
2025-02-05 10:45:00,1730.5,1733.0,1730.2,1731.2,297157
2025-02-05 10:55:00,1731.2,1731.95,1727.65,1728.25,162842
2025-02-05 11:05:00,1728.25,1729.2,1727.05,1727.8,121044
2025-02-05 11:15:00,1727.8,1730.0,1727.15,1730.0,95661
2025-02-05 11:25:00,1730.0,1730.0,1728.2,1729.45,82281
2025-02-05 11:35:00,1729.35,1730.0,1727.1,1729.2,80493
2025-02-05 11:45:00,1729.2,1730.05,1728.65,1729.4,74762
2025-02-05 11:55:00,1729.45,1729.95,1728.8,1729.25,119714
2025-02-05 12:05:00,1729.3,1729.7,1728.25,1729.65,117670
2025-02-05 12:15:00,1729.7,1732.15,1729.55,1731.3,146373
2025-02-05 12:25:00,1731.3,1733.95,1730.3,1733.85,161419
2025-02-05 12:35:00,1733.75,1733.9,1732.0,1732.4,105696
2025-02-05 12:45:00,1732.3,1733.05,1731.3,1732.3,112902
2025-02-05 12:55:00,1732.25,1733.95,1730.9,1733.9,151786
2025-02-05 13:05:00,1733.9,1736.95,1732.85,1735.35,203816
2025-02-05 13:15:00,1735.35,1735.6,1733.25,1734.0,109555
2025-02-05 13:25:00,1733.8,1735.4,1733.8,1734.95,128253
2025-02-05 13:35:00,1734.8,1738.4,1734.45,1735.8,643954
2025-02-05 13:45:00,1735.8,1738.0,1735.6,1737.85,131819
2025-02-05 13:55:00,1737.85,1738.5,1737.3,1737.7,141091
2025-02-05 14:05:00,1737.7,1739.0,1736.2,1738.95,150180
2025-02-05 14:15:00,1738.95,1742.0,1738.5,1740.1,606396
2025-02-05 14:25:00,1740.7,1742.9,1739.9,1741.85,241432
2025-02-05 14:35:00,1741.55,1744.2,1740.5,1742.55,668938
2025-02-05 14:45:00,1742.55,1743.85,1740.6,1741.5,229722
2025-02-05 14:55:00,1741.4,1741.5,1738.1,1738.2,487383
2025-02-05 15:05:00,1738.25,1738.6,1736.5,1737.6,717586
2025-02-05 15:15:00,1737.55,1739.0,1736.1,1737.65,836344
2025-02-05 15:25:00,1737.75,1738.15,1734.0,1734.8,280011
2025-02-06 09:15:00,1735.5,1739.95,1730.5,1731.5,1010806
2025-02-06 09:25:00,1731.5,1731.55,1728.0,1728.35,525089
2025-02-06 09:35:00,1728.35,1730.5,1726.05,1730.0,327586
2025-02-06 09:45:00,1729.25,1730.5,1725.15,1726.15,225118
2025-02-06 09:55:00,1726.05,1729.7,1724.0,1729.3,352920
2025-02-06 10:05:00,1729.3,1733.0,1728.5,1732.7,287025
2025-02-06 10:15:00,1733.0,1733.5,1730.35,1730.8,239148
2025-02-06 10:25:00,1730.75,1733.8,1730.0,1731.3,207278
2025-02-06 10:35:00,1731.2,1733.55,1730.65,1732.75,204930
2025-02-06 10:45:00,1733.15,1735.0,1732.0,1734.8,222647
2025-02-06 10:55:00,1734.8,1735.6,1732.25,1732.3,238692
2025-02-06 11:05:00,1732.3,1734.0,1731.0,1731.9,210564
2025-02-06 11:15:00,1731.9,1732.75,1728.0,1729.25,161698
2025-02-06 11:25:00,1729.4,1730.95,1728.15,1730.3,410768
2025-02-06 11:35:00,1730.35,1732.45,1729.7,1731.9,154441
2025-02-06 11:45:00,1731.6,1734.0,1730.55,1733.0,159763
2025-02-06 11:55:00,1733.0,1734.75,1731.85,1733.95,122085
2025-02-06 12:05:00,1733.95,1734.95,1733.05,1734.45,150238
2025-02-06 12:15:00,1734.4,1737.0,1734.15,1735.95,182652
2025-02-06 12:25:00,1735.95,1736.5,1733.0,1733.95,163104
2025-02-06 12:35:00,1733.9,1737.0,1732.7,1736.25,127847
2025-02-06 12:45:00,1736.3,1736.7,1730.65,1731.95,178508
2025-02-06 12:55:00,1731.95,1733.35,1730.8,1732.6,132749
2025-02-06 13:05:00,1732.5,1733.55,1727.6,1727.85,249284
2025-02-06 13:15:00,1727.85,1730.55,1727.85,1729.95,169977
2025-02-06 13:25:00,1729.95,1731.8,1729.5,1731.35,164771
2025-02-06 13:35:00,1731.35,1731.95,1730.2,1731.25,114619
2025-02-06 13:45:00,1731.5,1731.95,1730.15,1731.5,165150
2025-02-06 13:55:00,1731.9,1734.75,1731.15,1734.55,243311
2025-02-06 14:05:00,1734.4,1735.6,1732.85,1734.55,267513
2025-02-06 14:15:00,1735.0,1736.0,1732.65,1733.85,227293
2025-02-06 14:25:00,1733.85,1737.25,1733.35,1736.45,309258
2025-02-06 14:35:00,1736.45,1739.0,1736.15,1736.95,344954
2025-02-06 14:45:00,1736.95,1739.5,1736.3,1738.45,317286
2025-02-06 14:55:00,1738.45,1743.25,1737.65,1742.8,1046266
2025-02-06 15:05:00,1742.8,1744.4,1741.55,1743.75,1227418
2025-02-06 15:15:00,1743.75,1747.15,1743.75,1746.4,1178178
2025-02-06 15:25:00,1746.4,1749.0,1745.0,1746.5,336549
2025-02-07 09:15:00,1750.0,1757.0,1746.75,1756.8,1136069
2025-02-07 09:25:00,1756.8,1759.4,1755.0,1758.7,350670
2025-02-07 09:35:00,1758.45,1762.9,1757.0,1761.35,410836
2025-02-07 09:45:00,1761.35,1764.4,1759.75,1760.7,288095
2025-02-07 09:55:00,1760.7,1762.6,1758.0,1759.35,274943
2025-02-07 10:05:00,1759.4,1767.0,1753.85,1759.35,699926
2025-02-07 10:15:00,1759.35,1761.0,1748.85,1749.5,617447
2025-02-07 10:25:00,1747.5,1750.25,1745.1,1746.95,509714
2025-02-07 10:35:00,1747.35,1750.0,1743.55,1745.0,207468
2025-02-07 10:45:00,1745.0,1745.65,1742.2,1745.55,132364
2025-02-07 10:55:00,1745.6,1749.9,1745.05,1747.95,238122
2025-02-07 11:05:00,1747.95,1749.8,1745.7,1745.7,180685
2025-02-07 11:15:00,1745.7,1749.0,1744.75,1748.8,205329
2025-02-07 11:25:00,1748.95,1751.9,1747.65,1749.0,241874
2025-02-07 11:35:00,1749.0,1749.0,1745.05,1747.7,210368
2025-02-07 11:45:00,1747.7,1749.1,1745.25,1746.0,357121
2025-02-07 11:55:00,1745.9,1748.25,1745.5,1747.35,257838
2025-02-07 12:05:00,1747.35,1747.55,1737.5,1737.8,359337
2025-02-07 12:15:00,1737.6,1739.8,1736.25,1737.9,174101
2025-02-07 12:25:00,1737.9,1739.5,1736.2,1736.2,116162
2025-02-07 12:35:00,1736.0,1736.9,1731.6,1734.1,144678
2025-02-07 12:45:00,1734.55,1735.65,1733.1,1733.1,78104
2025-02-07 12:55:00,1733.15,1734.6,1732.0,1733.6,141358
2025-02-07 13:05:00,1733.55,1734.2,1730.0,1731.25,128571
2025-02-07 13:15:00,1731.25,1732.5,1729.4,1730.7,189292
2025-02-07 13:25:00,1730.75,1732.9,1728.8,1732.3,155004
2025-02-07 13:35:00,1732.3,1733.8,1731.25,1732.7,90833
2025-02-07 13:45:00,1732.7,1733.9,1727.6,1728.25,109552
2025-02-07 13:55:00,1728.25,1731.95,1728.15,1731.1,114944
2025-02-07 14:05:00,1731.1,1732.9,1726.25,1726.95,101052
2025-02-07 14:15:00,1726.95,1728.0,1725.0,1725.75,83666
2025-02-07 14:25:00,1725.75,1728.0,1725.5,1728.0,76531
2025-02-07 14:35:00,1728.0,1730.55,1727.95,1729.45,92041
2025-02-07 14:45:00,1729.45,1730.0,1727.15,1727.15,134506
2025-02-07 14:55:00,1727.2,1732.55,1726.55,1732.1,348456
2025-02-07 15:05:00,1732.1,1734.9,1731.35,1733.65,573848
2025-02-07 15:15:00,1733.65,1735.0,1731.15,1734.65,475397
2025-02-07 15:25:00,1734.75,1735.05,1730.75,1732.0,184470
2025-02-10 09:15:00,1717.3,1723.45,1714.05,1719.4,997509
2025-02-10 09:25:00,1719.4,1721.35,1715.7,1717.5,258630
2025-02-10 09:35:00,1717.5,1717.85,1712.9,1712.95,171024
2025-02-10 09:45:00,1712.95,1717.0,1711.65,1716.0,179381
2025-02-10 09:55:00,1716.3,1717.9,1713.9,1717.15,199965
2025-02-10 10:05:00,1717.2,1718.75,1712.35,1712.75,145499
2025-02-10 10:15:00,1712.4,1714.35,1710.0,1712.2,100215
2025-02-10 10:25:00,1712.2,1712.9,1710.5,1710.9,81947
2025-02-10 10:35:00,1710.9,1713.8,1710.2,1711.7,75399
2025-02-10 10:45:00,1711.7,1711.95,1708.5,1711.6,147124
2025-02-10 10:55:00,1711.8,1713.85,1710.9,1713.45,84668
2025-02-10 11:05:00,1713.45,1714.0,1711.15,1712.4,66166
2025-02-10 11:15:00,1712.1,1712.85,1710.35,1712.0,81118
2025-02-10 11:25:00,1712.0,1712.5,1710.1,1712.5,77100
2025-02-10 11:35:00,1712.5,1714.8,1711.5,1713.2,60369
2025-02-10 11:45:00,1713.5,1716.25,1713.25,1715.15,101679
2025-02-10 11:55:00,1715.0,1715.45,1710.95,1711.9,97955
2025-02-10 12:05:00,1711.9,1712.9,1711.25,1712.45,67283
2025-02-10 12:15:00,1712.45,1713.05,1710.0,1712.7,99236
2025-02-10 12:25:00,1712.7,1713.5,1711.95,1712.0,82804
2025-02-10 12:35:00,1711.95,1713.5,1711.2,1712.9,95619
2025-02-10 12:45:00,1712.9,1714.5,1712.05,1713.3,84406
2025-02-10 12:55:00,1713.3,1713.85,1711.95,1712.75,72320
2025-02-10 13:05:00,1712.6,1714.25,1712.15,1713.95,71746
2025-02-10 13:15:00,1713.95,1714.45,1712.6,1713.35,80949
2025-02-10 13:25:00,1713.35,1715.4,1713.0,1714.05,94486
2025-02-10 13:35:00,1714.05,1716.0,1713.85,1715.5,89509
2025-02-10 13:45:00,1716.0,1718.7,1715.15,1716.9,128125
2025-02-10 13:55:00,1716.9,1717.6,1715.65,1716.35,130873
2025-02-10 14:05:00,1716.35,1716.95,1714.5,1715.2,126409
2025-02-10 14:15:00,1715.2,1716.8,1714.7,1715.9,144257
2025-02-10 14:25:00,1715.9,1716.5,1714.7,1715.75,127683
2025-02-10 14:35:00,1715.75,1717.9,1715.6,1717.25,176756
2025-02-10 14:45:00,1717.0,1719.7,1716.2,1719.55,217911
2025-02-10 14:55:00,1719.0,1719.7,1715.45,1716.4,417233
2025-02-10 15:05:00,1716.55,1716.55,1714.7,1715.75,553562
2025-02-10 15:15:00,1715.8,1716.75,1714.9,1715.6,628110
2025-02-10 15:25:00,1715.6,1716.85,1715.0,1716.6,282521
2025-02-11 09:15:00,1703.0,1706.9,1697.9,1701.85,1304381
2025-02-11 09:25:00,1701.4,1705.95,1700.0,1703.0,329070
2025-02-11 09:35:00,1702.75,1706.0,1701.75,1704.5,211437
2025-02-11 09:45:00,1704.55,1704.6,1698.4,1699.95,217272
2025-02-11 09:55:00,1699.95,1701.0,1696.65,1697.4,211184
2025-02-11 10:05:00,1697.8,1699.25,1696.15,1698.9,200312
2025-02-11 10:15:00,1699.25,1702.5,1698.7,1702.5,229748
2025-02-11 10:25:00,1702.35,1704.0,1700.4,1700.4,149606
2025-02-11 10:35:00,1700.4,1700.95,1698.05,1699.5,109331
2025-02-11 10:45:00,1699.55,1700.95,1699.3,1700.8,142481
2025-02-11 10:55:00,1700.8,1703.0,1700.15,1700.35,151217
2025-02-11 11:05:00,1700.35,1704.0,1700.15,1703.8,194084
2025-02-11 11:15:00,1703.95,1706.75,1703.15,1703.95,140502
2025-02-11 11:25:00,1703.9,1705.0,1703.05,1703.3,181096
2025-02-11 11:35:00,1703.3,1706.0,1702.5,1705.7,235441
2025-02-11 11:45:00,1705.85,1707.3,1704.6,1706.55,168589
2025-02-11 11:55:00,1706.55,1707.0,1705.0,1705.95,104380
2025-02-11 12:05:00,1705.85,1707.25,1705.4,1705.6,108758
2025-02-11 12:15:00,1705.65,1709.7,1704.8,1708.2,137854
2025-02-11 12:25:00,1708.3,1711.0,1707.3,1707.6,131923
2025-02-11 12:35:00,1707.55,1709.3,1707.05,1707.5,93771
2025-02-11 12:45:00,1707.5,1708.75,1704.35,1704.35,105691
2025-02-11 12:55:00,1704.35,1705.15,1698.65,1699.15,180954
2025-02-11 13:05:00,1698.6,1700.35,1695.4,1696.4,251494
2025-02-11 13:15:00,1696.35,1699.0,1695.6,1696.35,209376
2025-02-11 13:25:00,1696.35,1697.0,1693.35,1694.4,170183
2025-02-11 13:35:00,1694.4,1695.9,1692.7,1694.8,196185
2025-02-11 13:45:00,1694.8,1695.2,1691.75,1692.5,146268
2025-02-11 13:55:00,1692.5,1693.75,1690.05,1690.2,214225
2025-02-11 14:05:00,1690.5,1694.5,1688.7,1694.1,257214
2025-02-11 14:15:00,1694.0,1694.4,1690.75,1692.0,364683
2025-02-11 14:25:00,1691.9,1695.45,1690.8,1694.95,406440
2025-02-11 14:35:00,1694.95,1696.95,1693.65,1696.0,396413
2025-02-11 14:45:00,1696.0,1699.95,1695.65,1699.45,299766
2025-02-11 14:55:00,1699.45,1701.65,1696.5,1701.25,486122
2025-02-11 15:05:00,1701.25,1702.7,1699.9,1702.4,523213
2025-02-11 15:15:00,1702.55,1704.35,1701.3,1702.7,480437
2025-02-11 15:25:00,1702.75,1702.75,1700.0,1700.95,203296
2025-02-12 09:15:00,1693.0,1698.0,1689.55,1696.35,705539
2025-02-12 09:25:00,1696.3,1701.7,1694.55,1694.75,345102
2025-02-12 09:35:00,1694.8,1698.65,1693.95,1694.15,440306
2025-02-12 09:45:00,1694.2,1694.9,1687.6,1689.95,521379
2025-02-12 09:55:00,1690.0,1690.6,1684.2,1684.75,368078
2025-02-12 10:05:00,1684.35,1690.0,1684.0,1687.75,238474
2025-02-12 10:15:00,1688.05,1691.75,1686.3,1688.55,475781
2025-02-12 10:25:00,1688.55,1688.55,1683.95,1687.45,310780
2025-02-12 10:35:00,1687.05,1689.45,1681.2,1683.0,347400
2025-02-12 10:45:00,1683.85,1689.0,1683.1,1687.05,211901
2025-02-12 10:55:00,1687.05,1689.0,1684.85,1687.5,212325
2025-02-12 11:05:00,1687.5,1688.15,1684.0,1684.05,138284
2025-02-12 11:15:00,1684.05,1685.0,1682.5,1683.8,78361
2025-02-12 11:25:00,1683.7,1686.45,1683.45,1684.35,144165
2025-02-12 11:35:00,1684.35,1692.8,1683.0,1692.8,144988
2025-02-12 11:45:00,1692.45,1697.0,1689.8,1693.6,288846
2025-02-12 11:55:00,1693.5,1697.55,1692.95,1695.65,149758
2025-02-12 12:05:00,1695.65,1696.8,1693.35,1696.15,147493
2025-02-12 12:15:00,1696.15,1697.05,1693.1,1694.3,105139
2025-02-12 12:25:00,1694.4,1702.45,1692.4,1699.8,207092
2025-02-12 12:35:00,1699.75,1702.0,1698.7,1700.3,142592
2025-02-12 12:45:00,1700.3,1706.5,1700.3,1702.5,179090
2025-02-12 12:55:00,1702.45,1706.65,1702.45,1704.35,168548
2025-02-12 13:05:00,1704.3,1708.5,1703.25,1707.25,114355
2025-02-12 13:15:00,1707.3,1711.4,1707.2,1709.85,137691
2025-02-12 13:25:00,1709.85,1711.8,1709.0,1710.15,113833
2025-02-12 13:35:00,1710.1,1710.7,1705.3,1708.45,128608
2025-02-12 13:45:00,1708.55,1708.55,1703.3,1703.7,142753
2025-02-12 13:55:00,1703.75,1705.2,1701.1,1704.5,153446
2025-02-12 14:05:00,1704.45,1705.7,1699.0,1702.85,183427
2025-02-12 14:15:00,1702.55,1705.95,1701.2,1703.35,181494
2025-02-12 14:25:00,1703.45,1705.0,1701.55,1702.55,261677
2025-02-12 14:35:00,1702.25,1703.95,1700.05,1702.6,252689
2025-02-12 14:45:00,1702.65,1704.65,1702.2,1704.15,106393
2025-02-12 14:55:00,1704.2,1706.9,1703.35,1704.95,349024
2025-02-12 15:05:00,1705.2,1708.5,1705.2,1707.65,405718
2025-02-12 15:15:00,1707.65,1709.95,1706.05,1709.35,402691
2025-02-12 15:25:00,1709.65,1712.0,1708.0,1710.65,154764
2025-02-13 09:15:00,1699.0,1707.75,1696.35,1700.2,656091
2025-02-13 09:25:00,1700.2,1705.0,1698.45,1703.55,153675
2025-02-13 09:35:00,1703.55,1704.9,1702.0,1703.25,224700
2025-02-13 09:45:00,1703.2,1706.0,1701.0,1705.05,133123
2025-02-13 09:55:00,1705.05,1707.3,1703.0,1704.35,95309
2025-02-13 10:05:00,1704.35,1706.05,1701.7,1703.35,127890
2025-02-13 10:15:00,1703.35,1704.9,1700.5,1701.95,66593
2025-02-13 10:25:00,1701.95,1708.9,1701.1,1708.4,142238
2025-02-13 10:35:00,1708.4,1710.9,1708.0,1709.05,107847
2025-02-13 10:45:00,1709.05,1710.85,1707.45,1710.45,60760
2025-02-13 10:55:00,1710.45,1713.1,1707.45,1710.55,141949
2025-02-13 11:05:00,1710.55,1711.6,1708.05,1711.45,210470
2025-02-13 11:15:00,1711.45,1712.5,1710.0,1711.25,60286
2025-02-13 11:25:00,1711.25,1712.9,1710.1,1712.9,43923
2025-02-13 11:35:00,1712.9,1713.35,1711.0,1713.0,83421
2025-02-13 11:45:00,1713.0,1714.25,1711.95,1713.4,121423
2025-02-13 11:55:00,1713.4,1713.75,1711.7,1712.0,58349
2025-02-13 12:05:00,1712.0,1712.0,1709.85,1710.8,107635
2025-02-13 12:15:00,1710.8,1711.4,1708.75,1709.75,120449
2025-02-13 12:25:00,1709.85,1711.65,1709.2,1710.85,75888
2025-02-13 12:35:00,1710.85,1711.4,1709.95,1710.05,86845
2025-02-13 12:45:00,1710.05,1710.9,1708.8,1709.25,117089
2025-02-13 12:55:00,1709.25,1709.35,1707.55,1708.4,76987
2025-02-13 13:05:00,1708.4,1708.65,1701.9,1702.05,90187
2025-02-13 13:15:00,1702.4,1704.1,1701.1,1701.5,130157
2025-02-13 13:25:00,1701.75,1703.05,1699.05,1700.05,167987
2025-02-13 13:35:00,1699.45,1700.25,1696.5,1698.2,302397
2025-02-13 13:45:00,1698.3,1700.0,1697.0,1698.95,196750
2025-02-13 13:55:00,1698.75,1701.95,1697.75,1700.9,137448
2025-02-13 14:05:00,1700.9,1700.9,1695.85,1697.05,132043
2025-02-13 14:15:00,1697.05,1698.3,1694.9,1695.8,218175
2025-02-13 14:25:00,1695.6,1697.4,1693.55,1696.5,220997
2025-02-13 14:35:00,1696.5,1698.8,1694.3,1698.0,177554
2025-02-13 14:45:00,1698.0,1700.1,1696.9,1700.0,157866
2025-02-13 14:55:00,1699.9,1700.25,1696.6,1697.5,214088
2025-02-13 15:05:00,1697.5,1698.35,1696.1,1698.05,307763
2025-02-13 15:15:00,1698.05,1699.15,1697.25,1697.55,195725
2025-02-13 15:25:00,1697.45,1699.35,1697.0,1698.95,62959
2025-02-14 09:15:00,1701.9,1701.9,1691.35,1696.85,685728
2025-02-14 09:25:00,1696.85,1697.7,1693.25,1694.2,261091
2025-02-14 09:35:00,1694.25,1696.95,1693.55,1695.4,227493
2025-02-14 09:45:00,1695.55,1698.85,1693.4,1694.4,149069
2025-02-14 09:55:00,1694.4,1699.25,1693.75,1699.2,130337
2025-02-14 10:05:00,1699.2,1699.6,1695.65,1696.45,139956
2025-02-14 10:15:00,1696.45,1699.9,1696.45,1699.75,139287
2025-02-14 10:25:00,1699.8,1700.45,1696.25,1696.8,145444
2025-02-14 10:35:00,1696.8,1697.9,1687.95,1688.85,196250
2025-02-14 10:45:00,1688.85,1690.0,1685.0,1688.7,140298
2025-02-14 10:55:00,1688.7,1690.55,1687.45,1687.55,136102
2025-02-14 11:05:00,1687.55,1690.75,1687.2,1689.8,122501
2025-02-14 11:15:00,1689.85,1689.85,1687.15,1687.25,73828
2025-02-14 11:25:00,1687.25,1690.45,1686.6,1689.75,103301
2025-02-14 11:35:00,1689.7,1691.45,1687.0,1691.35,90916
2025-02-14 11:45:00,1691.0,1691.6,1687.25,1688.0,100180
2025-02-14 11:55:00,1687.95,1690.85,1687.15,1687.55,199280
2025-02-14 12:05:00,1687.55,1688.45,1683.35,1686.0,125032
2025-02-14 12:15:00,1686.0,1686.8,1683.15,1684.8,121756
2025-02-14 12:25:00,1684.7,1687.15,1684.45,1685.75,87809
2025-02-14 12:35:00,1685.75,1687.4,1684.3,1684.7,212647
2025-02-14 12:45:00,1684.7,1685.85,1683.2,1683.6,122210
2025-02-14 12:55:00,1683.6,1684.15,1680.0,1682.05,225704
2025-02-14 13:05:00,1682.0,1684.85,1681.95,1684.35,128216
2025-02-14 13:15:00,1684.35,1687.0,1683.5,1686.4,161498
2025-02-14 13:25:00,1686.4,1689.35,1685.15,1688.2,117074
2025-02-14 13:35:00,1688.25,1688.25,1682.55,1683.95,214986
2025-02-14 13:45:00,1684.0,1684.4,1681.85,1682.85,204771
2025-02-14 13:55:00,1682.85,1684.85,1682.35,1683.2,162574
2025-02-14 14:05:00,1683.2,1685.05,1682.95,1685.0,189483
2025-02-14 14:15:00,1685.0,1687.85,1684.35,1684.95,327856
2025-02-14 14:25:00,1684.95,1690.85,1684.8,1690.35,228218
2025-02-14 14:35:00,1690.35,1695.8,1690.3,1694.7,534048
2025-02-14 14:45:00,1694.5,1696.0,1692.1,1695.2,191248
2025-02-14 14:55:00,1695.2,1695.7,1692.2,1692.95,257063
2025-02-14 15:05:00,1693.0,1696.2,1692.8,1695.85,357847
2025-02-14 15:15:00,1695.85,1695.95,1693.75,1695.1,263579
2025-02-14 15:25:00,1695.3,1698.15,1694.05,1694.4,135229
2025-02-17 09:15:00,1685.2,1691.85,1681.25,1690.95,714278
2025-02-17 09:25:00,1691.2,1697.0,1690.95,1695.05,237896
2025-02-17 09:35:00,1695.4,1696.2,1687.0,1687.45,163149
2025-02-17 09:45:00,1687.3,1691.7,1685.9,1690.05,143588
2025-02-17 09:55:00,1690.55,1691.25,1685.0,1686.2,155328
2025-02-17 10:05:00,1686.15,1688.45,1685.1,1687.05,92958
2025-02-17 10:15:00,1687.0,1692.1,1686.35,1690.25,112171
2025-02-17 10:25:00,1690.25,1695.95,1688.3,1694.9,159973
2025-02-17 10:35:00,1694.9,1706.0,1694.65,1705.65,285690
2025-02-17 10:45:00,1705.45,1705.95,1702.0,1704.0,113236
2025-02-17 10:55:00,1704.0,1704.5,1700.8,1701.35,79376
2025-02-17 11:05:00,1701.35,1701.4,1696.7,1697.55,97813
2025-02-17 11:15:00,1697.55,1700.95,1697.4,1700.65,99545
2025-02-17 11:25:00,1700.65,1703.35,1700.25,1702.8,64578
2025-02-17 11:35:00,1702.7,1705.0,1701.4,1704.85,73318
2025-02-17 11:45:00,1704.85,1705.45,1702.15,1703.2,65834
2025-02-17 11:55:00,1703.0,1704.8,1701.15,1701.95,59678
2025-02-17 12:05:00,1701.95,1702.1,1699.55,1699.7,46097
2025-02-17 12:15:00,1699.7,1700.65,1698.15,1700.6,65169
2025-02-17 12:25:00,1700.6,1702.3,1699.7,1701.75,54838
2025-02-17 12:35:00,1701.75,1703.0,1699.05,1702.45,92202
2025-02-17 12:45:00,1702.35,1705.0,1701.75,1702.0,75830
2025-02-17 12:55:00,1702.05,1707.9,1701.55,1705.55,131133
2025-02-17 13:05:00,1705.55,1705.6,1701.85,1702.0,67897
2025-02-17 13:15:00,1702.0,1705.8,1701.45,1704.45,75354
2025-02-17 13:25:00,1704.3,1708.8,1703.65,1708.1,102693
2025-02-17 13:35:00,1708.1,1714.85,1708.1,1711.7,423807
2025-02-17 13:45:00,1711.7,1713.55,1709.8,1711.6,127821
2025-02-17 13:55:00,1711.6,1712.2,1707.4,1708.3,83541
2025-02-17 14:05:00,1708.25,1710.9,1708.25,1708.7,72401
2025-02-17 14:15:00,1708.7,1712.45,1708.7,1711.3,79304
2025-02-17 14:25:00,1711.4,1714.5,1710.5,1712.9,97136
2025-02-17 14:35:00,1712.95,1714.15,1711.3,1713.35,150914
2025-02-17 14:45:00,1713.1,1715.9,1712.3,1712.3,136513
2025-02-17 14:55:00,1712.65,1717.45,1712.15,1715.8,203219
2025-02-17 15:05:00,1715.55,1718.45,1715.1,1718.45,195731
2025-02-17 15:15:00,1718.4,1719.75,1717.05,1718.35,192581
2025-02-17 15:25:00,1718.3,1720.0,1717.2,1717.2,79822
2025-02-18 09:15:00,1713.05,1721.9,1713.05,1718.45,319093
2025-02-18 09:25:00,1718.2,1721.7,1713.05,1717.35,362601
2025-02-18 09:35:00,1717.2,1722.6,1716.05,1721.0,186210
2025-02-18 09:45:00,1720.9,1723.65,1719.0,1720.65,122670
2025-02-18 09:55:00,1720.55,1722.2,1719.0,1720.0,98799
2025-02-18 10:05:00,1720.0,1720.5,1714.0,1715.5,150160
2025-02-18 10:15:00,1715.5,1717.8,1709.65,1712.05,197910
2025-02-18 10:25:00,1712.05,1712.2,1708.7,1708.9,273537
2025-02-18 10:35:00,1708.8,1710.75,1708.75,1710.5,138981
2025-02-18 10:45:00,1710.55,1711.75,1707.6,1709.75,89051
2025-02-18 10:55:00,1709.95,1711.25,1709.5,1710.75,82884
2025-02-18 11:05:00,1710.8,1710.8,1706.15,1707.3,81726
2025-02-18 11:15:00,1707.35,1711.25,1706.75,1711.2,62001
2025-02-18 11:25:00,1710.85,1714.7,1710.1,1714.1,220679
2025-02-18 11:35:00,1714.1,1716.35,1713.4,1716.25,100973
2025-02-18 11:45:00,1716.25,1718.1,1715.85,1717.4,130379
2025-02-18 11:55:00,1717.4,1717.5,1715.85,1716.95,73058
2025-02-18 12:05:00,1716.85,1719.7,1716.25,1718.65,83941
2025-02-18 12:15:00,1718.65,1719.6,1717.4,1719.15,87102
2025-02-18 12:25:00,1719.05,1723.0,1718.4,1723.0,123707
2025-02-18 12:35:00,1722.5,1723.05,1720.85,1721.75,124950
2025-02-18 12:45:00,1721.7,1722.8,1719.95,1721.65,144709
2025-02-18 12:55:00,1721.45,1724.3,1719.95,1723.45,138390
2025-02-18 13:05:00,1723.45,1727.2,1723.45,1726.2,186015
2025-02-18 13:15:00,1726.2,1727.95,1726.05,1727.5,112305
2025-02-18 13:25:00,1727.3,1728.55,1726.0,1728.25,117453
2025-02-18 13:35:00,1728.15,1731.55,1727.25,1730.8,209957
2025-02-18 13:45:00,1730.9,1730.95,1727.3,1728.65,184255
2025-02-18 13:55:00,1728.65,1730.45,1727.5,1727.9,232580
2025-02-18 14:05:00,1727.9,1730.25,1727.2,1728.8,221284
2025-02-18 14:15:00,1728.3,1729.15,1727.2,1728.9,132345
2025-02-18 14:25:00,1728.75,1729.45,1726.4,1726.85,127883
2025-02-18 14:35:00,1727.4,1727.5,1725.05,1726.4,167603
2025-02-18 14:45:00,1726.35,1727.3,1724.35,1725.0,223391
2025-02-18 14:55:00,1724.95,1726.25,1722.95,1723.4,307378
2025-02-18 15:05:00,1723.35,1724.15,1720.75,1721.65,358785
2025-02-18 15:15:00,1721.55,1723.3,1720.9,1722.25,392328
2025-02-18 15:25:00,1722.2,1723.0,1721.0,1723.0,146211
2025-02-19 09:15:00,1717.0,1722.95,1712.45,1721.25,548992
2025-02-19 09:25:00,1721.25,1726.9,1721.25,1726.5,222151
2025-02-19 09:35:00,1726.2,1730.4,1724.45,1730.4,140502
2025-02-19 09:45:00,1730.4,1734.45,1728.5,1729.2,334429
2025-02-19 09:55:00,1729.15,1732.2,1729.0,1730.5,102358
2025-02-19 10:05:00,1730.5,1733.95,1729.0,1733.6,78901
2025-02-19 10:15:00,1733.5,1737.0,1733.5,1736.65,136611
2025-02-19 10:25:00,1736.65,1737.9,1735.35,1736.85,56397
2025-02-19 10:35:00,1736.9,1737.0,1733.85,1735.8,67244
2025-02-19 10:45:00,1735.8,1735.85,1732.05,1733.5,68661
2025-02-19 10:55:00,1733.5,1734.0,1730.65,1733.05,122151
2025-02-19 11:05:00,1733.05,1734.0,1730.15,1734.0,94632
2025-02-19 11:15:00,1734.05,1735.0,1729.5,1730.0,77542
2025-02-19 11:25:00,1730.0,1730.5,1727.95,1729.95,104483
2025-02-19 11:35:00,1729.9,1730.0,1728.25,1728.75,71552
2025-02-19 11:45:00,1728.7,1731.8,1728.7,1730.65,103457
2025-02-19 11:55:00,1730.65,1733.35,1730.65,1732.1,55122
2025-02-19 12:05:00,1732.0,1732.9,1729.95,1729.95,63254
2025-02-19 12:15:00,1729.85,1731.6,1727.2,1727.7,89569
2025-02-19 12:25:00,1727.7,1729.9,1726.8,1728.8,124246
2025-02-19 12:35:00,1728.8,1728.9,1725.7,1728.05,90237
2025-02-19 12:45:00,1728.05,1730.7,1727.9,1728.55,95741
2025-02-19 12:55:00,1728.55,1729.1,1727.65,1729.0,60212
2025-02-19 13:05:00,1729.05,1730.0,1727.35,1728.25,72676
2025-02-19 13:15:00,1728.25,1730.8,1726.45,1730.4,79776
2025-02-19 13:25:00,1730.4,1732.0,1729.8,1731.15,76356
2025-02-19 13:35:00,1731.1,1732.05,1730.2,1730.4,58231
2025-02-19 13:45:00,1730.4,1732.3,1729.05,1729.4,86711
2025-02-19 13:55:00,1729.4,1730.65,1727.75,1728.65,79854
2025-02-19 14:05:00,1728.6,1730.0,1727.7,1729.0,60359
2025-02-19 14:15:00,1728.95,1729.3,1722.35,1723.3,126751
2025-02-19 14:25:00,1723.3,1724.3,1719.6,1722.45,88537
2025-02-19 14:35:00,1722.45,1724.85,1720.95,1721.55,91572
2025-02-19 14:45:00,1721.55,1727.8,1721.0,1726.65,124653
2025-02-19 14:55:00,1726.65,1729.75,1724.85,1728.15,146328
2025-02-19 15:05:00,1728.2,1728.7,1726.15,1726.6,208045
2025-02-19 15:15:00,1726.65,1727.05,1725.15,1725.45,200123
2025-02-19 15:25:00,1725.45,1727.35,1723.0,1723.15,96373
2025-02-20 09:15:00,1711.0,1714.7,1699.0,1699.0,2563599
2025-02-20 09:25:00,1699.0,1700.9,1697.35,1700.0,318975
2025-02-20 09:35:00,1700.05,1700.25,1694.85,1695.95,351220
2025-02-20 09:45:00,1696.0,1696.0,1689.45,1693.2,455388
2025-02-20 09:55:00,1693.6,1694.9,1691.45,1693.05,324153
2025-02-20 10:05:00,1693.0,1694.05,1690.0,1690.05,244114
2025-02-20 10:15:00,1690.25,1694.0,1689.15,1692.25,137458
2025-02-20 10:25:00,1692.25,1693.35,1690.45,1693.2,140171
2025-02-20 10:35:00,1693.05,1694.2,1691.1,1691.9,137794
2025-02-20 10:45:00,1691.9,1693.8,1691.15,1692.65,114302
2025-02-20 10:55:00,1692.65,1692.65,1690.1,1690.1,158976
2025-02-20 11:05:00,1690.2,1692.0,1687.65,1690.7,190983
2025-02-20 11:15:00,1690.7,1693.1,1690.4,1691.75,117986
2025-02-20 11:25:00,1691.75,1693.9,1690.05,1693.9,199646
2025-02-20 11:35:00,1693.3,1693.6,1691.35,1691.55,80889
2025-02-20 11:45:00,1691.6,1692.65,1689.45,1690.05,122883
2025-02-20 11:55:00,1690.05,1691.75,1689.8,1691.35,75149
2025-02-20 12:05:00,1691.45,1692.3,1688.5,1688.7,85143
2025-02-20 12:15:00,1688.6,1689.65,1685.3,1686.75,125222
2025-02-20 12:25:00,1686.75,1689.0,1685.85,1688.15,187455
2025-02-20 12:35:00,1688.2,1690.65,1688.2,1690.55,86011
2025-02-20 12:45:00,1690.55,1691.95,1690.0,1690.85,96457
2025-02-20 12:55:00,1690.85,1690.9,1687.35,1688.25,115978
2025-02-20 13:05:00,1688.25,1688.75,1687.1,1687.55,143369
2025-02-20 13:15:00,1687.55,1688.25,1687.1,1687.55,105639
2025-02-20 13:25:00,1687.55,1690.0,1687.0,1689.95,130844
2025-02-20 13:35:00,1689.9,1692.3,1689.85,1692.25,193892
2025-02-20 13:45:00,1692.25,1692.35,1690.5,1691.5,203015
2025-02-20 13:55:00,1691.5,1691.5,1688.5,1689.0,168089
2025-02-20 14:05:00,1689.0,1689.35,1687.25,1689.0,193350
2025-02-20 14:15:00,1689.0,1690.0,1688.55,1689.9,153362
2025-02-20 14:25:00,1689.9,1690.5,1689.2,1689.8,147892
2025-02-20 14:35:00,1689.85,1690.75,1689.5,1689.9,228779
2025-02-20 14:45:00,1689.9,1690.05,1688.05,1688.5,317301
2025-02-20 14:55:00,1689.1,1690.1,1688.25,1688.4,387154
2025-02-20 15:05:00,1688.5,1689.0,1686.15,1686.35,519689
2025-02-20 15:15:00,1686.35,1687.35,1685.45,1685.8,741697
2025-02-20 15:25:00,1685.85,1686.7,1685.6,1685.6,276955
2025-02-21 09:15:00,1680.9,1689.75,1679.2,1689.65,494809
2025-02-21 09:25:00,1689.05,1690.5,1683.2,1683.5,270689
2025-02-21 09:35:00,1683.5,1683.9,1678.6,1680.55,186701
2025-02-21 09:45:00,1680.45,1681.8,1677.45,1679.45,307299
2025-02-21 09:55:00,1679.75,1681.85,1677.25,1679.9,185694
2025-02-21 10:05:00,1679.9,1683.6,1679.25,1680.5,173671
2025-02-21 10:15:00,1680.55,1683.4,1679.7,1681.0,124205
2025-02-21 10:25:00,1681.0,1682.1,1679.05,1680.4,73021
2025-02-21 10:35:00,1680.4,1681.35,1679.15,1679.45,63853
2025-02-21 10:45:00,1679.45,1681.5,1677.6,1679.65,92383
2025-02-21 10:55:00,1679.75,1682.45,1678.05,1681.0,108579
2025-02-21 11:05:00,1681.0,1681.55,1678.0,1681.5,142748
2025-02-21 11:15:00,1681.5,1681.95,1680.05,1681.4,147979
2025-02-21 11:25:00,1681.4,1682.0,1680.0,1681.4,123452
2025-02-21 11:35:00,1681.4,1686.0,1681.4,1685.05,64421
2025-02-21 11:45:00,1685.05,1685.65,1683.75,1685.1,51183
2025-02-21 11:55:00,1685.1,1685.85,1683.9,1684.05,84486
2025-02-21 12:05:00,1684.05,1684.65,1682.0,1682.4,83040
2025-02-21 12:15:00,1682.45,1683.8,1681.85,1683.0,309359
2025-02-21 12:25:00,1683.0,1689.8,1682.85,1689.4,116289
2025-02-21 12:35:00,1689.4,1690.0,1686.4,1686.65,82483
2025-02-21 12:45:00,1686.65,1689.0,1685.5,1687.3,80186
2025-02-21 12:55:00,1687.3,1687.75,1684.0,1686.0,140962
2025-02-21 13:05:00,1685.8,1688.0,1685.8,1688.0,77127
2025-02-21 13:15:00,1688.0,1689.0,1687.3,1688.25,126747
2025-02-21 13:25:00,1688.25,1689.4,1685.45,1687.75,149671
2025-02-21 13:35:00,1687.75,1689.4,1686.75,1688.1,150313
2025-02-21 13:45:00,1688.2,1690.8,1687.45,1690.7,147286
2025-02-21 13:55:00,1690.75,1690.8,1688.55,1689.5,119154
2025-02-21 14:05:00,1689.45,1692.5,1689.45,1691.75,141298
2025-02-21 14:15:00,1691.75,1693.3,1690.65,1692.6,97177
2025-02-21 14:25:00,1692.6,1692.65,1690.15,1690.85,92264
2025-02-21 14:35:00,1690.8,1693.0,1690.0,1692.85,97413
2025-02-21 14:45:00,1692.8,1694.45,1691.35,1691.85,125255
2025-02-21 14:55:00,1692.35,1694.45,1689.35,1694.25,244172
2025-02-21 15:05:00,1694.25,1694.95,1693.25,1693.65,348822
2025-02-21 15:15:00,1693.65,1693.75,1689.45,1690.05,267377
2025-02-21 15:25:00,1690.1,1691.9,1690.0,1690.0,135054
2025-02-24 09:15:00,1681.1,1684.2,1668.0,1668.4,758446
2025-02-24 09:25:00,1669.1,1669.1,1664.0,1664.55,282419
2025-02-24 09:35:00,1664.55,1671.05,1661.1,1662.9,228945
2025-02-24 09:45:00,1662.9,1671.45,1662.9,1669.7,190454
2025-02-24 09:55:00,1669.75,1673.0,1668.0,1669.4,137359
2025-02-24 10:05:00,1669.0,1669.4,1665.0,1665.1,116787
2025-02-24 10:15:00,1665.2,1669.8,1665.1,1668.45,99400
2025-02-24 10:25:00,1667.8,1671.5,1667.5,1669.65,106077
2025-02-24 10:35:00,1669.65,1669.8,1666.0,1666.55,173449
2025-02-24 10:45:00,1666.55,1667.0,1665.05,1665.3,186056
2025-02-24 10:55:00,1665.3,1665.85,1662.7,1662.75,212910
2025-02-24 11:05:00,1662.7,1664.95,1661.7,1662.45,327033
2025-02-24 11:15:00,1662.4,1664.9,1662.1,1664.25,150299
2025-02-24 11:25:00,1664.25,1666.35,1663.7,1665.55,193799
2025-02-24 11:35:00,1665.55,1669.4,1664.8,1669.0,172385
2025-02-24 11:45:00,1669.0,1672.0,1667.7,1670.85,336762
2025-02-24 11:55:00,1670.95,1671.9,1668.75,1669.35,132702
2025-02-24 12:05:00,1669.4,1669.9,1666.9,1669.3,215205
2025-02-24 12:15:00,1669.25,1671.4,1668.5,1671.25,161691
2025-02-24 12:25:00,1671.25,1673.0,1670.9,1672.2,173759
2025-02-24 12:35:00,1672.2,1673.85,1670.35,1670.5,177514
2025-02-24 12:45:00,1670.5,1672.7,1670.05,1672.2,144148
2025-02-24 12:55:00,1672.2,1674.5,1672.15,1674.2,131439
2025-02-24 13:05:00,1674.2,1674.65,1673.4,1674.0,153129
2025-02-24 13:15:00,1674.0,1675.9,1672.85,1673.05,186864
2025-02-24 13:25:00,1673.1,1673.95,1672.3,1673.25,130819
2025-02-24 13:35:00,1673.25,1673.45,1671.75,1672.45,190131
2025-02-24 13:45:00,1672.45,1674.6,1671.55,1674.55,154531
2025-02-24 13:55:00,1674.55,1675.0,1673.7,1673.85,157792
2025-02-24 14:05:00,1673.8,1674.8,1672.95,1674.5,136283
2025-02-24 14:15:00,1674.35,1677.7,1673.6,1675.15,226344
2025-02-24 14:25:00,1675.15,1678.0,1675.05,1677.65,223054
2025-02-24 14:35:00,1677.65,1679.0,1677.0,1678.25,321209
2025-02-24 14:45:00,1678.25,1683.1,1678.2,1681.35,226835
2025-02-24 14:55:00,1681.35,1681.7,1676.65,1676.95,343219
2025-02-24 15:05:00,1677.05,1678.9,1676.85,1676.85,510172
2025-02-24 15:15:00,1677.25,1677.25,1674.9,1676.7,544787
2025-02-24 15:25:00,1676.65,1679.0,1676.4,1677.0,229405
2025-02-25 09:15:00,1671.1,1684.65,1671.1,1684.65,550559
2025-02-25 09:25:00,1684.0,1684.8,1677.75,1680.85,733376
2025-02-25 09:35:00,1680.85,1684.35,1679.95,1682.85,199033
2025-02-25 09:45:00,1683.0,1686.0,1681.65,1683.25,171204
2025-02-25 09:55:00,1683.25,1684.95,1680.15,1683.75,142936
2025-02-25 10:05:00,1683.65,1685.0,1681.5,1683.0,173528
2025-02-25 10:15:00,1683.0,1684.0,1681.5,1682.05,127307
2025-02-25 10:25:00,1682.05,1682.25,1677.65,1678.35,123432
2025-02-25 10:35:00,1678.35,1680.0,1677.8,1679.0,222559
2025-02-25 10:45:00,1679.15,1680.0,1674.45,1675.95,145594
2025-02-25 10:55:00,1676.0,1676.65,1673.5,1675.4,88326
2025-02-25 11:05:00,1675.25,1678.4,1675.0,1677.65,71706
2025-02-25 11:15:00,1677.65,1680.5,1677.1,1680.0,111980
2025-02-25 11:25:00,1680.0,1680.0,1678.0,1679.05,79807
2025-02-25 11:35:00,1679.05,1680.5,1678.65,1679.85,110519
2025-02-25 11:45:00,1679.85,1680.0,1678.1,1678.65,130700
2025-02-25 11:55:00,1678.55,1680.0,1678.25,1679.9,120666
2025-02-25 12:05:00,1679.85,1683.0,1679.15,1681.75,154582
2025-02-25 12:15:00,1681.8,1686.8,1681.7,1684.7,213886
2025-02-25 12:25:00,1684.7,1687.05,1684.15,1685.65,114224
2025-02-25 12:35:00,1685.65,1686.45,1684.0,1684.6,112932
2025-02-25 12:45:00,1684.8,1685.0,1684.0,1684.3,109159
2025-02-25 12:55:00,1684.2,1685.85,1684.05,1684.2,110286
2025-02-25 13:05:00,1684.2,1685.75,1684.15,1684.4,105133
2025-02-25 13:15:00,1684.3,1685.3,1684.0,1684.05,120414
2025-02-25 13:25:00,1684.15,1685.85,1684.0,1685.45,99771
2025-02-25 13:35:00,1685.45,1687.5,1684.55,1686.85,151094
2025-02-25 13:45:00,1686.55,1688.0,1684.3,1685.05,110460
2025-02-25 13:55:00,1685.0,1686.15,1684.15,1684.65,104520
2025-02-25 14:05:00,1685.0,1685.8,1684.15,1684.75,124603
2025-02-25 14:15:00,1684.2,1684.7,1681.2,1682.55,225859
2025-02-25 14:25:00,1682.7,1684.3,1681.5,1683.05,139365
2025-02-25 14:35:00,1683.05,1683.25,1681.25,1681.6,148065
2025-02-25 14:45:00,1681.6,1683.8,1680.25,1683.3,170665
2025-02-25 14:55:00,1683.0,1684.75,1682.35,1683.5,377391
2025-02-25 15:05:00,1683.55,1685.6,1682.8,1683.2,764649
2025-02-25 15:15:00,1683.2,1684.85,1680.15,1680.2,852768
2025-02-25 15:25:00,1680.25,1681.0,1677.8,1680.85,361020
2025-02-27 09:15:00,1682.55,1697.55,1682.55,1697.05,1299573
2025-02-27 09:25:00,1697.05,1701.0,1695.3,1698.45,667179
2025-02-27 09:35:00,1698.45,1700.0,1694.55,1699.8,343000
2025-02-27 09:45:00,1699.8,1700.0,1696.0,1698.1,276523
2025-02-27 09:55:00,1698.2,1700.45,1698.1,1699.2,239591
2025-02-27 10:05:00,1699.65,1701.9,1697.7,1700.45,336077
2025-02-27 10:15:00,1700.45,1700.5,1693.5,1694.55,185947
2025-02-27 10:25:00,1694.55,1698.0,1694.1,1697.95,140669
2025-02-27 10:35:00,1698.0,1698.75,1696.85,1698.75,152264
2025-02-27 10:45:00,1698.75,1699.8,1697.15,1697.65,243522
2025-02-27 10:55:00,1697.65,1698.95,1696.5,1697.5,315064
2025-02-27 11:05:00,1697.5,1701.1,1697.3,1701.0,303576
2025-02-27 11:15:00,1700.85,1701.5,1699.0,1699.1,212630
2025-02-27 11:25:00,1699.25,1700.0,1698.75,1700.0,246905
2025-02-27 11:35:00,1699.95,1700.15,1698.75,1700.0,244515
2025-02-27 11:45:00,1700.0,1701.9,1699.95,1700.65,197018
2025-02-27 11:55:00,1700.65,1700.7,1699.65,1700.2,153465
2025-02-27 12:05:00,1700.25,1702.5,1699.7,1702.3,236152
2025-02-27 12:15:00,1702.3,1702.9,1700.6,1701.5,306830
2025-02-27 12:25:00,1701.75,1702.8,1700.3,1700.6,210214
2025-02-27 12:35:00,1700.65,1701.4,1699.65,1700.95,166218
2025-02-27 12:45:00,1700.95,1700.95,1699.55,1700.0,166385
2025-02-27 12:55:00,1700.1,1700.85,1699.95,1700.85,119723
2025-02-27 13:05:00,1700.9,1702.7,1700.65,1702.1,168457
2025-02-27 13:15:00,1702.15,1705.5,1701.9,1704.05,348159
2025-02-27 13:25:00,1704.05,1705.65,1703.0,1705.0,278639
2025-02-27 13:35:00,1704.85,1706.5,1704.25,1706.0,300492
2025-02-27 13:45:00,1706.0,1707.25,1705.55,1707.1,260829
2025-02-27 13:55:00,1707.1,1709.8,1706.1,1709.4,347200
2025-02-27 14:05:00,1709.05,1709.4,1706.0,1708.25,346750
2025-02-27 14:15:00,1708.25,1709.65,1707.0,1709.3,510387
2025-02-27 14:25:00,1709.3,1710.75,1705.7,1706.35,536494
2025-02-27 14:35:00,1706.45,1707.5,1703.8,1707.4,427366
2025-02-27 14:45:00,1707.35,1707.95,1704.35,1705.05,524928
2025-02-27 14:55:00,1705.05,1705.9,1700.35,1703.7,1456049
2025-02-27 15:05:00,1703.65,1703.9,1695.55,1697.45,1645122
2025-02-27 15:15:00,1697.3,1701.55,1695.75,1697.25,1117114
2025-02-27 15:25:00,1697.0,1701.0,1695.85,1698.25,495420
2025-02-28 09:15:00,1685.0,1699.8,1685.0,1697.35,1135448
2025-02-28 09:25:00,1696.8,1705.45,1695.9,1702.7,607511
2025-02-28 09:35:00,1702.05,1702.7,1693.5,1697.95,493450
2025-02-28 09:45:00,1696.75,1700.6,1696.6,1698.05,484943
2025-02-28 09:55:00,1698.0,1700.65,1695.3,1700.65,328704
2025-02-28 10:05:00,1700.95,1703.55,1700.0,1701.9,177473
2025-02-28 10:15:00,1701.9,1707.6,1701.65,1705.75,261166
2025-02-28 10:25:00,1705.6,1709.15,1705.0,1705.45,428945
2025-02-28 10:35:00,1705.3,1707.45,1704.9,1707.25,426402
2025-02-28 10:45:00,1707.4,1709.45,1704.5,1705.65,281777
2025-02-28 10:55:00,1705.65,1708.9,1705.05,1708.9,223046
2025-02-28 11:05:00,1708.9,1715.85,1708.65,1715.0,437521
2025-02-28 11:15:00,1715.0,1715.75,1714.05,1715.2,325632
2025-02-28 11:25:00,1715.2,1719.45,1714.8,1715.8,220779
2025-02-28 11:35:00,1715.8,1719.0,1714.35,1716.55,301500
2025-02-28 11:45:00,1716.8,1717.25,1714.75,1716.2,237670
2025-02-28 11:55:00,1716.3,1716.9,1715.45,1715.95,141114
2025-02-28 12:05:00,1715.95,1717.0,1715.0,1716.6,154122
2025-02-28 12:15:00,1716.9,1724.0,1716.4,1723.65,491141
2025-02-28 12:25:00,1723.65,1724.5,1718.6,1719.1,518578
2025-02-28 12:35:00,1719.1,1719.5,1715.1,1715.4,359767
2025-02-28 12:45:00,1715.55,1717.9,1713.05,1713.45,271727
2025-02-28 12:55:00,1713.45,1715.8,1711.0,1715.7,530779
2025-02-28 13:05:00,1715.7,1716.35,1711.7,1713.2,404978
2025-02-28 13:15:00,1712.45,1714.85,1711.7,1714.65,361348
2025-02-28 13:25:00,1714.45,1718.85,1713.8,1718.6,412121
2025-02-28 13:35:00,1718.6,1721.55,1718.0,1720.7,489726
2025-02-28 13:45:00,1720.7,1723.55,1720.0,1721.3,518335
2025-02-28 13:55:00,1721.3,1726.0,1720.8,1724.95,390230
2025-02-28 14:05:00,1725.0,1725.95,1723.35,1724.95,332950
2025-02-28 14:15:00,1725.0,1728.0,1724.45,1725.0,580830
2025-02-28 14:25:00,1725.0,1726.95,1724.6,1725.85,287374
2025-02-28 14:35:00,1725.5,1728.45,1722.65,1728.45,485220
2025-02-28 14:45:00,1728.3,1730.6,1724.45,1726.8,899531
2025-02-28 14:55:00,1726.75,1735.0,1725.0,1734.45,2562360
2025-02-28 15:05:00,1734.45,1737.25,1730.15,1731.7,3812953
2025-02-28 15:15:00,1731.75,1736.55,1730.8,1731.4,3603939
2025-02-28 15:25:00,1731.4,1731.5,1727.4,1730.15,1040891
2025-03-03 09:15:00,1739.8,1743.05,1730.0,1731.4,819120
2025-03-03 09:25:00,1730.65,1732.5,1726.3,1730.15,253570
2025-03-03 09:35:00,1730.15,1733.0,1727.9,1727.9,178997
2025-03-03 09:45:00,1727.65,1727.95,1721.45,1723.25,233155
2025-03-03 09:55:00,1723.25,1726.15,1721.1,1723.0,147540
2025-03-03 10:05:00,1723.0,1723.25,1717.05,1718.0,286601
2025-03-03 10:15:00,1718.6,1722.0,1718.05,1719.2,133104
2025-03-03 10:25:00,1719.0,1719.2,1713.4,1714.3,129178
2025-03-03 10:35:00,1714.15,1715.5,1711.35,1712.25,85017
2025-03-03 10:45:00,1712.25,1714.05,1710.55,1710.6,57676
2025-03-03 10:55:00,1710.75,1710.95,1705.65,1705.75,201706
2025-03-03 11:05:00,1705.75,1706.8,1703.25,1706.5,144292
2025-03-03 11:15:00,1706.5,1707.0,1702.1,1702.1,199136
2025-03-03 11:25:00,1702.65,1705.0,1700.0,1704.95,495762
2025-03-03 11:35:00,1704.8,1704.95,1702.05,1702.9,88385
2025-03-03 11:45:00,1702.8,1705.0,1701.85,1701.85,71957
2025-03-03 11:55:00,1701.9,1706.75,1701.65,1706.7,924154
2025-03-03 12:05:00,1706.35,1707.95,1704.5,1706.0,116126
2025-03-03 12:15:00,1706.0,1709.85,1704.25,1707.95,137586
2025-03-03 12:25:00,1707.95,1710.0,1706.0,1709.1,77938
2025-03-03 12:35:00,1709.4,1710.65,1706.35,1709.0,192060
2025-03-03 12:45:00,1709.0,1712.15,1707.4,1708.4,193100
2025-03-03 12:55:00,1708.45,1709.05,1704.5,1705.85,86136
2025-03-03 13:05:00,1705.85,1707.0,1704.7,1705.35,90374
2025-03-03 13:15:00,1705.35,1707.6,1703.65,1705.0,139981
2025-03-03 13:25:00,1705.0,1705.0,1701.5,1703.75,99484
2025-03-03 13:35:00,1703.5,1704.9,1702.2,1703.1,117312
2025-03-03 13:45:00,1703.1,1704.15,1702.0,1703.35,180714
2025-03-03 13:55:00,1703.35,1703.7,1698.25,1699.4,145141
2025-03-03 14:05:00,1699.2,1699.85,1694.1,1697.1,205543
2025-03-03 14:15:00,1697.5,1701.3,1694.85,1700.5,801234
2025-03-03 14:25:00,1700.5,1704.35,1699.8,1702.45,142464
2025-03-03 14:35:00,1702.15,1704.0,1700.05,1701.95,151377
2025-03-03 14:45:00,1701.95,1702.45,1699.35,1701.45,167557
2025-03-03 14:55:00,1701.45,1702.1,1699.2,1701.15,254245
2025-03-03 15:05:00,1701.2,1703.9,1700.75,1701.2,418353
2025-03-03 15:15:00,1701.3,1702.2,1699.95,1701.65,555236
2025-03-03 15:25:00,1701.55,1704.0,1700.25,1703.95,240793
2025-03-04 09:15:00,1698.0,1712.55,1693.25,1705.0,1107917
2025-03-04 09:25:00,1705.0,1708.45,1700.05,1707.1,275454
2025-03-04 09:35:00,1707.1,1708.1,1702.5,1702.8,176143
2025-03-04 09:45:00,1702.55,1704.9,1699.3,1699.6,168766
2025-03-04 09:55:00,1699.3,1702.85,1698.1,1701.4,172335
2025-03-04 10:05:00,1701.4,1701.65,1696.75,1699.65,238000
2025-03-04 10:15:00,1699.65,1701.9,1698.45,1701.3,115154
2025-03-04 10:25:00,1701.3,1707.0,1700.75,1705.25,143624
2025-03-04 10:35:00,1705.25,1706.05,1703.9,1704.55,103069
2025-03-04 10:45:00,1704.55,1706.2,1703.8,1705.0,95334
2025-03-04 10:55:00,1705.65,1706.4,1703.9,1706.3,96410
2025-03-04 11:05:00,1706.3,1706.3,1702.9,1704.5,150380
2025-03-04 11:15:00,1704.4,1704.8,1702.35,1703.15,107373
2025-03-04 11:25:00,1703.3,1703.8,1701.65,1702.95,91822
2025-03-04 11:35:00,1702.95,1703.0,1700.05,1701.0,76451
2025-03-04 11:45:00,1701.0,1702.4,1699.8,1702.4,179233
2025-03-04 11:55:00,1702.4,1703.3,1701.5,1703.2,145900
2025-03-04 12:05:00,1703.15,1703.75,1701.5,1702.05,120083
2025-03-04 12:15:00,1702.05,1707.55,1701.95,1705.25,209448
2025-03-04 12:25:00,1705.25,1706.95,1704.4,1706.8,94475
2025-03-04 12:35:00,1706.8,1708.5,1706.5,1707.3,78455
2025-03-04 12:45:00,1707.3,1707.3,1704.45,1705.6,76851
2025-03-04 12:55:00,1705.6,1709.35,1704.45,1707.75,155145
2025-03-04 13:05:00,1707.75,1710.65,1707.0,1710.0,173193
2025-03-04 13:15:00,1709.95,1710.5,1708.2,1709.4,117214
2025-03-04 13:25:00,1709.4,1710.0,1707.0,1709.65,95837
2025-03-04 13:35:00,1709.5,1710.0,1707.4,1709.0,138041
2025-03-04 13:45:00,1709.2,1710.6,1707.45,1710.3,136870
2025-03-04 13:55:00,1710.3,1711.45,1708.6,1710.0,165691
2025-03-04 14:05:00,1709.9,1711.8,1709.0,1710.45,182396
2025-03-04 14:15:00,1710.5,1710.9,1708.1,1709.7,179288
2025-03-04 14:25:00,1709.7,1709.75,1707.5,1708.0,190935
2025-03-04 14:35:00,1708.15,1708.65,1705.45,1705.45,277550
2025-03-04 14:45:00,1705.5,1705.95,1703.5,1704.95,285350
2025-03-04 14:55:00,1705.0,1710.0,1702.4,1709.95,553257
2025-03-04 15:05:00,1709.95,1711.7,1708.6,1711.55,703285
2025-03-04 15:15:00,1711.6,1714.3,1710.8,1712.5,505307
2025-03-04 15:25:00,1712.5,1712.9,1708.25,1711.3,198185
2025-03-05 09:15:00,1701.95,1707.7,1696.1,1699.9,824084
2025-03-05 09:25:00,1699.45,1703.3,1697.55,1702.2,384682
2025-03-05 09:35:00,1702.2,1705.7,1699.55,1704.35,235813
2025-03-05 09:45:00,1704.95,1710.8,1704.25,1706.4,238047
2025-03-05 09:55:00,1706.4,1708.65,1705.1,1708.1,147539
2025-03-05 10:05:00,1708.1,1709.25,1706.45,1708.65,140231
2025-03-05 10:15:00,1708.4,1708.4,1704.5,1706.45,125888
2025-03-05 10:25:00,1706.55,1707.5,1705.5,1705.7,128598
2025-03-05 10:35:00,1706.2,1706.65,1703.1,1703.45,98424
2025-03-05 10:45:00,1703.15,1704.5,1699.45,1701.1,157413
2025-03-05 10:55:00,1700.95,1701.75,1699.0,1699.9,151769
2025-03-05 11:05:00,1699.95,1701.45,1699.1,1701.0,140968
2025-03-05 11:15:00,1701.05,1701.5,1699.5,1699.75,93040
2025-03-05 11:25:00,1699.7,1700.0,1695.85,1698.8,201582
2025-03-05 11:35:00,1698.8,1701.9,1698.35,1699.9,214434
2025-03-05 11:45:00,1699.9,1702.0,1699.2,1700.0,153104
2025-03-05 11:55:00,1700.0,1702.95,1699.65,1700.95,156145
2025-03-05 12:05:00,1700.95,1702.45,1700.75,1701.3,109260
2025-03-05 12:15:00,1701.4,1702.45,1699.0,1699.25,175980
2025-03-05 12:25:00,1699.5,1700.2,1698.25,1699.9,207482
2025-03-05 12:35:00,1699.85,1700.0,1698.4,1698.5,107330
2025-03-05 12:45:00,1698.5,1699.75,1698.05,1698.65,109632
2025-03-05 12:55:00,1698.65,1699.5,1698.0,1698.3,118746
2025-03-05 13:05:00,1698.35,1699.4,1695.8,1699.05,220586
2025-03-05 13:15:00,1699.25,1699.4,1696.0,1696.55,146100
2025-03-05 13:25:00,1696.55,1697.7,1693.15,1693.7,226983
2025-03-05 13:35:00,1693.75,1694.9,1691.0,1691.9,191556
2025-03-05 13:45:00,1691.95,1693.95,1690.8,1691.45,242313
2025-03-05 13:55:00,1691.5,1692.95,1690.3,1691.25,266580
2025-03-05 14:05:00,1691.25,1692.5,1690.5,1691.95,221833
2025-03-05 14:15:00,1691.95,1691.95,1689.25,1689.95,277754
2025-03-05 14:25:00,1689.95,1693.7,1689.75,1690.6,412218
2025-03-05 14:35:00,1690.95,1691.85,1689.5,1689.75,409818
2025-03-05 14:45:00,1689.75,1690.95,1688.25,1689.9,557138
2025-03-05 14:55:00,1689.9,1690.85,1688.8,1689.5,584066
2025-03-05 15:05:00,1689.5,1690.6,1689.1,1689.5,771946
2025-03-05 15:15:00,1689.85,1691.4,1688.7,1690.0,953873
2025-03-05 15:25:00,1690.0,1692.9,1689.95,1692.1,319877
2025-03-06 09:15:00,1687.0,1699.9,1687.0,1695.5,2747295
2025-03-06 09:25:00,1695.5,1697.0,1683.5,1684.0,912081
2025-03-06 09:35:00,1683.65,1684.3,1677.1,1678.7,562003
2025-03-06 09:45:00,1678.7,1680.45,1672.25,1675.45,616323
2025-03-06 09:55:00,1675.45,1677.45,1673.55,1676.6,248209
2025-03-06 10:05:00,1676.7,1679.0,1675.0,1677.15,314728
2025-03-06 10:15:00,1677.05,1681.6,1676.65,1678.3,353157
2025-03-06 10:25:00,1678.3,1680.65,1676.65,1679.85,189640
2025-03-06 10:35:00,1679.85,1681.35,1678.4,1678.95,154446
2025-03-06 10:45:00,1678.95,1680.0,1678.5,1679.9,164580
2025-03-06 10:55:00,1679.95,1679.95,1677.45,1679.9,134205
2025-03-06 11:05:00,1679.9,1684.8,1679.75,1684.0,335509
2025-03-06 11:15:00,1684.0,1684.0,1677.25,1678.2,185384
2025-03-06 11:25:00,1677.75,1678.6,1675.45,1678.05,196817
2025-03-06 11:35:00,1678.05,1679.15,1677.15,1678.45,246963
2025-03-06 11:45:00,1678.45,1681.3,1678.35,1680.0,216212
2025-03-06 11:55:00,1680.0,1680.5,1678.05,1680.3,126052
2025-03-06 12:05:00,1680.3,1680.75,1678.8,1679.25,125649
2025-03-06 12:15:00,1679.25,1681.0,1678.65,1680.15,155411
2025-03-06 12:25:00,1680.15,1682.85,1679.85,1680.85,230747
2025-03-06 12:35:00,1680.85,1682.95,1680.5,1682.65,643589
2025-03-06 12:45:00,1682.55,1682.9,1679.2,1680.7,427171
2025-03-06 12:55:00,1680.7,1682.35,1679.3,1682.2,182588
2025-03-06 13:05:00,1682.1,1682.45,1679.95,1681.5,327788
2025-03-06 13:15:00,1681.5,1682.45,1680.6,1682.35,119677
2025-03-06 13:25:00,1682.35,1682.45,1681.05,1682.45,118804
2025-03-06 13:35:00,1682.45,1684.4,1681.7,1683.2,577826
2025-03-06 13:45:00,1683.25,1686.25,1683.15,1686.25,348133
2025-03-06 13:55:00,1686.25,1687.0,1684.9,1686.8,368030
2025-03-06 14:05:00,1686.85,1688.0,1686.4,1686.95,361230
2025-03-06 14:15:00,1686.95,1686.95,1685.0,1686.3,302923
2025-03-06 14:25:00,1686.35,1690.0,1685.4,1689.95,374721
2025-03-06 14:35:00,1690.0,1691.25,1688.6,1690.7,314549
2025-03-06 14:45:00,1690.55,1693.35,1690.1,1690.2,418715
2025-03-06 14:55:00,1690.2,1692.25,1689.95,1692.25,621892
2025-03-06 15:05:00,1692.35,1693.05,1688.7,1692.0,1022278
2025-03-06 15:15:00,1691.95,1692.1,1690.0,1691.45,813001
2025-03-06 15:25:00,1691.45,1692.8,1690.4,1692.4,251370
2025-03-07 09:15:00,1682.0,1690.0,1677.6,1689.0,607378
2025-03-07 09:25:00,1688.7,1691.7,1687.55,1691.5,149119
2025-03-07 09:35:00,1691.9,1691.9,1685.35,1687.05,156163
2025-03-07 09:45:00,1687.05,1692.0,1686.6,1691.75,134513
2025-03-07 09:55:00,1691.85,1695.9,1691.55,1693.1,195819
2025-03-07 10:05:00,1693.05,1695.85,1692.25,1695.85,108416
2025-03-07 10:15:00,1695.85,1699.8,1695.0,1698.25,179912
2025-03-07 10:25:00,1698.3,1701.0,1698.3,1698.9,124689
2025-03-07 10:35:00,1698.9,1700.0,1695.55,1695.55,196621
2025-03-07 10:45:00,1695.55,1701.15,1695.2,1699.1,249969
2025-03-07 10:55:00,1699.15,1699.15,1696.9,1697.85,76594
2025-03-07 11:05:00,1697.85,1698.5,1696.1,1698.5,106993
2025-03-07 11:15:00,1698.45,1699.8,1695.25,1695.45,97292
2025-03-07 11:25:00,1695.45,1695.5,1692.25,1692.95,114442
2025-03-07 11:35:00,1692.9,1693.0,1690.5,1691.25,113078
2025-03-07 11:45:00,1691.2,1691.35,1688.6,1688.95,132188
2025-03-07 11:55:00,1688.8,1691.45,1688.05,1689.5,71355
2025-03-07 12:05:00,1689.5,1692.75,1689.2,1692.75,57840
2025-03-07 12:15:00,1692.1,1692.85,1690.05,1691.45,131712
2025-03-07 12:25:00,1691.4,1692.75,1690.8,1691.85,108665
2025-03-07 12:35:00,1691.85,1693.2,1690.65,1691.2,73326
2025-03-07 12:45:00,1690.95,1691.4,1688.85,1689.2,37076
2025-03-07 12:55:00,1689.2,1690.8,1689.0,1689.75,69815
2025-03-07 13:05:00,1689.75,1690.65,1689.0,1690.0,85724
2025-03-07 13:15:00,1690.0,1692.0,1689.85,1691.5,64352
2025-03-07 13:25:00,1691.65,1692.0,1690.05,1690.9,78245
2025-03-07 13:35:00,1690.6,1691.65,1690.1,1691.0,84926
2025-03-07 13:45:00,1690.5,1692.4,1689.55,1689.6,87881
2025-03-07 13:55:00,1689.6,1690.7,1689.2,1690.25,96400
2025-03-07 14:05:00,1690.8,1691.0,1690.05,1690.75,83222
2025-03-07 14:15:00,1690.8,1692.0,1690.5,1691.35,88000
2025-03-07 14:25:00,1691.3,1692.0,1690.5,1691.8,91081
2025-03-07 14:35:00,1691.8,1692.2,1689.9,1691.55,135716
2025-03-07 14:45:00,1691.6,1692.5,1690.2,1691.0,135251
2025-03-07 14:55:00,1691.1,1693.6,1689.15,1689.15,381693
2025-03-07 15:05:00,1689.2,1691.0,1687.15,1689.2,776640
2025-03-07 15:15:00,1689.2,1690.0,1688.05,1688.2,674777
2025-03-07 15:25:00,1688.15,1688.9,1686.65,1686.7,232342
2025-03-10 09:15:00,1689.0,1693.9,1685.15,1691.85,477202
2025-03-10 09:25:00,1691.95,1693.95,1688.45,1688.6,122941
2025-03-10 09:35:00,1688.45,1693.0,1688.1,1693.0,109083
2025-03-10 09:45:00,1692.7,1693.85,1688.1,1689.35,99040
2025-03-10 09:55:00,1689.5,1690.0,1686.3,1687.0,115768
2025-03-10 10:05:00,1686.95,1689.5,1686.05,1689.15,138449
2025-03-10 10:15:00,1689.15,1689.85,1687.5,1688.05,149993
2025-03-10 10:25:00,1688.2,1689.1,1686.65,1687.3,110365
2025-03-10 10:35:00,1687.15,1688.25,1685.7,1686.9,138036
2025-03-10 10:45:00,1686.95,1688.1,1685.25,1685.3,131494
2025-03-10 10:55:00,1685.3,1686.45,1683.4,1684.2,193682
2025-03-10 11:05:00,1684.2,1685.25,1683.55,1685.05,119881
2025-03-10 11:15:00,1685.05,1685.7,1684.05,1684.35,110497
2025-03-10 11:25:00,1684.4,1686.6,1683.65,1686.3,106655
2025-03-10 11:35:00,1686.3,1689.0,1685.9,1688.45,110847
2025-03-10 11:45:00,1688.45,1689.0,1688.1,1688.45,83172
2025-03-10 11:55:00,1688.5,1689.5,1687.35,1687.6,84981
2025-03-10 12:05:00,1687.6,1690.0,1687.6,1689.95,88889
2025-03-10 12:15:00,1690.0,1691.1,1688.6,1691.0,88401
2025-03-10 12:25:00,1690.95,1692.75,1689.9,1692.6,166244
2025-03-10 12:35:00,1692.65,1692.85,1691.3,1691.9,112954
2025-03-10 12:45:00,1691.9,1695.45,1691.8,1695.0,125663
2025-03-10 12:55:00,1694.95,1697.5,1694.65,1697.25,126562
2025-03-10 13:05:00,1697.35,1697.95,1696.1,1697.55,122621
2025-03-10 13:15:00,1697.55,1698.15,1697.0,1697.9,117433
2025-03-10 13:25:00,1697.95,1698.9,1696.25,1696.85,142080
2025-03-10 13:35:00,1696.85,1698.0,1696.0,1697.4,166000
2025-03-10 13:45:00,1697.4,1697.55,1694.8,1697.4,177841
2025-03-10 13:55:00,1697.4,1699.0,1696.05,1697.75,174541
2025-03-10 14:05:00,1697.95,1699.9,1697.35,1699.55,156367
2025-03-10 14:15:00,1699.5,1699.6,1689.45,1690.35,273982
2025-03-10 14:25:00,1690.25,1690.3,1685.25,1689.0,260265
2025-03-10 14:35:00,1689.1,1690.3,1686.0,1686.4,230507
2025-03-10 14:45:00,1686.4,1687.8,1683.05,1687.4,427907
2025-03-10 14:55:00,1687.45,1688.5,1684.4,1686.7,503418
2025-03-10 15:05:00,1686.75,1689.0,1686.55,1688.15,640420
2025-03-10 15:15:00,1688.3,1688.95,1686.1,1688.1,762272
2025-03-10 15:25:00,1688.1,1689.0,1685.3,1688.7,295666
2025-03-11 09:15:00,1682.4,1686.05,1670.05,1671.4,965643
2025-03-11 09:25:00,1671.45,1676.75,1670.7,1676.35,361444
2025-03-11 09:35:00,1676.45,1680.9,1675.85,1678.2,165503
2025-03-11 09:45:00,1678.2,1685.9,1677.35,1684.6,212979
2025-03-11 09:55:00,1684.9,1684.9,1682.1,1682.9,114799
2025-03-11 10:05:00,1682.9,1686.95,1682.25,1686.45,156716
2025-03-11 10:15:00,1686.5,1691.0,1686.45,1689.5,336580
2025-03-11 10:25:00,1689.05,1689.8,1687.5,1689.45,159169
2025-03-11 10:35:00,1689.5,1692.0,1688.95,1691.75,99641
2025-03-11 10:45:00,1691.9,1692.45,1689.1,1690.35,133024
2025-03-11 10:55:00,1690.35,1693.0,1688.95,1690.9,183973
2025-03-11 11:05:00,1691.0,1691.55,1688.55,1690.65,194165
2025-03-11 11:15:00,1690.65,1690.65,1687.5,1688.5,135425
2025-03-11 11:25:00,1688.5,1689.2,1687.55,1687.9,231169
2025-03-11 11:35:00,1688.0,1688.95,1687.0,1687.75,152408
2025-03-11 11:45:00,1687.75,1688.7,1686.7,1687.65,125176
2025-03-11 11:55:00,1687.7,1688.1,1684.45,1684.5,138053
2025-03-11 12:05:00,1684.5,1685.25,1684.25,1684.95,117788
2025-03-11 12:15:00,1684.95,1686.5,1684.5,1685.45,193975
2025-03-11 12:25:00,1685.45,1687.1,1684.7,1686.8,156008
2025-03-11 12:35:00,1686.8,1687.0,1685.0,1685.9,182362
2025-03-11 12:45:00,1685.85,1687.2,1684.85,1687.0,129025
2025-03-11 12:55:00,1687.0,1689.85,1686.6,1689.1,133804
2025-03-11 13:05:00,1689.1,1689.85,1687.65,1689.0,129873
2025-03-11 13:15:00,1689.0,1690.0,1688.7,1689.3,136087
2025-03-11 13:25:00,1689.3,1690.0,1687.1,1688.3,139760
2025-03-11 13:35:00,1688.2,1689.25,1687.55,1687.95,154481
2025-03-11 13:45:00,1688.1,1688.95,1687.35,1687.95,155831
2025-03-11 13:55:00,1687.95,1690.6,1687.85,1689.6,137884
2025-03-11 14:05:00,1689.6,1693.35,1689.0,1692.95,205711
2025-03-11 14:15:00,1692.95,1694.0,1688.25,1690.45,500945
2025-03-11 14:25:00,1690.45,1690.95,1684.55,1685.5,545399
2025-03-11 14:35:00,1685.5,1685.85,1683.55,1684.0,410592
2025-03-11 14:45:00,1684.0,1685.45,1682.3,1682.55,355163
2025-03-11 14:55:00,1683.0,1685.5,1682.9,1684.75,598066
2025-03-11 15:05:00,1684.6,1686.2,1682.55,1685.8,762648
2025-03-11 15:15:00,1685.85,1688.0,1684.6,1686.6,630254
2025-03-11 15:25:00,1686.6,1689.0,1685.85,1687.9,203701
2025-03-12 09:15:00,1691.55,1712.0,1691.55,1711.4,697456
2025-03-12 09:25:00,1711.45,1713.1,1706.3,1710.45,313263
2025-03-12 09:35:00,1710.35,1716.1,1709.85,1712.05,275068
2025-03-12 09:45:00,1712.05,1712.05,1708.75,1708.75,190863
2025-03-12 09:55:00,1708.85,1709.45,1703.1,1703.2,143706
2025-03-12 10:05:00,1703.2,1706.0,1703.15,1704.9,115499
2025-03-12 10:15:00,1704.65,1710.55,1704.1,1709.7,162666
2025-03-12 10:25:00,1709.7,1710.65,1706.0,1707.6,93297
2025-03-12 10:35:00,1707.1,1708.5,1705.45,1706.45,84223
2025-03-12 10:45:00,1706.65,1708.85,1706.15,1707.45,102942
2025-03-12 10:55:00,1707.45,1707.95,1704.85,1705.05,73717
2025-03-12 11:05:00,1704.85,1708.2,1704.65,1707.95,99985
2025-03-12 11:15:00,1707.9,1709.9,1707.3,1709.35,111177
2025-03-12 11:25:00,1709.3,1710.0,1707.85,1709.25,136866
2025-03-12 11:35:00,1709.25,1709.5,1706.6,1708.75,105655
2025-03-12 11:45:00,1708.75,1709.0,1706.35,1707.5,81239
2025-03-12 11:55:00,1707.5,1708.6,1705.3,1707.95,137178
2025-03-12 12:05:00,1708.1,1710.0,1707.85,1710.0,200686
2025-03-12 12:15:00,1710.0,1710.8,1709.0,1710.55,118266
2025-03-12 12:25:00,1710.6,1712.25,1709.55,1712.1,129835
2025-03-12 12:35:00,1712.15,1714.0,1710.15,1712.2,167968
2025-03-12 12:45:00,1712.15,1715.0,1710.55,1714.95,185240
2025-03-12 12:55:00,1715.0,1717.75,1714.4,1716.85,259826
2025-03-12 13:05:00,1717.0,1718.0,1715.25,1717.5,164034
2025-03-12 13:15:00,1717.6,1718.0,1715.75,1717.9,122765
2025-03-12 13:25:00,1717.55,1718.5,1716.2,1716.75,143302
2025-03-12 13:35:00,1716.8,1717.45,1714.05,1714.55,162732
2025-03-12 13:45:00,1714.55,1715.85,1713.2,1714.05,126231
2025-03-12 13:55:00,1714.1,1716.9,1714.0,1716.5,131921
2025-03-12 14:05:00,1716.5,1718.5,1715.9,1717.0,154013
2025-03-12 14:15:00,1717.0,1717.05,1714.4,1715.3,225562
2025-03-12 14:25:00,1715.3,1716.4,1712.6,1712.7,343497
2025-03-12 14:35:00,1712.75,1712.85,1707.0,1707.4,447126
2025-03-12 14:45:00,1707.4,1710.55,1706.95,1708.85,373591
2025-03-12 14:55:00,1708.85,1712.45,1708.0,1711.1,581863
2025-03-12 15:05:00,1711.05,1712.0,1709.4,1711.1,936021
2025-03-12 15:15:00,1711.15,1714.0,1709.5,1713.65,984414
2025-03-12 15:25:00,1713.65,1713.85,1710.7,1711.8,307982
2025-03-13 09:15:00,1716.05,1718.8,1709.0,1715.0,588347
2025-03-13 09:25:00,1715.0,1719.9,1713.05,1719.2,190991
2025-03-13 09:35:00,1719.2,1720.8,1715.95,1716.3,160385
2025-03-13 09:45:00,1716.75,1716.9,1715.4,1716.0,100806
2025-03-13 09:55:00,1715.9,1718.4,1715.7,1716.75,137332
2025-03-13 10:05:00,1716.75,1718.5,1716.0,1718.3,90984
2025-03-13 10:15:00,1718.1,1720.05,1716.25,1717.75,202482
2025-03-13 10:25:00,1717.75,1719.45,1716.3,1718.5,175176
2025-03-13 10:35:00,1718.35,1719.75,1717.75,1719.65,127214
2025-03-13 10:45:00,1719.65,1720.0,1718.65,1719.0,114431
2025-03-13 10:55:00,1719.0,1719.65,1717.25,1719.0,211010
2025-03-13 11:05:00,1718.8,1720.0,1718.5,1719.85,118868
2025-03-13 11:15:00,1719.95,1720.0,1718.05,1718.15,84081
2025-03-13 11:25:00,1718.15,1718.75,1717.1,1718.3,149048
2025-03-13 11:35:00,1718.35,1719.0,1717.25,1718.15,239598
2025-03-13 11:45:00,1718.15,1718.35,1717.05,1718.0,403984
2025-03-13 11:55:00,1717.1,1719.0,1715.5,1715.55,130956
2025-03-13 12:05:00,1715.55,1715.8,1712.2,1712.7,161945
2025-03-13 12:15:00,1712.7,1714.5,1711.55,1712.0,132248
2025-03-13 12:25:00,1712.0,1713.05,1711.05,1711.5,148803
2025-03-13 12:35:00,1711.5,1712.75,1710.9,1712.0,137194
2025-03-13 12:45:00,1712.0,1712.95,1710.55,1711.2,101643
2025-03-13 12:55:00,1711.35,1712.05,1710.2,1710.5,104845
2025-03-13 13:05:00,1710.4,1710.5,1707.7,1708.95,91067
2025-03-13 13:15:00,1708.95,1709.0,1706.6,1708.6,149890
2025-03-13 13:25:00,1708.6,1709.0,1706.95,1708.35,146716
2025-03-13 13:35:00,1708.5,1709.0,1707.4,1707.6,68088
2025-03-13 13:45:00,1707.6,1710.0,1707.1,1709.25,81891
2025-03-13 13:55:00,1709.25,1710.0,1706.25,1706.75,137764
2025-03-13 14:05:00,1706.75,1706.75,1703.45,1704.8,150140
2025-03-13 14:15:00,1705.0,1705.45,1702.45,1705.0,210378
2025-03-13 14:25:00,1705.1,1705.9,1702.3,1702.5,284468
2025-03-13 14:35:00,1702.5,1703.3,1700.05,1701.1,464423
2025-03-13 14:45:00,1701.25,1703.3,1700.9,1701.9,327520
2025-03-13 14:55:00,1702.0,1707.9,1701.65,1707.0,368105
2025-03-13 15:05:00,1706.7,1708.0,1705.45,1707.5,434893
2025-03-13 15:15:00,1707.5,1708.5,1705.6,1706.75,536272
2025-03-13 15:25:00,1706.75,1707.3,1703.75,1705.0,215987
2025-03-17 09:15:00,1705.0,1717.5,1705.0,1710.2,818516
2025-03-17 09:25:00,1710.35,1720.95,1708.25,1717.5,408589
2025-03-17 09:35:00,1717.55,1724.0,1717.15,1720.0,327938
2025-03-17 09:45:00,1720.0,1721.4,1718.65,1719.65,188293
2025-03-17 09:55:00,1719.65,1720.3,1717.1,1718.55,310187
2025-03-17 10:05:00,1718.75,1721.3,1718.3,1718.55,153278
2025-03-17 10:15:00,1718.5,1720.0,1718.05,1718.45,128707
2025-03-17 10:25:00,1718.45,1718.5,1714.35,1715.1,125861
2025-03-17 10:35:00,1715.05,1715.1,1713.45,1714.85,123147
2025-03-17 10:45:00,1714.9,1715.5,1713.3,1714.2,98818
2025-03-17 10:55:00,1714.25,1714.75,1712.75,1712.85,96642
2025-03-17 11:05:00,1712.85,1715.5,1712.1,1715.35,110715
2025-03-17 11:15:00,1715.25,1717.0,1713.0,1714.05,119698
2025-03-17 11:25:00,1714.05,1714.5,1712.8,1713.05,81338
2025-03-17 11:35:00,1713.0,1715.0,1712.65,1713.5,95483
2025-03-17 11:45:00,1713.45,1713.95,1711.7,1711.9,113868
2025-03-17 11:55:00,1711.9,1713.95,1711.35,1711.75,112092
2025-03-17 12:05:00,1711.75,1712.75,1711.6,1711.95,99672
2025-03-17 12:15:00,1711.95,1712.95,1710.85,1711.0,101233
2025-03-17 12:25:00,1710.9,1712.0,1709.05,1709.1,149729
2025-03-17 12:35:00,1709.15,1709.55,1708.25,1709.2,116649
2025-03-17 12:45:00,1709.2,1709.85,1708.0,1708.95,94383
2025-03-17 12:55:00,1708.95,1710.0,1708.5,1709.55,95057
2025-03-17 13:05:00,1709.55,1710.0,1708.65,1709.95,157083
2025-03-17 13:15:00,1709.9,1711.0,1709.55,1710.75,132899
2025-03-17 13:25:00,1710.7,1711.0,1708.05,1708.25,137576
2025-03-17 13:35:00,1708.25,1709.5,1706.8,1708.6,112005
2025-03-17 13:45:00,1708.65,1708.65,1705.4,1706.25,293764
2025-03-17 13:55:00,1706.3,1710.45,1706.15,1708.15,234955
2025-03-17 14:05:00,1708.05,1712.0,1707.75,1710.5,149478
2025-03-17 14:15:00,1710.5,1711.1,1709.25,1709.65,416708
2025-03-17 14:25:00,1709.65,1709.75,1707.8,1708.45,215729
2025-03-17 14:35:00,1708.4,1708.8,1705.65,1706.45,196078
2025-03-17 14:45:00,1706.5,1708.45,1706.05,1708.4,198617
2025-03-17 14:55:00,1708.35,1709.35,1707.6,1708.35,338465
2025-03-17 15:05:00,1708.3,1712.0,1707.8,1711.65,593085
2025-03-17 15:15:00,1711.65,1711.85,1710.6,1711.05,557753
2025-03-17 15:25:00,1711.0,1712.15,1709.6,1710.45,233976
2025-03-18 09:15:00,1728.0,1728.0,1716.4,1718.3,884377
2025-03-18 09:25:00,1718.3,1719.95,1715.05,1717.35,272336
2025-03-18 09:35:00,1717.35,1726.55,1717.0,1725.75,252072
2025-03-18 09:45:00,1725.75,1728.0,1723.9,1724.0,750278
2025-03-18 09:55:00,1724.1,1732.3,1722.85,1731.8,470184
2025-03-18 10:05:00,1732.0,1733.5,1729.5,1732.0,304277
2025-03-18 10:15:00,1732.0,1732.9,1727.65,1728.0,184727
2025-03-18 10:25:00,1727.7,1733.4,1727.7,1733.2,237513
2025-03-18 10:35:00,1733.4,1737.4,1732.35,1735.95,348622
2025-03-18 10:45:00,1735.95,1736.95,1734.35,1735.95,220365
2025-03-18 10:55:00,1735.9,1736.95,1732.65,1733.8,166680
2025-03-18 11:05:00,1733.75,1734.0,1731.25,1733.6,134196
2025-03-18 11:15:00,1733.7,1734.0,1732.2,1732.5,163627
2025-03-18 11:25:00,1732.45,1733.0,1730.0,1731.75,164655
2025-03-18 11:35:00,1731.75,1731.9,1727.45,1728.0,165794
2025-03-18 11:45:00,1728.0,1730.85,1726.75,1728.75,221456
2025-03-18 11:55:00,1728.75,1729.5,1728.1,1729.45,115881
2025-03-18 12:05:00,1729.4,1731.0,1728.2,1730.15,147802
2025-03-18 12:15:00,1730.2,1731.0,1728.55,1728.9,147026
2025-03-18 12:25:00,1728.75,1729.3,1726.25,1728.85,177296
2025-03-18 12:35:00,1728.85,1729.5,1726.45,1726.95,290562
2025-03-18 12:45:00,1727.0,1729.5,1726.05,1729.5,110198
2025-03-18 12:55:00,1729.5,1730.0,1729.1,1729.6,106495
2025-03-18 13:05:00,1729.6,1730.5,1729.0,1729.85,93464
2025-03-18 13:15:00,1729.9,1732.0,1729.8,1731.55,142358
2025-03-18 13:25:00,1731.55,1732.0,1730.35,1730.9,96429
2025-03-18 13:35:00,1730.85,1732.5,1730.2,1732.35,112305
2025-03-18 13:45:00,1732.5,1732.5,1730.7,1731.9,108618
2025-03-18 13:55:00,1731.95,1732.85,1730.8,1730.95,112976
2025-03-18 14:05:00,1730.8,1731.55,1729.35,1729.9,186306
2025-03-18 14:15:00,1729.9,1730.85,1728.65,1729.95,422321
2025-03-18 14:25:00,1730.0,1733.65,1729.9,1731.6,331217
2025-03-18 14:35:00,1731.7,1731.85,1729.35,1729.65,238892
2025-03-18 14:45:00,1729.75,1731.9,1729.7,1731.3,310382
2025-03-18 14:55:00,1731.5,1734.0,1730.4,1731.4,484343
2025-03-18 15:05:00,1731.0,1731.5,1727.8,1730.85,705096
2025-03-18 15:15:00,1730.85,1735.85,1730.5,1735.85,576635
2025-03-18 15:25:00,1735.95,1736.95,1732.8,1736.0,231216
2025-03-19 09:15:00,1735.0,1746.05,1734.85,1739.95,523163
2025-03-19 09:25:00,1739.85,1739.85,1737.15,1737.6,155604
2025-03-19 09:35:00,1737.6,1737.85,1734.2,1736.95,129759
2025-03-19 09:45:00,1737.2,1737.8,1733.4,1735.15,141023
2025-03-19 09:55:00,1735.05,1735.05,1732.2,1734.8,111338
2025-03-19 10:05:00,1734.55,1736.0,1732.7,1735.65,116168
2025-03-19 10:15:00,1735.65,1738.0,1735.6,1737.65,120699
2025-03-19 10:25:00,1737.6,1738.0,1736.35,1737.65,99992
2025-03-19 10:35:00,1737.7,1742.5,1737.5,1742.45,173447
2025-03-19 10:45:00,1742.4,1744.0,1741.2,1743.25,128437
2025-03-19 10:55:00,1743.2,1747.0,1743.15,1746.0,170061
2025-03-19 11:05:00,1745.95,1750.0,1745.1,1750.0,205890
2025-03-19 11:15:00,1749.95,1751.0,1745.8,1745.95,203839
2025-03-19 11:25:00,1745.65,1748.0,1744.3,1747.75,100170
2025-03-19 11:35:00,1747.7,1748.0,1745.8,1746.05,71897
2025-03-19 11:45:00,1746.0,1746.8,1745.0,1745.3,105664
2025-03-19 11:55:00,1745.95,1747.0,1745.4,1746.55,81163
2025-03-19 12:05:00,1746.55,1747.0,1744.25,1744.55,94591
2025-03-19 12:15:00,1744.55,1746.0,1744.3,1745.55,122715
2025-03-19 12:25:00,1745.9,1746.9,1745.0,1745.75,89807
2025-03-19 12:35:00,1745.7,1746.9,1745.45,1746.45,94299
2025-03-19 12:45:00,1746.45,1747.85,1745.3,1746.45,145230
2025-03-19 12:55:00,1746.45,1749.0,1746.15,1747.35,111034
2025-03-19 13:05:00,1747.75,1748.0,1745.0,1746.5,106785
2025-03-19 13:15:00,1746.4,1746.85,1744.9,1745.4,147560
2025-03-19 13:25:00,1745.4,1746.3,1745.0,1745.7,99316
2025-03-19 13:35:00,1745.7,1746.5,1745.3,1746.45,94890
2025-03-19 13:45:00,1746.5,1746.9,1745.0,1746.9,120032
2025-03-19 13:55:00,1746.9,1748.0,1746.3,1748.0,113180
2025-03-19 14:05:00,1748.0,1748.25,1746.15,1746.95,368894
2025-03-19 14:15:00,1746.95,1747.8,1745.85,1747.2,119323
2025-03-19 14:25:00,1747.2,1748.0,1746.0,1746.7,147593
2025-03-19 14:35:00,1746.75,1746.95,1744.9,1746.5,166059
2025-03-19 14:45:00,1746.45,1746.7,1744.5,1746.0,306162
2025-03-19 14:55:00,1746.05,1746.6,1743.9,1743.95,490687
2025-03-19 15:05:00,1744.0,1744.9,1742.8,1743.85,717785
2025-03-19 15:15:00,1743.85,1745.15,1743.0,1744.85,836126
2025-03-19 15:25:00,1744.65,1745.0,1743.6,1743.95,249421
2025-03-20 09:15:00,1754.0,1754.95,1749.4,1752.8,630554
2025-03-20 09:25:00,1752.8,1753.5,1751.35,1752.65,229016
2025-03-20 09:35:00,1752.65,1756.85,1751.6,1756.05,205587
2025-03-20 09:45:00,1756.5,1757.0,1752.75,1753.8,196515
2025-03-20 09:55:00,1753.8,1754.5,1750.0,1754.2,244294
2025-03-20 10:05:00,1754.2,1754.5,1750.9,1752.0,160695
2025-03-20 10:15:00,1752.0,1754.0,1751.5,1753.3,226091
2025-03-20 10:25:00,1753.3,1754.0,1752.6,1753.8,164495
2025-03-20 10:35:00,1753.8,1755.0,1752.25,1752.6,141209
2025-03-20 10:45:00,1753.0,1753.55,1752.3,1753.45,92132
2025-03-20 10:55:00,1753.45,1754.55,1752.8,1753.75,137483
2025-03-20 11:05:00,1753.95,1754.5,1753.25,1754.05,94060
2025-03-20 11:15:00,1754.05,1754.35,1753.45,1753.7,96762
2025-03-20 11:25:00,1753.7,1753.9,1752.1,1752.5,118616
2025-03-20 11:35:00,1752.55,1753.75,1751.75,1751.8,141247
2025-03-20 11:45:00,1752.0,1753.1,1751.55,1752.4,134741
2025-03-20 11:55:00,1752.4,1753.0,1751.7,1752.7,128435
2025-03-20 12:05:00,1752.55,1752.75,1751.1,1751.85,115961
2025-03-20 12:15:00,1751.85,1752.0,1750.2,1750.95,152822
2025-03-20 12:25:00,1750.95,1751.0,1749.3,1750.85,212042
2025-03-20 12:35:00,1750.85,1753.0,1750.7,1752.7,155692
2025-03-20 12:45:00,1752.75,1758.0,1752.25,1755.75,285378
2025-03-20 12:55:00,1755.8,1758.6,1755.45,1758.25,190474
2025-03-20 13:05:00,1758.4,1762.0,1757.7,1761.9,299001
2025-03-20 13:15:00,1761.9,1765.6,1760.5,1765.2,290778
2025-03-20 13:25:00,1765.45,1767.9,1763.4,1765.65,160643
2025-03-20 13:35:00,1765.6,1768.0,1764.75,1766.65,200544
2025-03-20 13:45:00,1766.65,1769.5,1766.25,1768.6,180441
2025-03-20 13:55:00,1768.3,1771.0,1767.6,1770.3,238393
2025-03-20 14:05:00,1770.1,1770.9,1766.95,1766.95,210094
2025-03-20 14:15:00,1766.95,1772.65,1766.8,1772.0,196726
2025-03-20 14:25:00,1772.0,1774.0,1770.05,1773.3,588713
2025-03-20 14:35:00,1773.5,1773.85,1769.5,1771.05,246217
2025-03-20 14:45:00,1771.15,1773.2,1770.4,1771.4,197846
2025-03-20 14:55:00,1771.4,1772.45,1769.4,1770.35,418421
2025-03-20 15:05:00,1770.2,1770.7,1767.0,1767.3,464312
2025-03-20 15:15:00,1767.35,1769.65,1766.3,1767.25,506376
2025-03-20 15:25:00,1767.25,1769.9,1766.5,1768.0,164986
2025-03-21 09:15:00,1755.55,1772.95,1755.55,1762.3,804952
2025-03-21 09:25:00,1762.1,1763.45,1758.1,1763.45,481586
2025-03-21 09:35:00,1763.35,1763.6,1759.7,1762.8,161507
2025-03-21 09:45:00,1762.8,1765.95,1761.6,1764.65,150007
2025-03-21 09:55:00,1764.65,1765.65,1761.45,1762.6,169142
2025-03-21 10:05:00,1762.35,1763.9,1761.55,1763.55,202798
2025-03-21 10:15:00,1763.85,1764.75,1762.2,1763.05,221091
2025-03-21 10:25:00,1763.0,1765.6,1762.1,1765.2,286040
2025-03-21 10:35:00,1765.0,1766.65,1764.25,1766.15,258055
2025-03-21 10:45:00,1766.15,1770.55,1765.85,1768.85,355130
2025-03-21 10:55:00,1768.9,1768.9,1765.7,1767.2,381812
2025-03-21 11:05:00,1767.2,1768.7,1765.75,1768.25,135555
2025-03-21 11:15:00,1768.35,1768.95,1766.1,1766.3,169498
2025-03-21 11:25:00,1766.45,1768.8,1765.25,1767.85,146809
2025-03-21 11:35:00,1767.7,1769.0,1765.4,1767.0,308901
2025-03-21 11:45:00,1766.65,1767.2,1765.25,1766.3,120845
2025-03-21 11:55:00,1766.3,1766.9,1765.45,1766.4,98713
2025-03-21 12:05:00,1766.4,1768.1,1765.6,1766.4,189263
2025-03-21 12:15:00,1766.05,1767.5,1764.65,1767.0,188793
2025-03-21 12:25:00,1767.0,1767.65,1765.25,1765.5,193044
2025-03-21 12:35:00,1765.5,1765.9,1763.4,1765.35,287469
2025-03-21 12:45:00,1765.6,1766.0,1764.1,1764.95,437479
2025-03-21 12:55:00,1764.95,1765.85,1762.9,1763.45,267856
2025-03-21 13:05:00,1763.85,1765.0,1762.75,1764.05,320661
2025-03-21 13:15:00,1764.05,1767.0,1762.3,1766.85,344370
2025-03-21 13:25:00,1766.6,1769.0,1765.0,1765.6,280918
2025-03-21 13:35:00,1765.4,1766.05,1760.85,1763.5,263913
2025-03-21 13:45:00,1763.5,1765.0,1759.8,1760.0,181867
2025-03-21 13:55:00,1760.0,1763.65,1759.0,1761.65,204367
2025-03-21 14:05:00,1761.65,1765.5,1761.6,1763.45,169246
2025-03-21 14:15:00,1763.3,1765.6,1762.9,1765.5,603964
2025-03-21 14:25:00,1765.5,1767.0,1764.8,1765.9,214861
2025-03-21 14:35:00,1766.05,1766.55,1764.8,1766.05,173754
2025-03-21 14:45:00,1765.6,1766.2,1764.0,1765.2,622863
2025-03-21 14:55:00,1765.2,1770.0,1764.2,1769.3,1703322
2025-03-21 15:05:00,1769.25,1771.2,1768.4,1769.8,2300504
2025-03-21 15:15:00,1769.75,1772.2,1769.45,1772.1,2204901
2025-03-21 15:25:00,1772.15,1774.1,1769.25,1772.0,858655
2025-03-24 09:15:00,1779.0,1784.0,1773.65,1783.8,623601
2025-03-24 09:25:00,1783.6,1785.95,1780.8,1781.95,388128
2025-03-24 09:35:00,1781.95,1784.0,1779.0,1782.0,210404
2025-03-24 09:45:00,1782.3,1790.9,1782.3,1787.0,309507
2025-03-24 09:55:00,1787.45,1792.5,1787.0,1790.8,165776
2025-03-24 10:05:00,1790.8,1795.0,1790.55,1794.5,211954
2025-03-24 10:15:00,1794.4,1795.4,1791.55,1793.0,157113
2025-03-24 10:25:00,1793.0,1796.1,1793.0,1794.7,227132
2025-03-24 10:35:00,1794.85,1799.7,1794.6,1795.9,376947
2025-03-24 10:45:00,1795.85,1798.0,1795.55,1797.85,114096
2025-03-24 10:55:00,1797.85,1801.65,1797.25,1799.7,373090
2025-03-24 11:05:00,1799.7,1800.4,1794.55,1797.9,168709
2025-03-24 11:15:00,1797.95,1798.65,1792.9,1794.6,135453
2025-03-24 11:25:00,1794.65,1797.2,1794.15,1796.25,122106
2025-03-24 11:35:00,1796.25,1797.0,1793.85,1795.8,116034
2025-03-24 11:45:00,1795.8,1799.55,1795.8,1799.55,173678
2025-03-24 11:55:00,1799.55,1800.0,1796.65,1797.85,191231
2025-03-24 12:05:00,1797.45,1798.0,1795.35,1796.8,98515
2025-03-24 12:15:00,1796.8,1799.4,1796.55,1798.95,86433
2025-03-24 12:25:00,1798.95,1800.0,1798.0,1798.95,117671
2025-03-24 12:35:00,1798.95,1799.55,1795.0,1795.45,139321
2025-03-24 12:45:00,1795.55,1798.0,1795.0,1797.8,124174
2025-03-24 12:55:00,1797.8,1797.8,1794.35,1795.75,196266
2025-03-24 13:05:00,1795.95,1797.0,1795.3,1796.35,170801
2025-03-24 13:15:00,1796.45,1797.0,1793.9,1794.65,125609
2025-03-24 13:25:00,1794.65,1795.75,1793.0,1794.0,143247
2025-03-24 13:35:00,1794.0,1794.7,1792.95,1792.95,109669
2025-03-24 13:45:00,1793.0,1794.85,1791.35,1793.7,148306
2025-03-24 13:55:00,1793.15,1796.0,1793.05,1795.85,258400
2025-03-24 14:05:00,1795.85,1799.0,1794.4,1799.0,144308
2025-03-24 14:15:00,1799.0,1800.0,1797.4,1799.7,207009
2025-03-24 14:25:00,1799.9,1803.0,1799.5,1802.25,336742
2025-03-24 14:35:00,1802.25,1803.0,1800.0,1800.2,235318
2025-03-24 14:45:00,1800.2,1803.0,1800.1,1802.6,144161
2025-03-24 14:55:00,1802.6,1803.25,1796.6,1797.95,317680
2025-03-24 15:05:00,1797.95,1799.15,1795.7,1798.95,483337
2025-03-24 15:15:00,1799.0,1802.65,1798.9,1802.5,516012
2025-03-24 15:25:00,1802.4,1804.4,1801.0,1802.8,261842
2025-03-25 09:15:00,1804.9,1815.15,1804.9,1809.4,1072318
2025-03-25 09:25:00,1809.4,1814.85,1801.5,1814.85,607662
2025-03-25 09:35:00,1814.85,1824.3,1813.9,1820.5,585911
2025-03-25 09:45:00,1820.5,1827.0,1818.95,1827.0,697897
2025-03-25 09:55:00,1827.0,1830.9,1824.1,1830.0,562422
2025-03-25 10:05:00,1830.6,1841.0,1830.35,1831.9,698964
2025-03-25 10:15:00,1832.75,1843.7,1829.1,1839.0,729263
2025-03-25 10:25:00,1838.95,1839.9,1834.35,1834.35,516630
2025-03-25 10:35:00,1834.45,1834.6,1825.2,1829.85,515288
2025-03-25 10:45:00,1830.0,1831.5,1826.0,1829.95,326367
2025-03-25 10:55:00,1829.9,1829.95,1821.65,1825.7,359768
2025-03-25 11:05:00,1825.7,1830.25,1825.05,1830.0,320839
2025-03-25 11:15:00,1830.0,1834.4,1829.0,1830.85,318959
2025-03-25 11:25:00,1830.5,1837.3,1829.55,1835.7,318604
2025-03-25 11:35:00,1835.75,1836.5,1830.2,1831.5,434647
2025-03-25 11:45:00,1831.5,1838.0,1830.6,1837.65,206748
2025-03-25 11:55:00,1837.65,1841.0,1835.7,1838.5,341759
2025-03-25 12:05:00,1838.5,1840.9,1837.6,1839.9,206802
2025-03-25 12:15:00,1839.9,1841.0,1835.7,1840.85,214591
2025-03-25 12:25:00,1840.45,1840.8,1836.55,1837.05,194006
2025-03-25 12:35:00,1837.3,1839.7,1835.95,1839.0,205394
2025-03-25 12:45:00,1838.75,1839.4,1837.05,1838.5,223762
2025-03-25 12:55:00,1838.0,1839.55,1837.65,1839.4,222275
2025-03-25 13:05:00,1839.4,1840.0,1838.0,1838.55,195021
2025-03-25 13:15:00,1837.95,1838.45,1827.55,1831.6,631751
2025-03-25 13:25:00,1831.6,1833.45,1829.1,1829.5,268951
2025-03-25 13:35:00,1829.65,1833.5,1829.5,1831.45,281944
2025-03-25 13:45:00,1831.0,1833.9,1830.05,1833.45,277130
2025-03-25 13:55:00,1832.95,1835.6,1830.0,1830.95,342806
2025-03-25 14:05:00,1830.9,1832.35,1830.2,1831.0,308343
2025-03-25 14:15:00,1830.55,1832.05,1827.15,1829.7,346990
2025-03-25 14:25:00,1829.7,1829.85,1824.85,1826.0,398385
2025-03-25 14:35:00,1825.95,1826.0,1821.6,1821.6,530479
2025-03-25 14:45:00,1821.6,1822.5,1816.6,1816.9,971761
2025-03-25 14:55:00,1816.9,1825.4,1814.7,1819.75,1621714
2025-03-25 15:05:00,1819.95,1821.6,1818.95,1821.25,1009748
2025-03-25 15:15:00,1821.15,1827.45,1819.0,1825.5,1420497
2025-03-25 15:25:00,1825.5,1825.55,1815.5,1816.2,522428
2025-03-26 09:15:00,1825.0,1827.5,1821.45,1825.1,1225745
2025-03-26 09:25:00,1825.1,1825.2,1817.5,1817.6,511868
2025-03-26 09:35:00,1817.1,1823.1,1816.05,1821.85,276418
2025-03-26 09:45:00,1821.65,1821.65,1817.15,1820.0,250579
2025-03-26 09:55:00,1820.0,1823.0,1819.95,1821.05,254056
2025-03-26 10:05:00,1821.0,1821.65,1816.7,1821.55,235038
2025-03-26 10:15:00,1821.5,1823.0,1820.15,1821.65,135144
2025-03-26 10:25:00,1821.65,1823.25,1821.4,1823.0,187538
2025-03-26 10:35:00,1823.0,1823.65,1819.05,1820.8,242737
2025-03-26 10:45:00,1820.7,1823.65,1820.7,1822.35,330426
2025-03-26 10:55:00,1821.75,1822.35,1817.75,1819.0,229601
2025-03-26 11:05:00,1819.05,1819.4,1816.35,1818.95,153709
2025-03-26 11:15:00,1818.35,1819.7,1815.95,1817.8,128078
2025-03-26 11:25:00,1817.8,1821.75,1817.25,1821.0,169554
2025-03-26 11:35:00,1821.0,1821.5,1818.15,1819.0,139507
2025-03-26 11:45:00,1819.0,1821.35,1818.65,1821.05,182834
2025-03-26 11:55:00,1821.05,1821.3,1816.75,1817.9,189705
2025-03-26 12:05:00,1817.85,1818.65,1817.0,1817.4,157092
2025-03-26 12:15:00,1817.4,1818.0,1814.05,1816.4,270527
2025-03-26 12:25:00,1816.5,1818.1,1815.0,1818.1,186613
2025-03-26 12:35:00,1818.1,1819.55,1816.85,1817.65,172550
2025-03-26 12:45:00,1817.65,1818.0,1815.55,1816.0,175669
2025-03-26 12:55:00,1816.0,1816.7,1811.65,1812.1,179611
2025-03-26 13:05:00,1811.95,1812.7,1805.45,1808.2,312173
2025-03-26 13:15:00,1808.2,1809.95,1804.05,1807.1,246751
2025-03-26 13:25:00,1807.3,1808.6,1806.2,1806.85,240399
2025-03-26 13:35:00,1806.7,1808.85,1805.5,1805.6,270792
2025-03-26 13:45:00,1805.4,1806.85,1803.05,1805.95,275388
2025-03-26 13:55:00,1805.95,1807.0,1804.55,1807.0,245805
2025-03-26 14:05:00,1806.95,1809.15,1806.2,1806.45,282048
2025-03-26 14:15:00,1806.45,1808.85,1804.7,1808.25,274600
2025-03-26 14:25:00,1808.2,1809.65,1806.65,1808.05,275418
2025-03-26 14:35:00,1808.25,1810.9,1807.2,1808.4,350971
2025-03-26 14:45:00,1808.4,1808.8,1805.2,1805.3,327884
2025-03-26 14:55:00,1805.3,1808.0,1803.0,1806.95,677437
2025-03-26 15:05:00,1807.0,1808.5,1806.2,1807.9,859917
2025-03-26 15:15:00,1807.85,1807.95,1804.95,1806.45,884579
2025-03-26 15:25:00,1806.45,1808.65,1802.0,1803.0,330437
2025-03-27 09:15:00,1800.0,1810.9,1798.1,1808.0,1012125
2025-03-27 09:25:00,1808.0,1813.95,1804.75,1809.55,400940
2025-03-27 09:35:00,1809.5,1817.4,1809.2,1814.35,251770
2025-03-27 09:45:00,1814.4,1818.0,1812.1,1816.25,232244
2025-03-27 09:55:00,1816.2,1820.0,1815.6,1820.0,214454
2025-03-27 10:05:00,1820.0,1828.25,1819.5,1825.45,456215
2025-03-27 10:15:00,1825.45,1829.0,1825.0,1829.0,382168
2025-03-27 10:25:00,1828.9,1829.3,1822.5,1823.15,213887
2025-03-27 10:35:00,1823.15,1824.8,1819.55,1821.05,142085
2025-03-27 10:45:00,1821.0,1824.0,1820.0,1823.0,181704
2025-03-27 10:55:00,1822.7,1825.4,1821.4,1824.6,180579
2025-03-27 11:05:00,1824.45,1829.0,1824.05,1826.7,493028
2025-03-27 11:15:00,1826.6,1827.45,1822.7,1822.8,167007
2025-03-27 11:25:00,1822.8,1824.5,1822.25,1824.5,173329
2025-03-27 11:35:00,1824.45,1829.0,1824.05,1828.65,177637
2025-03-27 11:45:00,1828.85,1830.75,1827.4,1829.65,416190
2025-03-27 11:55:00,1829.65,1831.9,1829.1,1829.95,235856
2025-03-27 12:05:00,1830.0,1832.0,1829.65,1831.3,190764
2025-03-27 12:15:00,1831.25,1832.0,1827.9,1830.55,180275
2025-03-27 12:25:00,1830.7,1832.5,1829.85,1831.75,237163
2025-03-27 12:35:00,1831.75,1833.6,1830.45,1833.15,263779
2025-03-27 12:45:00,1833.1,1837.3,1833.05,1835.75,430314
2025-03-27 12:55:00,1835.75,1839.65,1834.95,1838.0,371352
2025-03-27 13:05:00,1838.3,1839.2,1835.15,1835.6,441710
2025-03-27 13:15:00,1835.6,1837.8,1835.45,1836.55,301523
2025-03-27 13:25:00,1836.6,1840.0,1835.75,1839.6,326495
2025-03-27 13:35:00,1839.7,1840.0,1838.25,1839.55,500605
2025-03-27 13:45:00,1839.6,1840.0,1837.75,1839.15,470465
2025-03-27 13:55:00,1839.35,1840.25,1838.05,1839.85,474451
2025-03-27 14:05:00,1839.9,1841.0,1835.1,1837.25,469200
2025-03-27 14:15:00,1837.25,1838.5,1835.4,1837.7,442754
2025-03-27 14:25:00,1837.65,1838.3,1834.7,1836.0,504597
2025-03-27 14:35:00,1836.0,1837.85,1832.25,1837.6,758171
2025-03-27 14:45:00,1837.25,1838.0,1835.2,1836.95,843630
2025-03-27 14:55:00,1836.9,1838.05,1828.85,1831.5,2048170
2025-03-27 15:05:00,1831.5,1831.5,1820.15,1820.8,2953194
2025-03-27 15:15:00,1820.95,1823.55,1818.55,1823.5,2270298
2025-03-27 15:25:00,1823.1,1826.45,1818.15,1821.2,698451
2025-03-28 09:15:00,1829.0,1836.0,1823.45,1830.85,533681
2025-03-28 09:25:00,1830.7,1830.85,1822.1,1822.35,204582
2025-03-28 09:35:00,1822.0,1827.5,1821.0,1824.1,312136
2025-03-28 09:45:00,1824.05,1827.05,1823.0,1824.65,250133
2025-03-28 09:55:00,1824.25,1825.45,1821.65,1822.45,176738
2025-03-28 10:05:00,1822.45,1822.45,1809.0,1810.95,957489
2025-03-28 10:15:00,1811.0,1813.7,1805.85,1808.0,1894721
2025-03-28 10:25:00,1808.0,1818.75,1807.15,1818.4,262373
2025-03-28 10:35:00,1818.1,1819.05,1813.6,1813.95,156658
2025-03-28 10:45:00,1814.0,1815.75,1810.7,1810.7,147896
2025-03-28 10:55:00,1810.8,1814.5,1809.45,1812.55,135449
2025-03-28 11:05:00,1812.75,1813.5,1809.65,1809.8,101767
2025-03-28 11:15:00,1809.8,1812.8,1808.55,1811.7,147230
2025-03-28 11:25:00,1811.7,1812.95,1810.1,1810.8,112147
2025-03-28 11:35:00,1810.8,1812.65,1809.65,1811.25,134425
2025-03-28 11:45:00,1811.1,1812.95,1810.35,1812.0,98752
2025-03-28 11:55:00,1812.2,1814.65,1810.9,1812.6,160754
2025-03-28 12:05:00,1812.55,1816.35,1812.45,1814.75,122981
2025-03-28 12:15:00,1814.65,1815.15,1811.05,1811.45,177150
2025-03-28 12:25:00,1811.1,1811.95,1809.8,1810.3,123032
2025-03-28 12:35:00,1810.3,1812.9,1809.4,1812.35,189172
2025-03-28 12:45:00,1812.35,1816.55,1812.0,1815.5,158321
2025-03-28 12:55:00,1815.5,1816.8,1812.3,1812.35,135420
2025-03-28 13:05:00,1812.4,1816.15,1811.2,1815.7,107249
2025-03-28 13:15:00,1815.8,1818.0,1815.2,1816.85,134752
2025-03-28 13:25:00,1816.85,1823.0,1816.8,1822.5,151597
2025-03-28 13:35:00,1822.5,1823.6,1820.1,1820.65,147696
2025-03-28 13:45:00,1820.65,1821.7,1819.6,1820.2,260710
2025-03-28 13:55:00,1820.2,1825.5,1820.15,1824.4,310408
2025-03-28 14:05:00,1824.25,1829.5,1823.9,1828.9,455993
2025-03-28 14:15:00,1828.9,1832.2,1827.9,1831.3,527769
2025-03-28 14:25:00,1831.3,1833.7,1829.65,1830.25,450681
2025-03-28 14:35:00,1830.2,1833.45,1830.2,1832.35,460535
2025-03-28 14:45:00,1832.4,1834.25,1830.05,1833.0,546609
2025-03-28 14:55:00,1833.2,1833.7,1827.2,1828.9,977659
2025-03-28 15:05:00,1828.5,1830.05,1826.95,1829.05,1196936
2025-03-28 15:15:00,1829.1,1829.9,1826.85,1828.45,1323463
2025-03-28 15:25:00,1828.4,1828.4,1824.55,1825.5,449993
2025-04-01 09:15:00,1802.0,1809.9,1802.0,1806.4,1212671
2025-04-01 09:25:00,1805.85,1808.35,1800.95,1807.85,475986
2025-04-01 09:35:00,1807.8,1809.1,1805.35,1806.15,347295
2025-04-01 09:45:00,1806.15,1809.45,1803.45,1809.3,297448
2025-04-01 09:55:00,1809.45,1809.8,1802.0,1802.9,149747
2025-04-01 10:05:00,1802.75,1804.3,1797.8,1797.9,259503
2025-04-01 10:15:00,1797.9,1798.25,1790.75,1790.75,231688
2025-04-01 10:25:00,1790.95,1791.9,1782.95,1783.75,708162
2025-04-01 10:35:00,1783.7,1789.6,1783.6,1788.75,367041
2025-04-01 10:45:00,1789.0,1789.8,1783.8,1784.0,265418
2025-04-01 10:55:00,1783.95,1784.15,1775.5,1776.1,469878
2025-04-01 11:05:00,1776.15,1777.65,1773.25,1774.35,224134
2025-04-01 11:15:00,1774.15,1777.9,1772.5,1777.15,304694
2025-04-01 11:25:00,1777.2,1779.4,1773.95,1776.8,126015
2025-04-01 11:35:00,1776.8,1777.6,1773.0,1775.35,158972
2025-04-01 11:45:00,1775.35,1778.0,1773.2,1773.65,146410
2025-04-01 11:55:00,1773.45,1774.6,1770.0,1770.1,219544
2025-04-01 12:05:00,1770.15,1774.65,1769.25,1772.55,279964
2025-04-01 12:15:00,1772.7,1775.75,1771.35,1772.4,238752
2025-04-01 12:25:00,1772.4,1774.4,1769.8,1773.05,138863
2025-04-01 12:35:00,1773.05,1776.65,1771.7,1773.6,159989
2025-04-01 12:45:00,1773.65,1775.85,1772.05,1774.65,113027
2025-04-01 12:55:00,1774.6,1774.95,1772.1,1772.3,120499
2025-04-01 13:05:00,1772.3,1773.95,1771.25,1773.1,163160
2025-04-01 13:15:00,1773.1,1773.9,1770.6,1772.6,189792
2025-04-01 13:25:00,1772.65,1774.0,1770.95,1771.5,180323
2025-04-01 13:35:00,1771.8,1774.8,1771.35,1774.15,140613
2025-04-01 13:45:00,1774.15,1774.15,1771.0,1773.4,208860
2025-04-01 13:55:00,1773.35,1773.8,1770.65,1773.1,203228
2025-04-01 14:05:00,1773.05,1773.1,1769.35,1770.55,194258
2025-04-01 14:15:00,1770.6,1772.55,1769.2,1772.2,214205
2025-04-01 14:25:00,1772.1,1773.6,1770.25,1770.3,270675
2025-04-01 14:35:00,1770.3,1773.3,1769.6,1772.55,416387
2025-04-01 14:45:00,1772.55,1772.9,1769.8,1770.55,505116
2025-04-01 14:55:00,1770.55,1772.4,1767.75,1768.05,702542
2025-04-01 15:05:00,1767.95,1768.65,1765.65,1767.8,1216867
2025-04-01 15:15:00,1767.85,1769.1,1765.35,1767.15,1166594
2025-04-01 15:25:00,1767.1,1770.4,1766.85,1769.9,331031
2025-04-02 09:15:00,1770.7,1786.3,1770.7,1784.2,411875
2025-04-02 09:25:00,1784.9,1793.9,1784.2,1789.75,254100
2025-04-02 09:35:00,1789.75,1792.6,1786.0,1789.35,160221
2025-04-02 09:45:00,1789.35,1790.0,1786.3,1789.35,152643
2025-04-02 09:55:00,1789.3,1793.0,1788.6,1789.9,141669
2025-04-02 10:05:00,1789.9,1795.0,1789.75,1792.4,121054
2025-04-02 10:15:00,1792.4,1793.2,1790.5,1792.55,71450
2025-04-02 10:25:00,1793.0,1796.25,1792.5,1795.85,108074
2025-04-02 10:35:00,1795.7,1795.85,1789.85,1790.8,123236
2025-04-02 10:45:00,1790.8,1793.65,1789.55,1793.05,333983
2025-04-02 10:55:00,1792.8,1794.3,1791.65,1792.6,130590
2025-04-02 11:05:00,1792.6,1792.65,1790.0,1791.2,58272
2025-04-02 11:15:00,1791.05,1792.45,1790.2,1791.8,55195
2025-04-02 11:25:00,1791.75,1792.0,1789.05,1789.95,61627
2025-04-02 11:35:00,1790.0,1792.2,1788.05,1789.75,103322
2025-04-02 11:45:00,1789.75,1795.0,1789.75,1794.3,126986
2025-04-02 11:55:00,1794.3,1795.5,1791.6,1792.05,129726
2025-04-02 12:05:00,1792.0,1792.95,1791.15,1792.15,46304
2025-04-02 12:15:00,1792.15,1792.2,1791.7,1791.85,40417
2025-04-02 12:25:00,1791.85,1793.6,1790.4,1790.85,75529
2025-04-02 12:35:00,1790.85,1791.0,1789.05,1789.65,55780
2025-04-02 12:45:00,1789.6,1790.3,1788.25,1788.7,59348
2025-04-02 12:55:00,1788.7,1792.0,1787.4,1791.65,97441
2025-04-02 13:05:00,1791.8,1793.55,1791.45,1792.35,114115
2025-04-02 13:15:00,1792.9,1792.95,1791.5,1791.55,68907
2025-04-02 13:25:00,1791.75,1793.45,1791.5,1793.4,78241
2025-04-02 13:35:00,1793.45,1793.85,1790.5,1791.25,92182
2025-04-02 13:45:00,1791.4,1792.6,1790.55,1791.7,103412
2025-04-02 13:55:00,1792.35,1793.5,1791.2,1793.05,74815
2025-04-02 14:05:00,1793.1,1793.5,1791.5,1791.75,94205
2025-04-02 14:15:00,1792.05,1792.05,1789.45,1790.1,122152
2025-04-02 14:25:00,1790.7,1791.1,1788.5,1789.95,90356
2025-04-02 14:35:00,1789.9,1790.85,1788.65,1790.85,112169
2025-04-02 14:45:00,1790.85,1791.55,1788.7,1789.4,162016
2025-04-02 14:55:00,1789.4,1797.5,1789.4,1795.95,377041
2025-04-02 15:05:00,1795.95,1799.0,1794.7,1798.6,509942
2025-04-02 15:15:00,1798.7,1799.2,1796.0,1796.85,506700
2025-04-02 15:25:00,1797.0,1799.0,1796.75,1798.9,155842
2025-04-03 09:15:00,1781.1,1788.65,1777.0,1787.4,379746
2025-04-03 09:25:00,1787.45,1792.95,1786.8,1792.7,178786
2025-04-03 09:35:00,1792.7,1795.0,1791.55,1791.55,113028
2025-04-03 09:45:00,1791.55,1796.0,1790.7,1795.15,160031
2025-04-03 09:55:00,1795.15,1796.75,1791.65,1794.5,154167
2025-04-03 10:05:00,1794.5,1799.8,1794.4,1796.65,81808
2025-04-03 10:15:00,1796.65,1798.45,1794.5,1798.45,119767
2025-04-03 10:25:00,1798.0,1799.0,1795.0,1795.9,129198
2025-04-03 10:35:00,1795.9,1796.0,1793.35,1793.9,37455
2025-04-03 10:45:00,1793.9,1796.4,1792.45,1795.15,36124
2025-04-03 10:55:00,1795.15,1797.3,1795.1,1795.35,25087
2025-04-03 11:05:00,1795.8,1798.6,1795.15,1798.45,58225
2025-04-03 11:15:00,1798.25,1800.0,1797.25,1798.1,168942
2025-04-03 11:25:00,1798.1,1799.5,1797.0,1798.0,36775
2025-04-03 11:35:00,1797.95,1798.85,1796.55,1798.15,31769
2025-04-03 11:45:00,1798.2,1804.0,1797.5,1803.8,99544
2025-04-03 11:55:00,1803.8,1803.95,1801.0,1801.35,93545
2025-04-03 12:05:00,1801.35,1802.2,1797.65,1798.3,111177
2025-04-03 12:15:00,1798.3,1799.0,1796.5,1797.85,311759
2025-04-03 12:25:00,1798.05,1798.25,1795.3,1797.75,123958
2025-04-03 12:35:00,1797.35,1798.85,1796.25,1797.25,90962
2025-04-03 12:45:00,1797.35,1797.4,1793.85,1795.55,119967
2025-04-03 12:55:00,1795.45,1796.85,1793.55,1795.2,102522
2025-04-03 13:05:00,1795.2,1795.3,1791.85,1793.3,83584
2025-04-03 13:15:00,1793.5,1794.65,1790.0,1791.4,114384
2025-04-03 13:25:00,1791.4,1792.45,1790.15,1792.05,169499
2025-04-03 13:35:00,1792.45,1794.5,1791.0,1791.15,117125
2025-04-03 13:45:00,1791.6,1793.5,1791.0,1793.0,59822
2025-04-03 13:55:00,1793.0,1793.95,1791.05,1793.9,109069
2025-04-03 14:05:00,1793.9,1794.45,1790.65,1791.35,123652
2025-04-03 14:15:00,1791.35,1794.4,1791.05,1793.45,107071
2025-04-03 14:25:00,1793.95,1794.75,1791.9,1794.0,125641
2025-04-03 14:35:00,1794.45,1796.55,1794.0,1796.3,110611
2025-04-03 14:45:00,1796.25,1797.55,1795.05,1797.5,93741
2025-04-03 14:55:00,1797.5,1798.45,1794.5,1794.75,303399
2025-04-03 15:05:00,1794.75,1795.6,1792.05,1795.1,474918
2025-04-03 15:15:00,1795.25,1796.1,1793.5,1795.4,492984
2025-04-03 15:25:00,1795.45,1797.2,1792.5,1792.8,245282
2025-04-04 09:15:00,1813.0,1823.95,1811.1,1817.35,1417589
2025-04-04 09:25:00,1817.7,1833.5,1817.35,1833.5,722269
2025-04-04 09:35:00,1833.45,1841.95,1830.65,1838.2,887212
2025-04-04 09:45:00,1838.2,1838.95,1833.25,1834.3,1289133
2025-04-04 09:55:00,1834.35,1838.0,1828.5,1830.1,639077
2025-04-04 10:05:00,1830.45,1831.0,1829.0,1830.9,318657
2025-04-04 10:15:00,1831.05,1835.0,1830.2,1830.3,328109
2025-04-04 10:25:00,1830.2,1830.4,1825.0,1826.45,496103
2025-04-04 10:35:00,1826.45,1826.7,1821.0,1822.2,352493
2025-04-04 10:45:00,1822.45,1824.85,1820.0,1822.1,366021
2025-04-04 10:55:00,1821.6,1825.85,1818.55,1824.75,292994
2025-04-04 11:05:00,1824.75,1829.7,1823.05,1827.75,264528
2025-04-04 11:15:00,1828.2,1830.8,1825.2,1829.05,568572
2025-04-04 11:25:00,1829.0,1829.3,1824.1,1827.25,226041
2025-04-04 11:35:00,1827.25,1828.65,1824.65,1827.35,330921
2025-04-04 11:45:00,1827.35,1830.0,1826.45,1826.9,262243
2025-04-04 11:55:00,1826.9,1829.2,1825.7,1828.5,306756
2025-04-04 12:05:00,1828.55,1828.95,1823.9,1827.7,280260
2025-04-04 12:15:00,1827.65,1828.7,1827.0,1827.85,190680
2025-04-04 12:25:00,1827.8,1827.95,1825.15,1825.95,198528
2025-04-04 12:35:00,1825.95,1826.75,1825.15,1826.25,209073
2025-04-04 12:45:00,1826.15,1826.45,1822.1,1822.2,209819
2025-04-04 12:55:00,1822.35,1824.2,1821.75,1821.75,207041
2025-04-04 13:05:00,1821.8,1823.75,1820.1,1820.45,220627
2025-04-04 13:15:00,1820.45,1821.55,1818.1,1820.2,331823
2025-04-04 13:25:00,1820.25,1821.1,1818.5,1820.15,220623
2025-04-04 13:35:00,1820.15,1822.1,1819.2,1820.05,232289
2025-04-04 13:45:00,1820.0,1820.7,1817.45,1818.85,663383
2025-04-04 13:55:00,1819.7,1820.55,1816.9,1820.0,368366
2025-04-04 14:05:00,1820.05,1824.85,1819.95,1824.5,328783
2025-04-04 14:15:00,1824.5,1825.0,1819.1,1820.6,296584
2025-04-04 14:25:00,1820.6,1820.65,1817.65,1818.6,212932
2025-04-04 14:35:00,1818.5,1820.5,1817.35,1818.05,564841
2025-04-04 14:45:00,1818.05,1818.4,1815.95,1816.5,317985
2025-04-04 14:55:00,1816.5,1819.5,1815.55,1817.0,502063
2025-04-04 15:05:00,1817.05,1819.6,1815.25,1817.35,710029
2025-04-04 15:15:00,1817.35,1818.7,1816.25,1817.0,672365
2025-04-04 15:25:00,1817.0,1817.8,1816.0,1816.0,241999
2025-04-07 09:15:00,1762.8,1779.85,1751.4,1778.6,3198496
2025-04-07 09:25:00,1777.7,1779.25,1767.6,1771.85,1237819
2025-04-07 09:35:00,1771.65,1772.55,1765.6,1767.05,919773
2025-04-07 09:45:00,1767.15,1775.0,1766.1,1766.35,418945
2025-04-07 09:55:00,1766.0,1769.95,1759.8,1763.45,570077
2025-04-07 10:05:00,1763.45,1766.95,1758.7,1759.95,551781
2025-04-07 10:15:00,1759.85,1765.7,1759.35,1765.3,479115
2025-04-07 10:25:00,1764.7,1770.35,1763.8,1765.0,280712
2025-04-07 10:35:00,1764.65,1765.0,1759.55,1761.85,442908
2025-04-07 10:45:00,1761.8,1767.9,1761.05,1764.55,507385
2025-04-07 10:55:00,1764.55,1764.55,1755.0,1755.05,229281
2025-04-07 11:05:00,1755.55,1756.45,1753.1,1753.5,177892
2025-04-07 11:15:00,1753.5,1755.0,1750.0,1750.4,266533
2025-04-07 11:25:00,1750.4,1758.1,1750.0,1758.0,199294
2025-04-07 11:35:00,1757.6,1759.35,1751.45,1753.35,153785
2025-04-07 11:45:00,1753.0,1754.95,1751.55,1754.25,207456
2025-04-07 11:55:00,1754.1,1754.25,1748.75,1751.3,372356
2025-04-07 12:05:00,1751.4,1751.45,1746.6,1746.9,238096
2025-04-07 12:15:00,1746.9,1747.9,1744.0,1744.3,288775
2025-04-07 12:25:00,1744.0,1746.35,1738.55,1741.1,405555
2025-04-07 12:35:00,1741.1,1746.35,1738.2,1746.35,258701
2025-04-07 12:45:00,1746.3,1748.85,1744.75,1745.95,238055
2025-04-07 12:55:00,1745.95,1748.2,1742.2,1742.25,228145
2025-04-07 13:05:00,1742.7,1744.85,1738.8,1744.15,336164
2025-04-07 13:15:00,1744.3,1744.6,1738.9,1744.15,212259
2025-04-07 13:25:00,1744.15,1749.5,1743.35,1748.0,194904
2025-04-07 13:35:00,1747.55,1750.65,1745.95,1749.8,217877
2025-04-07 13:45:00,1749.85,1754.6,1748.15,1751.3,276952
2025-04-07 13:55:00,1751.45,1752.3,1746.2,1749.85,241339
2025-04-07 14:05:00,1749.9,1752.45,1746.45,1746.8,220532
2025-04-07 14:15:00,1747.15,1750.8,1745.35,1747.7,275437
2025-04-07 14:25:00,1747.25,1753.9,1746.75,1750.3,373986
2025-04-07 14:35:00,1750.7,1751.5,1747.0,1747.65,401940
2025-04-07 14:45:00,1748.1,1750.65,1746.35,1746.95,437926
2025-04-07 14:55:00,1746.95,1753.9,1746.85,1752.1,634563
2025-04-07 15:05:00,1752.05,1763.35,1751.35,1758.6,1222423
2025-04-07 15:15:00,1758.8,1764.4,1755.7,1764.35,1099468
2025-04-07 15:25:00,1764.35,1764.45,1759.5,1760.05,369359
2025-04-08 09:15:00,1765.0,1771.85,1758.05,1769.25,1678271
2025-04-08 09:25:00,1769.65,1779.5,1767.3,1776.35,679081
2025-04-08 09:35:00,1775.95,1777.15,1767.55,1769.5,445809
2025-04-08 09:45:00,1769.5,1774.5,1765.1,1766.0,359383
2025-04-08 09:55:00,1766.0,1766.1,1761.5,1762.8,373033
2025-04-08 10:05:00,1762.85,1766.0,1761.95,1762.0,226156
2025-04-08 10:15:00,1762.0,1765.85,1761.95,1764.45,178778
2025-04-08 10:25:00,1764.4,1767.15,1763.05,1764.6,277639
2025-04-08 10:35:00,1764.6,1765.45,1754.15,1758.05,594732
2025-04-08 10:45:00,1758.05,1764.0,1755.85,1762.6,462241
2025-04-08 10:55:00,1762.6,1765.0,1760.0,1760.5,380669
2025-04-08 11:05:00,1760.5,1765.5,1758.55,1762.4,310638
2025-04-08 11:15:00,1761.6,1763.0,1756.65,1758.25,248752
2025-04-08 11:25:00,1758.25,1758.8,1750.5,1752.1,298484
2025-04-08 11:35:00,1752.1,1759.3,1750.3,1756.9,279982
2025-04-08 11:45:00,1757.15,1763.45,1756.35,1762.9,155447
2025-04-08 11:55:00,1762.85,1764.0,1759.15,1763.55,140908
2025-04-08 12:05:00,1763.9,1769.6,1762.9,1768.7,314407
2025-04-08 12:15:00,1768.55,1770.0,1766.5,1769.55,244047
2025-04-08 12:25:00,1769.55,1778.85,1769.4,1777.95,599691
2025-04-08 12:35:00,1778.0,1781.8,1776.7,1779.25,382605
2025-04-08 12:45:00,1779.5,1780.5,1776.15,1776.25,230338
2025-04-08 12:55:00,1776.2,1779.4,1775.0,1778.95,375839
2025-04-08 13:05:00,1779.0,1782.0,1777.1,1781.85,273531
2025-04-08 13:15:00,1781.85,1781.9,1776.85,1779.95,437498
2025-04-08 13:25:00,1779.95,1781.8,1778.45,1780.8,356856
2025-04-08 13:35:00,1780.85,1781.1,1769.65,1776.5,349354
2025-04-08 13:45:00,1776.5,1777.95,1766.35,1767.45,617958
2025-04-08 13:55:00,1767.65,1778.45,1766.7,1772.2,377041
2025-04-08 14:05:00,1771.9,1776.6,1768.65,1775.0,382096
2025-04-08 14:15:00,1775.75,1781.8,1775.35,1781.1,307034
2025-04-08 14:25:00,1781.2,1781.75,1772.0,1774.75,245452
2025-04-08 14:35:00,1774.7,1775.5,1769.75,1772.05,376743
2025-04-08 14:45:00,1772.05,1775.95,1770.0,1775.45,368847
2025-04-08 14:55:00,1775.45,1776.8,1768.25,1768.6,840976
2025-04-08 15:05:00,1768.6,1769.95,1767.65,1767.7,1243319
2025-04-08 15:15:00,1767.75,1770.2,1766.55,1769.7,1248941
2025-04-08 15:25:00,1769.75,1773.7,1769.65,1769.9,432812
2025-04-09 09:15:00,1765.0,1775.0,1760.3,1767.3,1280113
2025-04-09 09:25:00,1767.0,1771.15,1764.7,1770.7,356649
2025-04-09 09:35:00,1771.2,1773.2,1767.7,1773.2,229391
2025-04-09 09:45:00,1773.2,1773.2,1768.35,1770.7,174561
2025-04-09 09:55:00,1770.7,1771.6,1767.0,1769.3,203724
2025-04-09 10:05:00,1769.1,1773.5,1765.75,1767.3,161842
2025-04-09 10:15:00,1767.3,1772.45,1767.0,1769.6,112465
2025-04-09 10:25:00,1769.6,1769.8,1759.0,1759.2,148150
2025-04-09 10:35:00,1759.2,1760.5,1754.15,1757.35,373042
2025-04-09 10:45:00,1756.8,1763.0,1756.75,1761.85,269286
2025-04-09 10:55:00,1761.85,1763.0,1757.9,1757.9,170209
2025-04-09 11:05:00,1757.9,1758.7,1753.9,1756.15,267112
2025-04-09 11:15:00,1756.0,1761.0,1755.45,1758.45,68224
2025-04-09 11:25:00,1758.5,1760.55,1757.7,1759.05,73836
2025-04-09 11:35:00,1759.1,1761.75,1756.85,1759.95,267578
2025-04-09 11:45:00,1759.95,1760.2,1756.65,1759.85,254746
2025-04-09 11:55:00,1759.9,1762.2,1756.85,1758.45,143478
2025-04-09 12:05:00,1758.45,1759.6,1755.55,1757.55,184496
2025-04-09 12:15:00,1757.2,1759.0,1756.1,1757.65,97261
2025-04-09 12:25:00,1757.9,1758.05,1755.0,1757.1,329298
2025-04-09 12:35:00,1757.1,1760.0,1755.15,1760.0,386772
2025-04-09 12:45:00,1760.0,1760.0,1755.0,1757.05,292601
2025-04-09 12:55:00,1757.05,1757.4,1753.5,1755.0,285527
2025-04-09 13:05:00,1755.0,1757.55,1753.6,1757.35,211396
2025-04-09 13:15:00,1757.5,1759.0,1756.35,1759.0,104069
2025-04-09 13:25:00,1758.7,1759.9,1755.95,1757.2,197724
2025-04-09 13:35:00,1757.2,1759.2,1754.0,1755.0,399321
2025-04-09 13:45:00,1754.5,1757.6,1753.9,1755.1,204760
2025-04-09 13:55:00,1755.0,1757.85,1754.1,1755.4,198942
2025-04-09 14:05:00,1755.4,1757.9,1754.55,1757.8,176680
2025-04-09 14:15:00,1757.8,1760.0,1757.15,1760.0,161649
2025-04-09 14:25:00,1759.7,1761.9,1758.8,1761.9,182821
2025-04-09 14:35:00,1761.45,1762.65,1760.35,1762.15,284259
2025-04-09 14:45:00,1762.15,1765.0,1761.75,1764.25,333473
2025-04-09 14:55:00,1764.25,1764.9,1762.1,1764.05,622509
2025-04-09 15:05:00,1764.1,1765.4,1763.05,1765.35,649261
2025-04-09 15:15:00,1765.3,1767.1,1765.2,1766.3,646478
2025-04-09 15:25:00,1766.0,1766.7,1765.0,1766.3,292376
2025-04-11 09:15:00,1774.75,1804.75,1774.75,1804.7,2871706
2025-04-11 09:25:00,1804.7,1804.7,1791.35,1801.0,613852
2025-04-11 09:35:00,1801.0,1803.55,1799.2,1801.15,235415
2025-04-11 09:45:00,1801.15,1806.65,1800.65,1805.35,712958
2025-04-11 09:55:00,1805.3,1806.5,1800.0,1800.4,184244
2025-04-11 10:05:00,1800.4,1803.0,1800.0,1801.9,189325
2025-04-11 10:15:00,1801.9,1802.25,1800.0,1801.0,257485
2025-04-11 10:25:00,1800.65,1805.85,1800.0,1804.8,319098
2025-04-11 10:35:00,1804.8,1805.6,1800.0,1802.15,247839
2025-04-11 10:45:00,1802.15,1803.2,1800.0,1801.05,265120
2025-04-11 10:55:00,1801.3,1802.05,1799.75,1801.05,223091
2025-04-11 11:05:00,1800.8,1803.45,1799.3,1802.2,196847
2025-04-11 11:15:00,1802.2,1804.55,1800.6,1804.3,196659
2025-04-11 11:25:00,1804.4,1813.35,1804.4,1812.9,599725
2025-04-11 11:35:00,1812.9,1816.85,1811.6,1813.55,433103
2025-04-11 11:45:00,1813.55,1816.15,1808.8,1810.35,218893
2025-04-11 11:55:00,1810.35,1814.7,1810.25,1814.0,155291
2025-04-11 12:05:00,1813.95,1816.0,1813.3,1815.95,172304
2025-04-11 12:15:00,1816.0,1817.05,1814.2,1815.7,140678
2025-04-11 12:25:00,1815.7,1817.65,1815.15,1816.8,161703
2025-04-11 12:35:00,1816.8,1816.8,1813.8,1815.0,464413
2025-04-11 12:45:00,1815.0,1817.2,1814.95,1816.0,266598
2025-04-11 12:55:00,1816.0,1819.4,1815.7,1817.45,231223
2025-04-11 13:05:00,1817.45,1819.25,1815.55,1816.15,171672
2025-04-11 13:15:00,1816.15,1817.2,1814.6,1815.4,206615
2025-04-11 13:25:00,1815.4,1816.35,1814.6,1816.05,180977
2025-04-11 13:35:00,1816.05,1816.7,1812.6,1813.6,168939
2025-04-11 13:45:00,1813.65,1813.8,1811.45,1811.95,210021
2025-04-11 13:55:00,1812.0,1812.0,1808.55,1808.55,216273
2025-04-11 14:05:00,1809.05,1811.9,1808.1,1808.65,278007
2025-04-11 14:15:00,1808.9,1810.0,1804.65,1805.45,255398
2025-04-11 14:25:00,1805.65,1809.1,1804.15,1804.95,958928
2025-04-11 14:35:00,1805.0,1806.15,1801.5,1805.45,303101
2025-04-11 14:45:00,1805.7,1807.85,1804.2,1805.05,335694
2025-04-11 14:55:00,1805.3,1808.85,1803.55,1808.4,634496
2025-04-11 15:05:00,1808.4,1810.0,1805.9,1805.9,823854
2025-04-11 15:15:00,1806.1,1806.25,1804.1,1805.45,890231
2025-04-11 15:25:00,1805.85,1808.0,1804.95,1805.2,291863
2025-04-15 09:15:00,1865.0,1874.5,1855.0,1870.9,4476071
2025-04-15 09:25:00,1870.7,1876.8,1869.2,1870.3,1043578
2025-04-15 09:35:00,1869.8,1872.7,1866.6,1869.5,684437
2025-04-15 09:45:00,1869.6,1872.0,1867.1,1869.0,357362
2025-04-15 09:55:00,1868.8,1871.8,1868.0,1870.8,376152
2025-04-15 10:05:00,1870.9,1873.8,1869.7,1871.9,395104
2025-04-15 10:15:00,1871.9,1872.8,1867.7,1868.5,221657
2025-04-15 10:25:00,1868.2,1869.9,1866.7,1869.6,217291
2025-04-15 10:35:00,1869.9,1870.0,1867.5,1867.6,222705
2025-04-15 10:45:00,1867.7,1869.9,1867.2,1867.2,205121
2025-04-15 10:55:00,1867.2,1869.6,1866.9,1868.6,188061
2025-04-15 11:05:00,1868.7,1870.0,1868.1,1869.0,247804
2025-04-15 11:15:00,1869.0,1870.0,1868.6,1869.5,163142
2025-04-15 11:25:00,1869.5,1870.0,1868.6,1868.9,153212
2025-04-15 11:35:00,1869.0,1871.0,1868.5,1870.9,167211
2025-04-15 11:45:00,1870.6,1872.8,1869.3,1872.3,277561
2025-04-15 11:55:00,1872.3,1874.7,1872.2,1874.7,255546
2025-04-15 12:05:00,1874.7,1875.0,1870.7,1871.6,254879
2025-04-15 12:15:00,1871.1,1872.0,1869.5,1870.0,471767
2025-04-15 12:25:00,1870.0,1870.6,1868.6,1869.4,459664
2025-04-15 12:35:00,1869.8,1869.9,1867.1,1867.6,642909
2025-04-15 12:45:00,1867.5,1868.9,1867.4,1868.0,239193
2025-04-15 12:55:00,1868.0,1869.6,1868.0,1868.9,258517
2025-04-15 13:05:00,1869.0,1870.0,1868.1,1868.9,384048
2025-04-15 13:15:00,1868.8,1869.0,1867.4,1868.7,216987
2025-04-15 13:25:00,1868.7,1869.0,1867.0,1868.5,277738
2025-04-15 13:35:00,1868.6,1869.1,1867.0,1867.9,320256
2025-04-15 13:45:00,1867.9,1869.9,1867.7,1869.0,389655
2025-04-15 13:55:00,1869.2,1870.0,1868.0,1868.0,245081
2025-04-15 14:05:00,1868.1,1869.0,1866.0,1866.9,457874
2025-04-15 14:15:00,1866.9,1867.1,1865.3,1865.4,636513
2025-04-15 14:25:00,1865.6,1866.9,1865.0,1865.2,824519
2025-04-15 14:35:00,1865.2,1865.9,1864.0,1864.0,495799
2025-04-15 14:45:00,1864.0,1865.0,1863.0,1863.6,680395
2025-04-15 14:55:00,1863.7,1864.9,1862.5,1863.6,1177016
2025-04-15 15:05:00,1863.6,1865.3,1862.9,1864.5,1800345
2025-04-15 15:15:00,1864.5,1867.0,1863.8,1866.3,1628014
2025-04-15 15:25:00,1866.2,1870.0,1865.0,1865.6,834139
2025-04-16 09:15:00,1883.8,1883.8,1871.3,1873.6,1638286
2025-04-16 09:25:00,1873.1,1873.8,1869.0,1873.7,340474
2025-04-16 09:35:00,1873.7,1876.7,1871.5,1876.0,278175
2025-04-16 09:45:00,1876.3,1879.0,1874.2,1878.2,222600
2025-04-16 09:55:00,1878.2,1879.0,1876.1,1877.0,121499
2025-04-16 10:05:00,1877.0,1877.5,1873.3,1874.0,128159
2025-04-16 10:15:00,1874.0,1875.5,1871.8,1872.3,110580
2025-04-16 10:25:00,1872.1,1873.1,1868.0,1868.9,159084
2025-04-16 10:35:00,1868.4,1869.1,1864.0,1864.0,189258
2025-04-16 10:45:00,1864.5,1866.6,1861.6,1862.9,152625
2025-04-16 10:55:00,1863.2,1865.0,1861.4,1863.0,198001
2025-04-16 11:05:00,1863.0,1865.0,1861.5,1864.0,126053
2025-04-16 11:15:00,1864.0,1864.6,1862.6,1863.6,162033
2025-04-16 11:25:00,1863.5,1864.3,1861.7,1862.1,108380
2025-04-16 11:35:00,1862.2,1865.0,1860.5,1864.9,110614
2025-04-16 11:45:00,1864.9,1866.3,1862.4,1864.0,159146
2025-04-16 11:55:00,1864.0,1865.0,1863.0,1864.3,105631
2025-04-16 12:05:00,1864.5,1864.9,1862.2,1862.9,97836
2025-04-16 12:15:00,1862.8,1863.0,1861.1,1862.9,104303
2025-04-16 12:25:00,1862.9,1863.0,1861.0,1862.0,109115
2025-04-16 12:35:00,1862.0,1865.4,1861.7,1863.0,215087
2025-04-16 12:45:00,1862.9,1864.0,1862.4,1863.0,60787
2025-04-16 12:55:00,1863.0,1864.5,1862.5,1864.5,84891
2025-04-16 13:05:00,1864.2,1868.6,1863.8,1868.0,91856
2025-04-16 13:15:00,1868.0,1868.6,1864.0,1864.1,84009
2025-04-16 13:25:00,1864.1,1866.0,1861.8,1865.4,98734
2025-04-16 13:35:00,1865.5,1866.8,1865.2,1865.7,72893
2025-04-16 13:45:00,1865.7,1867.9,1865.1,1867.7,99780
2025-04-16 13:55:00,1867.7,1876.0,1867.5,1874.7,377322
2025-04-16 14:05:00,1875.0,1879.0,1874.5,1878.9,124747
2025-04-16 14:15:00,1878.9,1879.9,1877.3,1877.9,139288
2025-04-16 14:25:00,1877.8,1878.9,1876.2,1877.0,101642
2025-04-16 14:35:00,1877.0,1878.2,1875.4,1877.6,133080
2025-04-16 14:45:00,1877.6,1879.4,1876.3,1879.0,276113
2025-04-16 14:55:00,1878.8,1878.9,1876.9,1878.2,411320
2025-04-16 15:05:00,1878.2,1878.9,1876.2,1877.3,673708
2025-04-16 15:15:00,1877.3,1879.2,1877.2,1878.9,697518
2025-04-16 15:25:00,1878.9,1879.4,1875.0,1875.9,227614
2025-04-17 09:15:00,1882.0,1886.9,1876.7,1885.7,1648238
2025-04-17 09:25:00,1885.7,1891.9,1881.0,1891.1,599454
2025-04-17 09:35:00,1891.1,1894.7,1889.2,1891.0,382149
2025-04-17 09:45:00,1891.0,1897.7,1890.8,1897.0,393625
2025-04-17 09:55:00,1897.1,1897.2,1893.1,1893.7,191604
2025-04-17 10:05:00,1893.8,1896.1,1890.0,1890.0,194562
2025-04-17 10:15:00,1890.0,1892.6,1888.7,1891.2,161881
2025-04-17 10:25:00,1891.2,1894.6,1890.5,1891.0,274863
2025-04-17 10:35:00,1891.0,1891.2,1887.0,1887.3,250539
2025-04-17 10:45:00,1887.3,1889.7,1887.3,1887.8,167106
2025-04-17 10:55:00,1887.8,1888.0,1885.0,1885.3,190994
2025-04-17 11:05:00,1885.3,1888.0,1884.2,1886.7,387282
2025-04-17 11:15:00,1886.7,1888.2,1885.4,1888.0,270945
2025-04-17 11:25:00,1888.0,1894.0,1887.9,1893.1,335008
2025-04-17 11:35:00,1892.7,1897.9,1892.5,1897.5,449964
2025-04-17 11:45:00,1897.1,1899.7,1895.5,1897.9,534691
2025-04-17 11:55:00,1897.9,1898.5,1895.5,1897.9,279087
2025-04-17 12:05:00,1897.9,1902.5,1897.6,1901.5,860001
2025-04-17 12:15:00,1901.5,1907.5,1900.2,1905.3,521418
2025-04-17 12:25:00,1905.0,1912.8,1904.1,1911.8,619715
2025-04-17 12:35:00,1912.0,1912.1,1906.0,1908.0,389134
2025-04-17 12:45:00,1908.0,1912.4,1907.5,1911.9,381997
2025-04-17 12:55:00,1911.5,1912.5,1908.0,1909.4,273370
2025-04-17 13:05:00,1909.4,1914.5,1908.0,1914.0,372354
2025-04-17 13:15:00,1914.0,1917.2,1910.2,1913.0,548537
2025-04-17 13:25:00,1913.1,1915.7,1910.1,1912.7,480873
2025-04-17 13:35:00,1912.1,1917.3,1909.0,1912.1,661493
2025-04-17 13:45:00,1911.9,1916.4,1911.1,1915.2,463456
2025-04-17 13:55:00,1915.2,1919.0,1914.1,1916.9,423534
2025-04-17 14:05:00,1916.7,1919.7,1913.4,1913.5,378158
2025-04-17 14:15:00,1913.4,1914.9,1907.8,1910.4,501168
2025-04-17 14:25:00,1910.2,1913.8,1909.7,1913.1,455482
2025-04-17 14:35:00,1913.0,1913.4,1909.6,1911.0,418296
2025-04-17 14:45:00,1911.1,1911.1,1907.8,1908.0,369174
2025-04-17 14:55:00,1908.0,1910.3,1905.6,1908.9,763315
2025-04-17 15:05:00,1908.7,1908.8,1902.0,1904.0,834830
2025-04-17 15:15:00,1904.1,1908.8,1903.5,1908.0,639565
2025-04-17 15:25:00,1908.0,1909.0,1904.1,1905.8,258100
2025-04-21 09:15:00,1924.0,1950.7,1910.0,1944.5,3838682
2025-04-21 09:25:00,1944.6,1945.4,1934.3,1935.1,1006157
2025-04-21 09:35:00,1935.1,1936.0,1928.6,1933.4,843406
2025-04-21 09:45:00,1933.3,1933.7,1922.4,1929.3,771785
2025-04-21 09:55:00,1929.3,1934.2,1929.3,1933.4,482912
2025-04-21 10:05:00,1932.9,1932.9,1926.4,1926.4,318839
2025-04-21 10:15:00,1926.1,1927.5,1919.2,1920.4,608249
2025-04-21 10:25:00,1920.4,1923.3,1920.0,1920.2,217886
2025-04-21 10:35:00,1920.0,1922.3,1914.8,1921.8,462509
2025-04-21 10:45:00,1921.8,1926.8,1921.3,1925.1,410491
2025-04-21 10:55:00,1925.2,1925.2,1922.3,1922.9,173593
2025-04-21 11:05:00,1922.8,1926.5,1922.5,1926.3,198286
2025-04-21 11:15:00,1926.4,1926.9,1923.5,1923.5,268573
2025-04-21 11:25:00,1923.5,1927.9,1923.5,1927.3,459118
2025-04-21 11:35:00,1927.2,1928.9,1921.4,1922.8,269837
2025-04-21 11:45:00,1923.5,1927.8,1922.9,1927.1,237984
2025-04-21 11:55:00,1927.1,1932.0,1927.1,1929.0,469851
2025-04-21 12:05:00,1929.0,1930.0,1925.7,1928.6,218516
2025-04-21 12:15:00,1928.3,1929.7,1927.2,1929.3,209998
2025-04-21 12:25:00,1929.5,1931.0,1927.9,1928.2,228127
2025-04-21 12:35:00,1928.2,1930.0,1927.7,1928.3,189651
2025-04-21 12:45:00,1928.2,1931.4,1928.1,1929.7,283742
2025-04-21 12:55:00,1929.5,1930.9,1929.3,1930.1,201048
2025-04-21 13:05:00,1930.0,1931.2,1929.2,1930.3,149517
2025-04-21 13:15:00,1929.7,1930.9,1927.1,1930.5,158225
2025-04-21 13:25:00,1930.2,1930.7,1926.2,1927.0,206386
2025-04-21 13:35:00,1927.0,1927.9,1925.1,1925.5,232423
2025-04-21 13:45:00,1925.4,1930.0,1924.4,1929.9,305478
2025-04-21 13:55:00,1930.0,1930.6,1928.7,1928.8,274688
2025-04-21 14:05:00,1928.8,1929.9,1928.0,1929.2,298038
2025-04-21 14:15:00,1929.0,1929.7,1928.1,1929.1,235572
2025-04-21 14:25:00,1929.2,1930.0,1928.4,1928.9,294711
2025-04-21 14:35:00,1928.4,1930.0,1928.0,1929.0,398405
2025-04-21 14:45:00,1929.0,1930.2,1928.3,1929.5,391779
2025-04-21 14:55:00,1929.5,1930.0,1924.4,1925.5,306485
2025-04-21 15:05:00,1925.6,1927.0,1924.4,1925.2,337745
2025-04-21 15:15:00,1925.4,1929.0,1925.2,1928.8,515949
2025-04-21 15:25:00,1928.0,1929.4,1925.0,1925.2,235883
2025-04-22 09:15:00,1935.0,1947.8,1935.0,1947.6,2263027
2025-04-22 09:25:00,1947.3,1949.5,1941.1,1943.7,775824
2025-04-22 09:35:00,1943.8,1956.4,1943.7,1956.1,963172
2025-04-22 09:45:00,1956.5,1958.9,1952.6,1957.0,836842
2025-04-22 09:55:00,1956.9,1965.0,1956.8,1964.6,780258
2025-04-22 10:05:00,1964.6,1966.4,1960.7,1964.6,637604
2025-04-22 10:15:00,1964.6,1968.7,1963.4,1968.4,504139
2025-04-22 10:25:00,1968.5,1970.6,1966.5,1967.0,903791
2025-04-22 10:35:00,1967.0,1969.1,1965.0,1965.2,595007
2025-04-22 10:45:00,1965.2,1966.7,1961.3,1963.2,547985
2025-04-22 10:55:00,1963.2,1967.1,1962.2,1965.9,368219
2025-04-22 11:05:00,1965.9,1967.9,1964.6,1966.6,454396
2025-04-22 11:15:00,1966.6,1966.9,1960.0,1960.0,413674
2025-04-22 11:25:00,1960.2,1961.8,1951.0,1951.8,1052235
2025-04-22 11:35:00,1951.7,1959.3,1951.5,1958.7,421156
2025-04-22 11:45:00,1958.6,1959.4,1956.5,1957.6,302937
2025-04-22 11:55:00,1957.7,1958.1,1954.1,1955.2,308617
2025-04-22 12:05:00,1956.0,1957.9,1953.6,1953.8,339968
2025-04-22 12:15:00,1953.1,1955.3,1951.7,1952.6,469113
2025-04-22 12:25:00,1952.6,1955.0,1951.7,1953.4,532091
2025-04-22 12:35:00,1952.9,1957.6,1950.3,1957.5,379865
2025-04-22 12:45:00,1957.5,1958.0,1955.4,1956.9,310137
2025-04-22 12:55:00,1956.9,1962.0,1956.3,1961.5,437992
2025-04-22 13:05:00,1961.7,1963.3,1959.5,1960.6,641946
2025-04-22 13:15:00,1961.0,1962.7,1960.0,1961.4,404092
2025-04-22 13:25:00,1961.4,1965.0,1961.2,1964.5,368051
2025-04-22 13:35:00,1964.5,1965.0,1962.5,1964.9,338667
2025-04-22 13:45:00,1964.6,1965.0,1961.3,1962.0,359731
2025-04-22 13:55:00,1962.4,1963.0,1958.0,1961.0,509893
2025-04-22 14:05:00,1961.0,1963.8,1960.4,1961.0,440820
2025-04-22 14:15:00,1961.5,1963.0,1959.1,1962.5,463930
2025-04-22 14:25:00,1962.5,1962.6,1960.4,1961.6,357760
2025-04-22 14:35:00,1961.8,1962.7,1959.0,1961.4,500576
2025-04-22 14:45:00,1961.4,1962.0,1957.8,1959.4,358611
2025-04-22 14:55:00,1960.0,1962.1,1956.4,1961.5,660903
2025-04-22 15:05:00,1961.6,1963.6,1960.8,1960.9,815838
2025-04-22 15:15:00,1960.9,1963.3,1960.0,1962.2,848139
2025-04-22 15:25:00,1962.2,1962.8,1956.2,1956.4,342833
2025-04-23 09:15:00,1978.9,1978.9,1960.0,1962.2,1294893
2025-04-23 09:25:00,1962.2,1962.3,1952.2,1952.7,990248
2025-04-23 09:35:00,1952.7,1955.9,1950.5,1955.0,472612
2025-04-23 09:45:00,1955.1,1957.0,1949.6,1952.7,284682
2025-04-23 09:55:00,1952.7,1952.9,1944.9,1944.9,703200
2025-04-23 10:05:00,1945.0,1945.0,1937.0,1937.4,466814
2025-04-23 10:15:00,1937.4,1941.6,1934.5,1938.0,454206
2025-04-23 10:25:00,1938.0,1941.5,1930.3,1931.1,760615
2025-04-23 10:35:00,1931.1,1936.0,1929.1,1932.9,427475
2025-04-23 10:45:00,1933.5,1938.0,1932.0,1936.5,429324
2025-04-23 10:55:00,1936.8,1939.0,1935.2,1935.6,282408
2025-04-23 11:05:00,1936.0,1936.3,1928.5,1929.0,322721
2025-04-23 11:15:00,1929.0,1932.6,1928.7,1928.9,382594
2025-04-23 11:25:00,1929.0,1932.8,1928.4,1932.8,399290
2025-04-23 11:35:00,1932.8,1934.4,1930.0,1932.3,154681
2025-04-23 11:45:00,1932.2,1932.7,1930.0,1930.1,212938
2025-04-23 11:55:00,1930.0,1930.1,1928.4,1928.6,308217
2025-04-23 12:05:00,1928.6,1929.3,1925.6,1926.8,202253
2025-04-23 12:15:00,1926.8,1929.4,1925.1,1928.0,237811
2025-04-23 12:25:00,1928.1,1929.9,1927.4,1928.3,127280
2025-04-23 12:35:00,1928.3,1930.9,1926.2,1930.9,144017
2025-04-23 12:45:00,1930.9,1931.6,1926.5,1928.6,170556
2025-04-23 12:55:00,1928.6,1930.0,1928.1,1930.0,88875
2025-04-23 13:05:00,1930.0,1930.0,1923.3,1925.4,195013
2025-04-23 13:15:00,1925.4,1927.5,1924.1,1926.3,136922
2025-04-23 13:25:00,1926.4,1928.6,1926.2,1928.0,224138
2025-04-23 13:35:00,1927.9,1930.0,1926.4,1929.3,195435
2025-04-23 13:45:00,1929.3,1929.8,1927.1,1929.8,151525
2025-04-23 13:55:00,1929.8,1930.8,1929.0,1930.5,200168
2025-04-23 14:05:00,1930.2,1930.4,1926.9,1928.2,271083
2025-04-23 14:15:00,1928.0,1928.1,1924.0,1924.7,374415
2025-04-23 14:25:00,1924.7,1927.7,1924.3,1925.9,275615
2025-04-23 14:35:00,1926.0,1927.8,1924.7,1925.8,573779
2025-04-23 14:45:00,1925.8,1927.0,1925.3,1926.1,209103
2025-04-23 14:55:00,1926.1,1927.0,1922.9,1924.0,526896
2025-04-23 15:05:00,1924.0,1926.2,1923.9,1925.8,688625
2025-04-23 15:15:00,1925.8,1926.0,1921.4,1922.3,832405
2025-04-23 15:25:00,1921.6,1922.5,1920.5,1921.3,396781
2025-04-24 09:15:00,1910.0,1919.0,1905.1,1915.1,1310525
2025-04-24 09:25:00,1915.4,1920.0,1913.9,1919.4,495604
2025-04-24 09:35:00,1919.5,1923.9,1912.6,1913.0,383594
2025-04-24 09:45:00,1913.0,1913.6,1910.2,1912.8,290859
2025-04-24 09:55:00,1912.8,1916.6,1907.9,1916.5,225758
2025-04-24 10:05:00,1916.5,1919.0,1916.0,1917.4,134466
2025-04-24 10:15:00,1917.6,1919.5,1916.1,1917.8,109144
2025-04-24 10:25:00,1917.8,1918.5,1915.0,1916.7,113598
2025-04-24 10:35:00,1916.8,1919.9,1914.5,1915.5,159969
2025-04-24 10:45:00,1915.6,1916.0,1913.9,1914.5,173048
2025-04-24 10:55:00,1914.9,1917.4,1913.2,1915.7,229845
2025-04-24 11:05:00,1915.7,1919.5,1914.4,1918.3,219721
2025-04-24 11:15:00,1918.3,1919.6,1916.0,1919.4,157156
2025-04-24 11:25:00,1919.5,1919.7,1916.0,1917.6,150340
2025-04-24 11:35:00,1917.5,1919.1,1917.5,1917.9,116733
2025-04-24 11:45:00,1917.9,1919.5,1917.1,1919.0,134893
2025-04-24 11:55:00,1918.9,1919.0,1917.7,1918.5,119869
2025-04-24 12:05:00,1918.5,1921.8,1918.4,1920.3,189286
2025-04-24 12:15:00,1920.7,1921.0,1919.7,1919.7,152049
2025-04-24 12:25:00,1919.7,1921.0,1918.8,1919.9,131518
2025-04-24 12:35:00,1919.9,1920.4,1917.0,1918.2,134665
2025-04-24 12:45:00,1918.1,1920.8,1917.2,1919.1,154116
2025-04-24 12:55:00,1919.2,1919.2,1916.2,1918.1,319188
2025-04-24 13:05:00,1918.3,1919.9,1917.5,1918.4,170385
2025-04-24 13:15:00,1918.4,1919.0,1916.9,1918.1,169468
2025-04-24 13:25:00,1918.1,1920.4,1917.4,1919.0,184781
2025-04-24 13:35:00,1919.0,1921.0,1918.8,1920.4,143466
2025-04-24 13:45:00,1920.4,1920.8,1918.3,1918.6,213908
2025-04-24 13:55:00,1918.6,1921.4,1918.3,1920.6,180194
2025-04-24 14:05:00,1920.6,1922.2,1920.4,1921.2,182914
2025-04-24 14:15:00,1921.3,1922.9,1920.5,1921.9,258828
2025-04-24 14:25:00,1921.9,1922.2,1920.1,1920.3,211291
2025-04-24 14:35:00,1920.2,1921.6,1918.4,1921.1,464953
2025-04-24 14:45:00,1921.1,1921.7,1918.5,1919.4,332905
2025-04-24 14:55:00,1919.4,1920.7,1918.1,1918.9,828497
2025-04-24 15:05:00,1919.0,1919.2,1915.6,1917.3,1638419
2025-04-24 15:15:00,1917.3,1917.7,1912.6,1915.0,1325022
2025-04-24 15:25:00,1915.0,1916.7,1911.6,1914.9,445033
2025-04-25 09:15:00,1924.8,1933.0,1917.0,1917.3,836165
2025-04-25 09:25:00,1917.4,1925.5,1913.8,1925.5,348075
2025-04-25 09:35:00,1925.2,1926.6,1916.2,1922.3,324524
2025-04-25 09:45:00,1922.5,1922.5,1915.5,1918.8,188958
2025-04-25 09:55:00,1918.8,1919.8,1909.8,1910.3,287054
2025-04-25 10:05:00,1910.6,1915.2,1910.4,1910.7,266414
2025-04-25 10:15:00,1910.6,1917.0,1908.7,1916.6,143140
2025-04-25 10:25:00,1917.0,1918.6,1910.7,1911.0,165242
2025-04-25 10:35:00,1911.0,1912.9,1906.9,1906.9,123455
2025-04-25 10:45:00,1906.9,1908.0,1902.0,1903.5,261535
2025-04-25 10:55:00,1903.5,1906.1,1902.4,1904.0,158524
2025-04-25 11:05:00,1904.0,1906.0,1902.3,1903.4,85946
2025-04-25 11:15:00,1904.2,1905.8,1901.6,1905.4,90684
2025-04-25 11:25:00,1905.4,1905.6,1902.1,1902.1,128460
2025-04-25 11:35:00,1902.1,1904.0,1901.0,1901.7,63286
2025-04-25 11:45:00,1901.9,1902.2,1893.8,1895.6,200375
2025-04-25 11:55:00,1895.6,1896.6,1891.8,1893.1,430355
2025-04-25 12:05:00,1893.0,1898.0,1893.0,1897.1,290880
2025-04-25 12:15:00,1897.1,1901.1,1896.1,1898.4,125931
2025-04-25 12:25:00,1898.6,1903.5,1896.9,1901.5,200418
2025-04-25 12:35:00,1901.4,1904.6,1900.6,1901.8,89941
2025-04-25 12:45:00,1901.8,1905.0,1901.7,1903.6,93316
2025-04-25 12:55:00,1903.6,1909.9,1903.0,1907.0,167539
2025-04-25 13:05:00,1907.0,1909.0,1906.3,1908.0,116728
2025-04-25 13:15:00,1908.0,1910.0,1907.4,1907.9,116382
2025-04-25 13:25:00,1908.0,1910.0,1906.8,1909.8,124337
2025-04-25 13:35:00,1909.8,1913.4,1909.2,1913.4,135115
2025-04-25 13:45:00,1913.1,1919.4,1913.0,1917.8,152952
2025-04-25 13:55:00,1917.8,1920.0,1917.1,1917.8,81804
2025-04-25 14:05:00,1917.8,1918.4,1910.5,1913.6,159436
2025-04-25 14:15:00,1914.0,1917.5,1913.4,1915.9,160089
2025-04-25 14:25:00,1915.9,1915.9,1911.0,1912.0,97163
2025-04-25 14:35:00,1912.0,1912.1,1907.3,1911.6,177531
2025-04-25 14:45:00,1911.0,1914.3,1909.7,1913.9,216109
2025-04-25 14:55:00,1914.1,1916.1,1912.4,1913.1,581738
2025-04-25 15:05:00,1913.1,1914.7,1910.0,1912.2,661655
2025-04-25 15:15:00,1912.2,1912.3,1907.3,1908.2,776248
2025-04-25 15:25:00,1908.2,1910.0,1908.0,1908.0,254936
2025-04-28 09:15:00,1911.2,1923.9,1908.4,1918.0,741728
2025-04-28 09:25:00,1918.2,1928.1,1918.1,1927.2,436103
2025-04-28 09:35:00,1927.2,1928.9,1923.8,1926.6,220925
2025-04-28 09:45:00,1926.6,1928.5,1923.2,1924.0,152323
2025-04-28 09:55:00,1924.0,1927.0,1919.4,1922.1,166232
2025-04-28 10:05:00,1922.1,1927.0,1922.1,1926.5,147386
2025-04-28 10:15:00,1926.5,1927.7,1923.7,1924.4,157504
2025-04-28 10:25:00,1924.1,1926.1,1922.0,1926.0,64735
2025-04-28 10:35:00,1926.0,1927.0,1923.6,1925.6,150950
2025-04-28 10:45:00,1925.6,1929.7,1925.1,1927.0,394413
2025-04-28 10:55:00,1926.9,1927.0,1924.1,1924.7,143812
2025-04-28 11:05:00,1924.6,1925.0,1921.6,1922.8,141572
2025-04-28 11:15:00,1922.8,1923.8,1920.1,1922.4,75659
2025-04-28 11:25:00,1922.0,1923.8,1921.4,1923.3,140178
2025-04-28 11:35:00,1923.1,1924.0,1921.7,1923.0,269142
2025-04-28 11:45:00,1923.0,1926.8,1923.0,1925.0,157607
2025-04-28 11:55:00,1925.0,1925.3,1920.9,1920.9,100211
2025-04-28 12:05:00,1920.9,1923.0,1918.4,1922.4,124537
2025-04-28 12:15:00,1922.4,1926.6,1922.3,1924.7,124633
2025-04-28 12:25:00,1924.9,1926.7,1924.0,1924.8,111625
2025-04-28 12:35:00,1925.0,1925.8,1922.7,1923.4,72060
2025-04-28 12:45:00,1923.8,1924.0,1921.5,1923.6,55207
2025-04-28 12:55:00,1923.7,1926.0,1922.8,1923.5,71777
2025-04-28 13:05:00,1924.0,1926.6,1922.7,1925.0,112704
2025-04-28 13:15:00,1925.3,1925.3,1921.8,1923.0,93386
2025-04-28 13:25:00,1923.0,1926.5,1922.9,1926.1,103295
2025-04-28 13:35:00,1926.4,1926.8,1923.5,1925.9,83561
2025-04-28 13:45:00,1926.0,1926.9,1924.2,1925.1,91692
2025-04-28 13:55:00,1925.2,1926.8,1923.7,1925.2,151026
2025-04-28 14:05:00,1925.2,1926.6,1924.4,1925.8,98093
2025-04-28 14:15:00,1925.8,1927.0,1924.0,1924.2,98557
2025-04-28 14:25:00,1924.2,1924.9,1921.2,1921.3,128545
2025-04-28 14:35:00,1921.4,1921.4,1915.8,1916.7,235532
2025-04-28 14:45:00,1916.8,1920.0,1916.4,1919.9,222759
2025-04-28 14:55:00,1919.9,1921.8,1918.5,1920.7,290139
2025-04-28 15:05:00,1920.7,1920.9,1918.5,1919.9,325042
2025-04-28 15:15:00,1919.8,1920.9,1919.3,1919.9,357658
2025-04-28 15:25:00,1919.8,1922.0,1919.6,1921.0,189494
2025-04-29 09:15:00,1918.8,1928.8,1917.0,1926.0,727028
2025-04-29 09:25:00,1926.0,1927.0,1919.1,1923.1,301635
2025-04-29 09:35:00,1922.9,1922.9,1909.7,1911.6,390326
2025-04-29 09:45:00,1911.1,1915.8,1908.8,1911.4,278276
2025-04-29 09:55:00,1911.2,1916.0,1910.8,1912.8,177628
2025-04-29 10:05:00,1912.9,1912.9,1903.8,1907.9,220920
2025-04-29 10:15:00,1908.0,1909.1,1905.2,1909.1,190363
2025-04-29 10:25:00,1909.4,1909.5,1904.8,1905.4,131096
2025-04-29 10:35:00,1905.3,1906.4,1900.6,1901.0,129605
2025-04-29 10:45:00,1901.0,1904.3,1900.2,1902.3,130125
2025-04-29 10:55:00,1902.1,1903.6,1901.0,1902.0,100523
2025-04-29 11:05:00,1902.0,1906.0,1902.0,1905.2,206629
2025-04-29 11:15:00,1904.7,1906.4,1903.5,1904.0,95528
2025-04-29 11:25:00,1903.9,1905.0,1902.8,1904.6,94865
2025-04-29 11:35:00,1904.6,1906.4,1904.2,1906.0,115394
2025-04-29 11:45:00,1905.9,1907.0,1904.5,1905.8,108177
2025-04-29 11:55:00,1905.7,1908.0,1905.7,1906.7,121357
2025-04-29 12:05:00,1906.7,1906.8,1902.5,1902.6,137632
2025-04-29 12:15:00,1902.6,1906.0,1902.1,1905.0,107471
2025-04-29 12:25:00,1905.0,1905.0,1902.8,1903.1,146621
2025-04-29 12:35:00,1903.1,1904.9,1901.9,1903.8,227899
2025-04-29 12:45:00,1903.3,1904.4,1901.4,1904.4,186720
2025-04-29 12:55:00,1904.4,1907.8,1904.1,1907.1,206268
2025-04-29 13:05:00,1907.1,1908.0,1905.1,1907.6,151323
2025-04-29 13:15:00,1907.6,1908.0,1905.0,1907.7,153941
2025-04-29 13:25:00,1908.0,1908.0,1905.5,1905.7,128623
2025-04-29 13:35:00,1905.7,1906.8,1905.1,1906.0,97264
2025-04-29 13:45:00,1906.1,1907.4,1906.0,1907.0,103000
2025-04-29 13:55:00,1907.0,1907.5,1904.5,1905.7,264703
2025-04-29 14:05:00,1905.6,1907.6,1904.8,1905.9,159171
2025-04-29 14:15:00,1905.0,1907.8,1905.0,1906.9,261918
2025-04-29 14:25:00,1906.9,1908.5,1906.1,1907.7,199321
2025-04-29 14:35:00,1907.9,1909.0,1905.9,1905.9,162643
2025-04-29 14:45:00,1905.9,1908.3,1905.9,1906.8,239724
2025-04-29 14:55:00,1906.7,1911.8,1905.6,1908.7,809086
2025-04-29 15:05:00,1908.7,1910.0,1906.8,1909.9,866054
2025-04-29 15:15:00,1909.9,1911.3,1906.2,1906.2,940454
2025-04-29 15:25:00,1906.7,1907.4,1903.2,1906.0,231836
2025-04-30 09:15:00,1913.0,1931.0,1910.3,1921.5,1276242
2025-04-30 09:25:00,1922.0,1927.4,1922.0,1926.4,328181
2025-04-30 09:35:00,1926.4,1934.4,1924.2,1930.6,387326
2025-04-30 09:45:00,1929.8,1935.0,1929.8,1934.4,335178
2025-04-30 09:55:00,1934.4,1936.9,1929.3,1929.9,320163
2025-04-30 10:05:00,1929.9,1934.6,1929.7,1929.9,183296
2025-04-30 10:15:00,1929.8,1932.6,1927.4,1928.8,206992
2025-04-30 10:25:00,1928.8,1929.3,1921.9,1923.1,212081
2025-04-30 10:35:00,1923.1,1925.1,1920.4,1925.0,282918
2025-04-30 10:45:00,1925.0,1925.9,1923.2,1924.2,122856
2025-04-30 10:55:00,1924.0,1926.0,1923.3,1924.9,140035
2025-04-30 11:05:00,1924.9,1925.1,1921.9,1924.1,284230
2025-04-30 11:15:00,1924.1,1926.0,1921.0,1921.9,397036
2025-04-30 11:25:00,1921.8,1924.0,1920.9,1921.4,186623
2025-04-30 11:35:00,1921.4,1924.7,1921.4,1923.5,96118
2025-04-30 11:45:00,1923.5,1923.8,1920.6,1922.3,107365
2025-04-30 11:55:00,1922.4,1923.9,1922.2,1923.0,54927
2025-04-30 12:05:00,1923.0,1923.2,1921.5,1921.9,53185
2025-04-30 12:15:00,1921.9,1925.0,1921.6,1924.9,89531
2025-04-30 12:25:00,1924.8,1928.3,1924.8,1928.3,179418
2025-04-30 12:35:00,1928.2,1929.0,1926.9,1928.1,152025
2025-04-30 12:45:00,1928.1,1929.8,1927.5,1927.6,105680
2025-04-30 12:55:00,1927.6,1928.5,1925.1,1925.5,123787
2025-04-30 13:05:00,1925.6,1928.0,1925.5,1926.5,109720
2025-04-30 13:15:00,1926.5,1929.0,1925.8,1928.1,275280
2025-04-30 13:25:00,1928.1,1928.5,1925.3,1925.4,178344
2025-04-30 13:35:00,1925.4,1926.0,1924.5,1925.3,114894
2025-04-30 13:45:00,1924.8,1926.0,1924.5,1924.8,86684
2025-04-30 13:55:00,1924.8,1925.7,1924.1,1924.3,118431
2025-04-30 14:05:00,1924.0,1925.2,1923.0,1924.0,155851
2025-04-30 14:15:00,1924.0,1925.0,1923.6,1924.8,164133
2025-04-30 14:25:00,1924.8,1925.0,1923.7,1924.3,208545
2025-04-30 14:35:00,1924.3,1926.8,1921.2,1924.8,436647
2025-04-30 14:45:00,1924.8,1929.0,1923.5,1929.0,409359
2025-04-30 14:55:00,1928.9,1929.0,1922.7,1924.2,1665072
2025-04-30 15:05:00,1924.3,1930.2,1924.2,1929.0,2047593
2025-04-30 15:15:00,1929.1,1929.1,1921.5,1924.2,3028336
2025-04-30 15:25:00,1924.2,1925.0,1918.6,1920.1,984707
2025-05-02 09:15:00,1929.8,1941.9,1926.4,1935.0,1078191
2025-05-02 09:25:00,1934.5,1938.9,1934.0,1938.6,609413
2025-05-02 09:35:00,1938.6,1939.8,1934.8,1935.4,403461
2025-05-02 09:45:00,1935.2,1938.9,1934.2,1937.3,253906
2025-05-02 09:55:00,1937.0,1939.9,1936.7,1939.3,258666
2025-05-02 10:05:00,1939.3,1940.0,1936.4,1937.6,209301
2025-05-02 10:15:00,1937.8,1938.5,1933.2,1935.7,198856
2025-05-02 10:25:00,1935.5,1936.5,1932.6,1933.0,273005
2025-05-02 10:35:00,1933.0,1935.4,1931.4,1932.9,440108
2025-05-02 10:45:00,1932.9,1935.3,1931.4,1931.4,299751
2025-05-02 10:55:00,1931.4,1934.9,1931.0,1932.1,187001
2025-05-02 11:05:00,1932.1,1933.3,1930.2,1932.4,207097
2025-05-02 11:15:00,1932.5,1934.8,1931.1,1931.3,130314
2025-05-02 11:25:00,1931.3,1932.5,1928.6,1928.7,253217
2025-05-02 11:35:00,1928.9,1929.6,1926.2,1926.3,160225
2025-05-02 11:45:00,1926.4,1928.7,1926.3,1928.3,216421
2025-05-02 11:55:00,1928.4,1930.0,1928.0,1928.4,179467
2025-05-02 12:05:00,1928.5,1929.5,1925.9,1926.4,172435
2025-05-02 12:15:00,1926.4,1927.7,1925.0,1926.8,115029
2025-05-02 12:25:00,1926.8,1927.3,1922.9,1926.0,185077
2025-05-02 12:35:00,1925.9,1926.3,1923.4,1926.1,218904
2025-05-02 12:45:00,1926.0,1929.5,1926.0,1927.0,200137
2025-05-02 12:55:00,1926.9,1927.9,1925.5,1926.7,161894
2025-05-02 13:05:00,1926.8,1928.5,1924.4,1927.0,174709
2025-05-02 13:15:00,1927.0,1929.7,1926.9,1928.9,189020
2025-05-02 13:25:00,1928.9,1933.0,1927.9,1932.9,227644
2025-05-02 13:35:00,1932.8,1935.0,1932.4,1933.9,194771
2025-05-02 13:45:00,1933.8,1935.0,1932.9,1934.6,191818
2025-05-02 13:55:00,1934.6,1935.0,1930.9,1933.3,195939
2025-05-02 14:05:00,1933.3,1933.9,1930.0,1931.7,185602
2025-05-02 14:15:00,1931.3,1932.7,1926.0,1927.1,236023
2025-05-02 14:25:00,1927.1,1927.4,1921.7,1922.0,233263
2025-05-02 14:35:00,1922.0,1924.5,1920.0,1924.2,217970
2025-05-02 14:45:00,1923.9,1927.7,1922.8,1927.7,240530
2025-05-02 14:55:00,1927.7,1929.9,1924.0,1924.5,473515
2025-05-02 15:05:00,1924.4,1927.0,1922.7,1927.0,696065
2025-05-02 15:15:00,1927.0,1927.6,1923.0,1924.5,712611
2025-05-02 15:25:00,1924.6,1925.0,1922.2,1923.5,245977
2025-05-05 09:15:00,1939.0,1942.7,1934.3,1941.0,869240
2025-05-05 09:25:00,1941.0,1944.0,1939.0,1939.8,242426
2025-05-05 09:35:00,1939.8,1942.5,1938.2,1940.6,256321
2025-05-05 09:45:00,1940.7,1945.0,1939.5,1944.8,189628
2025-05-05 09:55:00,1945.0,1948.9,1944.2,1947.9,299841
2025-05-05 10:05:00,1947.9,1949.9,1945.5,1948.4,228036
2025-05-05 10:15:00,1948.8,1952.0,1947.5,1947.6,384142
2025-05-05 10:25:00,1947.6,1951.0,1947.5,1949.4,127310
2025-05-05 10:35:00,1950.0,1950.8,1948.3,1949.8,89040
2025-05-05 10:45:00,1949.4,1949.9,1943.1,1943.3,98162
2025-05-05 10:55:00,1943.3,1945.0,1939.0,1939.0,560379
2025-05-05 11:05:00,1939.4,1940.9,1937.9,1940.0,186194
2025-05-05 11:15:00,1940.5,1942.5,1938.6,1942.1,102569
2025-05-05 11:25:00,1942.2,1942.9,1940.1,1941.0,82893
2025-05-05 11:35:00,1941.2,1942.0,1939.2,1941.6,154608
2025-05-05 11:45:00,1941.7,1941.8,1937.9,1940.3,176186
2025-05-05 11:55:00,1940.3,1941.0,1938.8,1939.6,108928
2025-05-05 12:05:00,1939.7,1940.0,1937.5,1938.9,120633
2025-05-05 12:15:00,1938.9,1938.9,1936.2,1936.5,106132
2025-05-05 12:25:00,1936.2,1938.0,1935.0,1935.0,156422
2025-05-05 12:35:00,1935.8,1937.1,1932.3,1936.2,164984
2025-05-05 12:45:00,1936.8,1938.7,1935.1,1938.0,88500
2025-05-05 12:55:00,1937.9,1938.0,1935.4,1937.6,100979
2025-05-05 13:05:00,1937.6,1937.9,1935.0,1935.3,93391
2025-05-05 13:15:00,1935.6,1939.3,1934.9,1938.0,111730
2025-05-05 13:25:00,1938.0,1939.9,1936.9,1939.0,91438
2025-05-05 13:35:00,1939.0,1939.4,1937.2,1938.9,93484
2025-05-05 13:45:00,1938.7,1940.9,1938.6,1940.8,107011
2025-05-05 13:55:00,1940.8,1941.9,1939.1,1940.4,104826
2025-05-05 14:05:00,1940.0,1944.0,1939.5,1941.9,105830
2025-05-05 14:15:00,1941.9,1942.5,1939.1,1940.6,114046
2025-05-05 14:25:00,1940.9,1944.0,1940.0,1943.8,107787
2025-05-05 14:35:00,1943.7,1944.7,1941.6,1942.6,158622
2025-05-05 14:45:00,1942.6,1943.8,1939.2,1939.8,136500
2025-05-05 14:55:00,1939.7,1940.8,1934.9,1936.9,365203
2025-05-05 15:05:00,1936.6,1937.2,1934.7,1936.5,383422
2025-05-05 15:15:00,1936.5,1939.0,1935.5,1938.1,343147
2025-05-05 15:25:00,1938.4,1940.0,1935.5,1935.8,135275
2025-05-06 09:15:00,1930.0,1940.1,1929.0,1932.0,553878
2025-05-06 09:25:00,1932.0,1933.5,1927.7,1929.0,204898
2025-05-06 09:35:00,1929.0,1930.0,1926.3,1928.4,167812
2025-05-06 09:45:00,1928.3,1933.0,1926.6,1932.5,143841
2025-05-06 09:55:00,1932.5,1934.8,1929.5,1930.8,130485
2025-05-06 10:05:00,1930.8,1932.0,1928.6,1928.7,102412
2025-05-06 10:15:00,1928.6,1930.0,1927.0,1929.1,144124
2025-05-06 10:25:00,1929.1,1931.6,1928.2,1928.4,107849
2025-05-06 10:35:00,1928.4,1929.2,1925.5,1926.3,157580
2025-05-06 10:45:00,1926.5,1927.2,1924.3,1925.9,145095
2025-05-06 10:55:00,1925.9,1928.8,1925.9,1928.0,153869
2025-05-06 11:05:00,1928.0,1931.6,1926.7,1931.3,206306
2025-05-06 11:15:00,1930.6,1933.4,1929.0,1932.9,120246
2025-05-06 11:25:00,1932.8,1936.0,1932.3,1933.4,147731
2025-05-06 11:35:00,1933.2,1934.3,1930.9,1933.5,130237
2025-05-06 11:45:00,1933.9,1934.2,1930.8,1931.1,597158
2025-05-06 11:55:00,1931.8,1932.4,1929.2,1931.1,117853
2025-05-06 12:05:00,1931.4,1932.5,1929.0,1930.7,170404
2025-05-06 12:15:00,1930.6,1932.0,1929.4,1931.1,533565
2025-05-06 12:25:00,1931.1,1933.4,1930.7,1931.8,155731
2025-05-06 12:35:00,1931.8,1932.5,1930.7,1931.6,134665
2025-05-06 12:45:00,1931.6,1931.9,1929.8,1930.2,120310
2025-05-06 12:55:00,1930.5,1933.9,1929.7,1933.5,117554
2025-05-06 13:05:00,1933.5,1933.9,1931.1,1933.1,144084
2025-05-06 13:15:00,1933.2,1934.0,1931.4,1932.9,115016
2025-05-06 13:25:00,1932.9,1934.7,1932.0,1933.5,119303
2025-05-06 13:35:00,1934.3,1934.5,1932.7,1933.3,105409
2025-05-06 13:45:00,1933.8,1935.5,1933.0,1934.4,148644
2025-05-06 13:55:00,1934.2,1934.9,1933.0,1933.2,112730
2025-05-06 14:05:00,1933.5,1934.4,1932.3,1934.3,143395
2025-05-06 14:15:00,1934.3,1934.7,1932.6,1933.6,158848
2025-05-06 14:25:00,1933.9,1938.8,1933.0,1936.6,313141
2025-05-06 14:35:00,1936.5,1937.2,1934.0,1934.0,356100
2025-05-06 14:45:00,1934.1,1934.9,1932.3,1933.4,381951
2025-05-06 14:55:00,1932.9,1933.9,1930.1,1931.9,644102
2025-05-06 15:05:00,1931.3,1935.1,1931.0,1932.4,551488
2025-05-06 15:15:00,1932.7,1932.7,1929.4,1931.4,475727
2025-05-06 15:25:00,1931.4,1932.4,1928.6,1928.6,192550
2025-05-07 09:15:00,1934.0,1944.0,1922.4,1941.5,1252703
2025-05-07 09:25:00,1941.4,1943.8,1938.3,1940.8,300477
2025-05-07 09:35:00,1940.8,1941.6,1937.4,1940.6,199424
2025-05-07 09:45:00,1940.6,1941.3,1936.4,1937.4,198703
2025-05-07 09:55:00,1937.2,1940.0,1934.2,1935.0,203935
2025-05-07 10:05:00,1935.0,1935.0,1931.1,1934.6,146170
2025-05-07 10:15:00,1934.6,1935.5,1932.0,1933.4,126039
2025-05-07 10:25:00,1933.0,1935.0,1931.0,1933.1,116258
2025-05-07 10:35:00,1933.2,1933.3,1931.0,1932.5,78405
2025-05-07 10:45:00,1932.6,1934.0,1931.5,1932.6,79849
2025-05-07 10:55:00,1932.5,1934.5,1931.1,1933.4,167297
2025-05-07 11:05:00,1933.5,1933.5,1932.5,1932.7,49672
2025-05-07 11:15:00,1932.7,1934.4,1932.0,1933.9,79735
2025-05-07 11:25:00,1933.9,1935.7,1933.2,1934.6,113560
2025-05-07 11:35:00,1935.0,1936.0,1934.0,1934.1,77869
2025-05-07 11:45:00,1934.1,1934.2,1932.3,1932.7,90920
2025-05-07 11:55:00,1932.7,1933.4,1932.2,1933.0,50223
2025-05-07 12:05:00,1932.9,1933.3,1932.2,1932.9,60729
2025-05-07 12:15:00,1932.9,1934.8,1931.7,1932.8,114735
2025-05-07 12:25:00,1932.8,1933.7,1932.0,1932.6,49861
2025-05-07 12:35:00,1932.6,1934.2,1932.0,1932.8,81334
2025-05-07 12:45:00,1933.0,1933.1,1932.4,1932.6,66555
2025-05-07 12:55:00,1932.6,1933.0,1932.0,1932.8,68215
2025-05-07 13:05:00,1932.8,1933.1,1932.1,1932.5,53499
2025-05-07 13:15:00,1932.5,1933.2,1932.5,1932.9,77423
2025-05-07 13:25:00,1932.9,1933.5,1932.1,1932.7,116708
2025-05-07 13:35:00,1932.7,1936.0,1932.2,1935.9,82816
2025-05-07 13:45:00,1935.9,1938.2,1935.6,1937.0,167777
2025-05-07 13:55:00,1936.7,1939.8,1936.7,1938.7,168692
2025-05-07 14:05:00,1938.8,1941.0,1938.6,1939.3,259447
2025-05-07 14:15:00,1939.8,1940.4,1937.5,1938.0,199202
2025-05-07 14:25:00,1938.3,1940.0,1937.6,1939.7,262592
2025-05-07 14:35:00,1939.7,1940.0,1938.3,1939.1,275634
2025-05-07 14:45:00,1939.3,1939.5,1936.1,1936.6,327229
2025-05-07 14:55:00,1936.6,1944.1,1936.5,1944.1,943153
2025-05-07 15:05:00,1944.2,1948.7,1944.1,1947.1,1661274
2025-05-07 15:15:00,1947.1,1948.4,1943.6,1944.0,1361325
2025-05-07 15:25:00,1944.0,1945.6,1943.1,1945.0,322659
2025-05-08 09:15:00,1954.8,1954.8,1931.2,1932.1,962965
2025-05-08 09:25:00,1932.7,1933.9,1926.2,1926.6,265105
2025-05-08 09:35:00,1926.6,1929.9,1925.0,1928.4,175272
2025-05-08 09:45:00,1928.4,1929.5,1925.1,1925.5,156775
2025-05-08 09:55:00,1925.5,1927.9,1923.1,1924.2,136417
2025-05-08 10:05:00,1924.2,1929.8,1923.8,1929.0,122794
2025-05-08 10:15:00,1929.1,1932.1,1928.4,1931.0,116139
2025-05-08 10:25:00,1931.2,1932.8,1930.4,1931.8,87011
2025-05-08 10:35:00,1931.8,1937.1,1931.3,1936.1,122803
2025-05-08 10:45:00,1936.1,1937.4,1933.7,1935.0,89005
2025-05-08 10:55:00,1935.0,1935.8,1933.3,1934.3,74064
2025-05-08 11:05:00,1934.3,1936.5,1933.9,1935.9,91808
2025-05-08 11:15:00,1935.7,1936.4,1932.8,1932.8,89986
2025-05-08 11:25:00,1933.2,1934.8,1932.4,1934.6,110838
2025-05-08 11:35:00,1934.7,1936.5,1934.7,1935.9,78582
2025-05-08 11:45:00,1935.8,1935.9,1933.9,1934.5,124019
2025-05-08 11:55:00,1934.5,1936.0,1933.7,1934.5,190200
2025-05-08 12:05:00,1934.5,1935.6,1931.6,1935.6,254305
2025-05-08 12:15:00,1935.5,1936.0,1933.9,1934.4,195218
2025-05-08 12:25:00,1934.4,1936.1,1934.1,1935.8,200841
2025-05-08 12:35:00,1935.8,1937.7,1935.3,1936.3,245757
2025-05-08 12:45:00,1936.3,1943.7,1935.9,1943.1,492078
2025-05-08 12:55:00,1943.1,1943.1,1939.0,1940.6,237513
2025-05-08 13:05:00,1940.6,1942.2,1939.8,1941.0,231552
2025-05-08 13:15:00,1941.0,1942.2,1936.6,1936.7,211086
2025-05-08 13:25:00,1936.7,1941.4,1936.7,1940.3,160888
2025-05-08 13:35:00,1940.4,1940.4,1936.3,1937.5,157494
2025-05-08 13:45:00,1936.9,1938.7,1935.2,1936.9,307738
2025-05-08 13:55:00,1936.9,1937.2,1934.0,1936.0,818736
2025-05-08 14:05:00,1936.1,1938.1,1935.4,1936.0,303661
2025-05-08 14:15:00,1935.8,1938.7,1934.6,1934.8,506428
2025-05-08 14:25:00,1934.8,1936.0,1933.7,1933.8,865501
2025-05-08 14:35:00,1933.7,1935.3,1933.4,1934.1,391180
2025-05-08 14:45:00,1934.0,1934.6,1927.6,1928.1,1145032
2025-05-08 14:55:00,1927.9,1931.5,1925.5,1928.8,1986868
2025-05-08 15:05:00,1928.8,1934.8,1928.1,1933.4,2336029
2025-05-08 15:15:00,1933.2,1933.5,1922.8,1922.8,1868763
2025-05-08 15:25:00,1922.8,1924.0,1919.1,1921.5,509155
2025-05-09 09:15:00,1910.1,1919.0,1904.0,1909.9,660927
2025-05-09 09:25:00,1909.9,1911.5,1896.2,1897.9,396883
2025-05-09 09:35:00,1897.6,1903.8,1897.5,1899.8,274208
2025-05-09 09:45:00,1899.8,1905.5,1898.0,1902.6,187389
2025-05-09 09:55:00,1902.6,1903.4,1896.0,1896.9,209754
2025-05-09 10:05:00,1896.9,1901.3,1895.0,1901.3,157269
2025-05-09 10:15:00,1900.8,1905.9,1900.1,1904.4,168459
2025-05-09 10:25:00,1904.4,1905.8,1900.2,1900.7,107737
2025-05-09 10:35:00,1900.1,1903.2,1895.8,1895.9,209928
2025-05-09 10:45:00,1895.9,1896.8,1890.9,1891.1,169724
2025-05-09 10:55:00,1891.6,1893.7,1890.6,1893.0,152484
2025-05-09 11:05:00,1893.0,1896.4,1892.0,1895.3,129067
2025-05-09 11:15:00,1895.3,1895.7,1890.9,1891.5,109464
2025-05-09 11:25:00,1891.5,1902.6,1891.5,1899.1,199023
2025-05-09 11:35:00,1899.4,1899.4,1893.0,1893.0,176721
2025-05-09 11:45:00,1892.6,1893.0,1890.2,1891.7,174371
2025-05-09 11:55:00,1891.5,1892.8,1890.7,1891.7,122728
2025-05-09 12:05:00,1891.7,1891.8,1890.0,1891.1,101523
2025-05-09 12:15:00,1891.1,1891.9,1888.0,1891.0,140425
2025-05-09 12:25:00,1890.8,1891.1,1888.7,1889.2,151951
2025-05-09 12:35:00,1889.1,1890.7,1888.4,1890.3,130174
2025-05-09 12:45:00,1890.3,1891.4,1889.1,1891.1,94038
2025-05-09 12:55:00,1891.1,1891.9,1889.2,1889.4,80389
2025-05-09 13:05:00,1889.6,1890.8,1888.5,1889.9,113191
2025-05-09 13:15:00,1890.0,1891.6,1888.5,1888.6,122946
2025-05-09 13:25:00,1888.6,1891.8,1888.0,1891.0,145744
2025-05-09 13:35:00,1891.0,1892.5,1890.2,1891.7,132613
2025-05-09 13:45:00,1891.5,1896.0,1891.3,1896.0,130354
2025-05-09 13:55:00,1896.0,1896.4,1893.4,1894.1,141359
2025-05-09 14:05:00,1894.1,1894.1,1890.8,1892.1,127935
2025-05-09 14:15:00,1892.1,1895.0,1890.0,1890.2,162805
2025-05-09 14:25:00,1890.3,1891.5,1887.4,1889.4,231767
2025-05-09 14:35:00,1889.5,1891.1,1888.2,1891.1,626829
2025-05-09 14:45:00,1891.0,1892.0,1890.0,1890.0,202312
2025-05-09 14:55:00,1890.0,1891.0,1889.1,1889.3,422333
2025-05-09 15:05:00,1889.2,1890.9,1887.4,1887.5,542330
2025-05-09 15:15:00,1887.4,1890.0,1886.8,1889.9,680250
2025-05-09 15:25:00,1889.9,1895.0,1889.3,1894.9,343652
2025-05-12 09:15:00,1917.6,1939.2,1912.3,1938.0,1249772
2025-05-12 09:25:00,1937.3,1944.0,1937.3,1942.3,537003
2025-05-12 09:35:00,1942.3,1946.9,1940.2,1944.7,454419
2025-05-12 09:45:00,1944.7,1948.0,1943.3,1947.5,392430
2025-05-12 09:55:00,1947.6,1954.4,1946.7,1949.8,585463
2025-05-12 10:05:00,1949.8,1952.9,1948.1,1951.8,300815
2025-05-12 10:15:00,1951.8,1954.9,1950.5,1951.8,241212
2025-05-12 10:25:00,1951.9,1953.9,1951.1,1952.6,165486
2025-05-12 10:35:00,1952.6,1955.4,1951.3,1955.0,283895
2025-05-12 10:45:00,1955.0,1956.2,1952.9,1955.8,286775
2025-05-12 10:55:00,1956.0,1957.0,1954.0,1955.3,156695
2025-05-12 11:05:00,1954.9,1956.9,1954.0,1955.0,119651
2025-05-12 11:15:00,1955.0,1958.5,1954.7,1957.8,259340
2025-05-12 11:25:00,1957.9,1959.9,1957.8,1959.5,234258
2025-05-12 11:35:00,1959.4,1959.7,1956.4,1956.9,90823
2025-05-12 11:45:00,1956.8,1956.9,1955.2,1955.3,80653
2025-05-12 11:55:00,1955.5,1957.1,1952.4,1952.6,125762
2025-05-12 12:05:00,1952.6,1953.2,1950.0,1950.4,95316
2025-05-12 12:15:00,1950.5,1952.3,1950.0,1951.0,76251
2025-05-12 12:25:00,1951.0,1958.7,1950.1,1958.0,297649
2025-05-12 12:35:00,1957.4,1959.0,1955.5,1956.4,120277
2025-05-12 12:45:00,1956.3,1957.4,1955.4,1955.9,72969
2025-05-12 12:55:00,1956.0,1957.2,1953.1,1953.5,121162
2025-05-12 13:05:00,1953.5,1954.6,1950.7,1951.1,59829
2025-05-12 13:15:00,1951.0,1955.0,1950.7,1955.0,102945
2025-05-12 13:25:00,1955.0,1955.0,1953.3,1954.6,101493
2025-05-12 13:35:00,1954.7,1955.0,1952.8,1953.9,64797
2025-05-12 13:45:00,1953.9,1955.0,1951.1,1951.6,84903
2025-05-12 13:55:00,1951.6,1953.3,1950.4,1951.9,97849
2025-05-12 14:05:00,1951.9,1955.0,1951.6,1954.9,109303
2025-05-12 14:15:00,1955.0,1957.9,1954.3,1955.6,286550
2025-05-12 14:25:00,1956.0,1957.2,1954.0,1955.1,74659
2025-05-12 14:35:00,1954.8,1955.6,1951.4,1953.1,280147
2025-05-12 14:45:00,1952.9,1955.9,1951.3,1955.3,141132
2025-05-12 14:55:00,1955.3,1957.5,1954.2,1955.1,208182
2025-05-12 15:05:00,1955.4,1956.0,1954.2,1954.6,296859
2025-05-12 15:15:00,1954.6,1959.9,1954.3,1957.9,603364
2025-05-12 15:25:00,1957.9,1958.8,1955.7,1956.2,204412
2025-05-13 09:15:00,1950.0,1961.7,1945.0,1945.0,975653
2025-05-13 09:25:00,1945.1,1948.1,1935.0,1939.8,494893
2025-05-13 09:35:00,1940.0,1946.6,1935.8,1935.8,316485
2025-05-13 09:45:00,1935.8,1936.7,1930.0,1932.8,322653
2025-05-13 09:55:00,1932.5,1936.1,1930.0,1930.3,178872
2025-05-13 10:05:00,1930.3,1938.5,1930.3,1935.4,142951
2025-05-13 10:15:00,1935.5,1937.2,1933.5,1935.2,152235
2025-05-13 10:25:00,1935.1,1936.9,1927.5,1928.9,355936
2025-05-13 10:35:00,1929.5,1932.7,1928.1,1932.4,126404
2025-05-13 10:45:00,1932.2,1938.0,1931.0,1936.1,161321
2025-05-13 10:55:00,1936.1,1945.0,1933.0,1941.6,197365
2025-05-13 11:05:00,1941.6,1941.8,1933.4,1934.8,122775
2025-05-13 11:15:00,1935.0,1940.7,1934.9,1937.1,146134
2025-05-13 11:25:00,1937.1,1944.3,1937.1,1940.2,193283
2025-05-13 11:35:00,1940.4,1940.4,1935.2,1936.0,97884
2025-05-13 11:45:00,1936.0,1938.5,1933.9,1936.8,116617
2025-05-13 11:55:00,1936.8,1937.1,1931.3,1933.2,176127
2025-05-13 12:05:00,1933.2,1936.8,1932.9,1935.4,152625
2025-05-13 12:15:00,1935.4,1937.0,1930.6,1930.7,345481
2025-05-13 12:25:00,1930.7,1932.2,1926.8,1927.6,381340
2025-05-13 12:35:00,1928.5,1929.2,1924.7,1925.4,438620
2025-05-13 12:45:00,1925.3,1928.5,1925.1,1925.8,235177
2025-05-13 12:55:00,1925.8,1927.0,1923.5,1924.6,307676
2025-05-13 13:05:00,1924.5,1926.2,1923.2,1925.7,247127
2025-05-13 13:15:00,1925.7,1926.1,1922.0,1923.8,229031
2025-05-13 13:25:00,1923.8,1924.3,1922.1,1922.6,180070
2025-05-13 13:35:00,1922.6,1925.7,1922.1,1925.2,193547
2025-05-13 13:45:00,1925.5,1925.5,1923.2,1923.8,146023
2025-05-13 13:55:00,1923.8,1926.0,1923.2,1924.0,175541
2025-05-13 14:05:00,1924.0,1925.8,1923.6,1924.1,247602
2025-05-13 14:15:00,1924.7,1925.0,1923.0,1923.7,144308
2025-05-13 14:25:00,1923.8,1925.5,1922.1,1922.1,412271
2025-05-13 14:35:00,1922.1,1923.7,1921.8,1922.9,320294
2025-05-13 14:45:00,1922.8,1926.4,1922.7,1925.0,493403
2025-05-13 14:55:00,1925.0,1926.4,1922.1,1922.2,916168
2025-05-13 15:05:00,1922.1,1922.9,1920.0,1921.4,812230
2025-05-13 15:15:00,1921.4,1924.6,1920.9,1921.8,1003719
2025-05-13 15:25:00,1922.2,1925.0,1920.7,1924.9,213555
2025-05-14 09:15:00,1922.1,1930.2,1921.0,1924.4,701026
2025-05-14 09:25:00,1924.4,1925.0,1918.1,1918.5,223907
2025-05-14 09:35:00,1918.5,1923.5,1917.0,1922.2,212339
2025-05-14 09:45:00,1922.1,1922.5,1913.9,1916.9,337254
2025-05-14 09:55:00,1916.9,1921.0,1915.5,1918.6,211937
2025-05-14 10:05:00,1918.6,1924.8,1918.1,1924.8,189279
2025-05-14 10:15:00,1924.5,1924.5,1920.9,1923.8,282403
2025-05-14 10:25:00,1923.8,1923.8,1920.0,1920.3,72593
2025-05-14 10:35:00,1920.5,1921.7,1919.0,1920.5,127798
2025-05-14 10:45:00,1920.5,1921.1,1919.0,1919.6,67483
2025-05-14 10:55:00,1919.6,1919.8,1918.8,1919.7,170105
2025-05-14 11:05:00,1919.6,1923.9,1919.6,1923.7,83954
2025-05-14 11:15:00,1923.7,1924.0,1921.8,1923.8,70167
2025-05-14 11:25:00,1923.8,1924.4,1922.4,1923.0,59286
2025-05-14 11:35:00,1922.9,1923.9,1920.9,1921.7,78752
2025-05-14 11:45:00,1921.5,1921.6,1918.0,1918.4,87542
2025-05-14 11:55:00,1918.0,1919.0,1916.0,1916.8,119933
2025-05-14 12:05:00,1916.6,1917.9,1915.5,1917.7,85465
2025-05-14 12:15:00,1917.8,1918.2,1915.0,1916.1,138811
2025-05-14 12:25:00,1916.1,1916.5,1913.6,1913.9,173012
2025-05-14 12:35:00,1914.0,1914.0,1909.1,1911.2,173168
2025-05-14 12:45:00,1911.3,1912.5,1903.0,1907.7,240712
2025-05-14 12:55:00,1907.7,1910.9,1906.0,1909.5,250754
2025-05-14 13:05:00,1909.5,1910.0,1907.1,1908.5,94476
2025-05-14 13:15:00,1908.5,1909.3,1905.5,1908.3,160237
2025-05-14 13:25:00,1908.3,1910.0,1907.5,1909.2,82584
2025-05-14 13:35:00,1909.2,1909.4,1906.5,1906.7,95670
2025-05-14 13:45:00,1906.7,1907.7,1905.2,1906.7,102290
2025-05-14 13:55:00,1906.7,1906.9,1904.2,1905.5,130790
2025-05-14 14:05:00,1905.5,1908.9,1905.3,1908.8,126323
2025-05-14 14:15:00,1908.8,1909.5,1905.4,1909.3,183211
2025-05-14 14:25:00,1909.3,1909.3,1904.2,1904.5,212740
2025-05-14 14:35:00,1905.0,1911.5,1904.6,1909.0,363374
2025-05-14 14:45:00,1909.0,1909.5,1907.3,1908.2,203666
2025-05-14 14:55:00,1908.2,1911.9,1907.1,1909.9,403555
2025-05-14 15:05:00,1909.9,1911.5,1909.8,1910.9,454785
2025-05-14 15:15:00,1910.9,1911.4,1908.3,1911.3,520600
2025-05-14 15:25:00,1911.2,1915.0,1911.1,1913.5,197057
2025-05-15 09:15:00,1913.5,1917.1,1902.4,1903.0,1071425
2025-05-15 09:25:00,1903.0,1904.0,1901.8,1902.6,255805
2025-05-15 09:35:00,1902.6,1903.3,1899.3,1901.3,683510
2025-05-15 09:45:00,1901.2,1902.4,1898.3,1900.6,558904
2025-05-15 09:55:00,1900.4,1901.8,1899.0,1899.3,264694
2025-05-15 10:05:00,1899.2,1902.5,1897.0,1901.9,260757
2025-05-15 10:15:00,1901.9,1902.4,1897.7,1900.6,191263
2025-05-15 10:25:00,1900.6,1904.3,1898.8,1902.8,175496
2025-05-15 10:35:00,1902.8,1921.9,1901.6,1913.9,584822
2025-05-15 10:45:00,1913.5,1916.0,1909.6,1911.4,161214
2025-05-15 10:55:00,1911.4,1917.5,1909.5,1909.5,188570
2025-05-15 11:05:00,1909.5,1910.7,1904.0,1905.6,330096
2025-05-15 11:15:00,1905.5,1909.9,1904.4,1905.7,181845
2025-05-15 11:25:00,1905.7,1909.7,1905.3,1906.7,105592
2025-05-15 11:35:00,1907.3,1908.3,1904.7,1908.1,237824
2025-05-15 11:45:00,1907.7,1908.7,1904.1,1905.8,128275
2025-05-15 11:55:00,1905.9,1907.7,1903.7,1905.9,115864
2025-05-15 12:05:00,1905.9,1912.1,1905.5,1908.0,217610
2025-05-15 12:15:00,1908.1,1916.2,1907.5,1910.7,187351
2025-05-15 12:25:00,1910.8,1910.8,1907.9,1910.0,112304
2025-05-15 12:35:00,1909.9,1914.0,1906.9,1907.7,146511
2025-05-15 12:45:00,1907.7,1911.3,1906.8,1910.9,90921
2025-05-15 12:55:00,1911.2,1917.5,1910.2,1915.9,173895
2025-05-15 13:05:00,1916.0,1928.0,1915.8,1927.8,1091699
2025-05-15 13:15:00,1927.9,1931.9,1924.1,1927.0,579545
2025-05-15 13:25:00,1927.5,1935.0,1925.5,1934.0,711666
2025-05-15 13:35:00,1933.9,1938.2,1931.9,1934.7,749365
2025-05-15 13:45:00,1934.8,1942.4,1934.8,1939.6,869007
2025-05-15 13:55:00,1939.7,1943.6,1937.4,1942.5,631679
2025-05-15 14:05:00,1942.5,1944.8,1939.6,1942.7,471894
2025-05-15 14:15:00,1942.8,1943.5,1936.9,1939.2,454926
2025-05-15 14:25:00,1939.9,1940.3,1933.4,1933.7,520633
2025-05-15 14:35:00,1933.9,1936.0,1931.9,1935.6,621914
2025-05-15 14:45:00,1936.1,1938.2,1933.6,1935.1,305349
2025-05-15 14:55:00,1934.6,1934.8,1929.6,1933.8,901164
2025-05-15 15:05:00,1933.8,1938.9,1933.2,1933.2,773669
2025-05-15 15:15:00,1933.3,1934.7,1931.3,1933.3,659896
2025-05-15 15:25:00,1933.5,1936.3,1931.8,1933.8,227581
2025-05-16 09:15:00,1933.8,1943.8,1929.3,1932.0,816437
2025-05-16 09:25:00,1931.7,1936.9,1930.5,1933.2,195463
2025-05-16 09:35:00,1932.8,1937.0,1932.0,1934.1,122217
2025-05-16 09:45:00,1934.2,1935.0,1932.0,1932.8,101389
2025-05-16 09:55:00,1932.6,1937.0,1932.2,1934.4,272801
2025-05-16 10:05:00,1934.4,1935.0,1932.3,1934.6,100045
2025-05-16 10:15:00,1934.8,1937.0,1933.8,1934.3,74013
2025-05-16 10:25:00,1934.4,1937.4,1933.5,1936.1,59429
2025-05-16 10:35:00,1936.1,1936.4,1933.1,1933.9,93046
2025-05-16 10:45:00,1933.8,1934.6,1932.5,1932.5,81721
2025-05-16 10:55:00,1932.5,1934.7,1932.5,1933.7,602131
2025-05-16 11:05:00,1933.8,1934.4,1932.0,1933.0,113787
2025-05-16 11:15:00,1933.1,1934.2,1932.0,1934.2,73462
2025-05-16 11:25:00,1933.8,1935.0,1932.9,1934.4,72918
2025-05-16 11:35:00,1934.4,1935.5,1933.5,1934.9,81427
2025-05-16 11:45:00,1934.9,1936.0,1933.8,1934.6,88665
2025-05-16 11:55:00,1934.6,1936.5,1933.9,1935.5,121457
2025-05-16 12:05:00,1935.5,1935.6,1933.3,1933.3,79414
2025-05-16 12:15:00,1933.4,1936.0,1933.1,1934.4,122818
2025-05-16 12:25:00,1934.4,1935.5,1932.6,1933.9,128019
2025-05-16 12:35:00,1934.2,1934.6,1932.2,1933.7,166769
2025-05-16 12:45:00,1933.7,1936.0,1932.1,1932.6,167090
2025-05-16 12:55:00,1932.6,1933.0,1931.0,1932.1,153808
2025-05-16 13:05:00,1932.0,1933.4,1930.3,1931.6,211434
2025-05-16 13:15:00,1931.6,1933.0,1930.5,1931.8,235351
2025-05-16 13:25:00,1931.8,1934.0,1929.9,1931.4,1244860
2025-05-16 13:35:00,1931.4,1933.3,1930.5,1930.5,125026
2025-05-16 13:45:00,1930.6,1932.0,1928.4,1931.5,145425
2025-05-16 13:55:00,1931.5,1934.8,1931.5,1934.2,106009
2025-05-16 14:05:00,1934.6,1936.0,1934.0,1935.0,115064
2025-05-16 14:15:00,1935.0,1935.1,1933.0,1934.0,124668
2025-05-16 14:25:00,1934.0,1935.0,1933.1,1934.1,113660
2025-05-16 14:35:00,1934.3,1935.4,1933.8,1934.6,118905
2025-05-16 14:45:00,1934.6,1935.5,1933.8,1934.8,148972
2025-05-16 14:55:00,1934.8,1937.0,1933.7,1936.1,259281
2025-05-16 15:05:00,1936.1,1936.4,1934.0,1934.9,409013
2025-05-16 15:15:00,1935.1,1935.1,1932.3,1934.0,422802
2025-05-16 15:25:00,1933.7,1935.5,1933.0,1934.5,150707
2025-05-19 09:15:00,1937.0,1943.7,1935.1,1940.8,251568
2025-05-19 09:25:00,1940.4,1941.1,1935.0,1936.5,104514
2025-05-19 09:35:00,1936.6,1938.0,1934.7,1934.9,77908
2025-05-19 09:45:00,1935.0,1936.9,1933.1,1934.7,49114
2025-05-19 09:55:00,1934.7,1935.0,1931.3,1933.5,53155
2025-05-19 10:05:00,1933.9,1937.0,1933.4,1936.8,42919
2025-05-19 10:15:00,1936.8,1939.5,1936.7,1939.5,64677
2025-05-19 10:25:00,1939.3,1941.0,1938.3,1939.8,83526
2025-05-19 10:35:00,1939.2,1941.0,1938.0,1939.5,45635
2025-05-19 10:45:00,1939.5,1944.0,1939.3,1943.8,96304
2025-05-19 10:55:00,1943.5,1945.0,1940.4,1942.2,111904
2025-05-19 11:05:00,1942.2,1942.8,1940.7,1941.4,73433
2025-05-19 11:15:00,1941.7,1942.9,1940.1,1940.4,48962
2025-05-19 11:25:00,1940.4,1940.8,1937.3,1937.4,112044
2025-05-19 11:35:00,1937.4,1938.6,1936.2,1936.3,112504
2025-05-19 11:45:00,1936.2,1940.0,1935.5,1938.9,110860
2025-05-19 11:55:00,1938.8,1939.8,1937.8,1939.0,110100
2025-05-19 12:05:00,1939.0,1940.0,1937.6,1940.0,121089
2025-05-19 12:15:00,1940.0,1942.9,1938.2,1942.1,179999
2025-05-19 12:25:00,1942.1,1942.6,1939.0,1939.0,71972
2025-05-19 12:35:00,1939.3,1940.2,1938.0,1938.0,117657
2025-05-19 12:45:00,1938.0,1940.7,1937.6,1940.5,141823
2025-05-19 12:55:00,1940.2,1940.5,1938.0,1939.9,82151
2025-05-19 13:05:00,1940.1,1940.3,1936.0,1937.1,113289
2025-05-19 13:15:00,1937.1,1939.9,1936.5,1939.8,135076
2025-05-19 13:25:00,1939.8,1939.9,1936.5,1937.8,179060
2025-05-19 13:35:00,1938.0,1938.8,1936.3,1936.6,66367
2025-05-19 13:45:00,1936.6,1937.0,1934.4,1936.8,125102
2025-05-19 13:55:00,1936.5,1936.6,1932.9,1934.1,80560
2025-05-19 14:05:00,1933.3,1934.2,1931.0,1933.3,92233
2025-05-19 14:15:00,1933.2,1935.0,1933.2,1933.7,89438
2025-05-19 14:25:00,1933.7,1936.9,1933.4,1935.9,104306
2025-05-19 14:35:00,1935.7,1936.8,1934.6,1934.8,115040
2025-05-19 14:45:00,1935.0,1935.0,1932.4,1934.0,93985
2025-05-19 14:55:00,1934.8,1939.5,1933.6,1937.9,378745
2025-05-19 15:05:00,1937.9,1940.8,1937.2,1937.9,491582
2025-05-19 15:15:00,1938.0,1939.9,1937.9,1939.2,449246
2025-05-19 15:25:00,1939.2,1940.5,1937.0,1938.0,205624
2025-05-20 09:15:00,1928.1,1934.6,1927.0,1927.6,1358560
2025-05-20 09:25:00,1927.6,1927.7,1921.0,1923.2,172342
2025-05-20 09:35:00,1923.2,1924.0,1918.1,1918.4,146347
2025-05-20 09:45:00,1918.4,1919.6,1916.0,1917.5,286255
2025-05-20 09:55:00,1917.5,1918.7,1915.5,1916.2,134839
2025-05-20 10:05:00,1915.9,1917.9,1915.8,1917.0,100873
2025-05-20 10:15:00,1917.3,1918.6,1916.5,1917.8,94768
2025-05-20 10:25:00,1917.8,1920.4,1917.0,1918.9,143420
2025-05-20 10:35:00,1918.9,1922.5,1918.9,1921.0,91140
2025-05-20 10:45:00,1920.8,1924.0,1920.8,1921.7,96381
2025-05-20 10:55:00,1921.9,1921.9,1919.0,1919.8,80342
2025-05-20 11:05:00,1920.0,1921.0,1919.0,1920.1,71470
2025-05-20 11:15:00,1920.5,1920.5,1917.4,1918.1,62138
2025-05-20 11:25:00,1918.3,1919.1,1916.5,1917.2,111140
2025-05-20 11:35:00,1917.3,1917.9,1916.0,1916.8,80348
2025-05-20 11:45:00,1916.8,1919.3,1916.3,1919.2,84530
2025-05-20 11:55:00,1919.2,1919.2,1917.3,1918.8,64680
2025-05-20 12:05:00,1918.8,1919.4,1917.0,1917.3,87542
2025-05-20 12:15:00,1917.3,1919.9,1917.3,1919.2,96415
2025-05-20 12:25:00,1919.1,1920.0,1918.0,1920.0,163100
2025-05-20 12:35:00,1919.9,1920.0,1917.1,1918.0,146217
2025-05-20 12:45:00,1917.7,1919.2,1915.2,1916.3,240397
2025-05-20 12:55:00,1916.3,1917.2,1913.6,1913.9,277784
2025-05-20 13:05:00,1914.3,1916.4,1913.9,1914.3,226708
2025-05-20 13:15:00,1914.3,1915.5,1913.0,1914.4,170525
2025-05-20 13:25:00,1914.4,1916.0,1914.2,1915.7,195093
2025-05-20 13:35:00,1915.7,1918.4,1914.7,1917.0,308042
2025-05-20 13:45:00,1916.9,1918.8,1916.2,1917.7,209496
2025-05-20 13:55:00,1917.5,1918.8,1916.4,1917.5,193554
2025-05-20 14:05:00,1917.4,1918.4,1915.6,1918.3,195612
2025-05-20 14:15:00,1918.4,1918.9,1916.7,1917.7,308130
2025-05-20 14:25:00,1917.7,1917.7,1915.1,1916.0,290611
2025-05-20 14:35:00,1916.0,1916.6,1914.5,1915.6,377245
2025-05-20 14:45:00,1914.9,1915.7,1913.8,1914.6,281657
2025-05-20 14:55:00,1914.6,1915.5,1913.5,1914.5,1121642
2025-05-20 15:05:00,1914.5,1915.2,1913.3,1914.8,1589312
2025-05-20 15:15:00,1914.8,1917.1,1914.1,1916.8,1283542
2025-05-20 15:25:00,1916.7,1918.0,1915.7,1917.7,296422
2025-05-21 09:15:00,1927.0,1930.0,1923.9,1927.6,642135
2025-05-21 09:25:00,1927.1,1931.5,1924.8,1929.8,194328
2025-05-21 09:35:00,1929.8,1936.0,1929.6,1936.0,127212
2025-05-21 09:45:00,1936.0,1942.0,1935.4,1940.6,349084
2025-05-21 09:55:00,1940.8,1941.0,1939.2,1940.1,137758
2025-05-21 10:05:00,1940.0,1942.0,1939.5,1941.6,110262
2025-05-21 10:15:00,1942.0,1946.9,1941.7,1944.7,336930
2025-05-21 10:25:00,1944.7,1945.4,1941.3,1942.0,105704
2025-05-21 10:35:00,1941.8,1945.0,1940.6,1940.9,107635
2025-05-21 10:45:00,1940.6,1941.0,1939.5,1939.9,121736
2025-05-21 10:55:00,1939.9,1941.2,1936.1,1936.1,235864
2025-05-21 11:05:00,1936.4,1940.0,1936.1,1938.0,100355
2025-05-21 11:15:00,1938.1,1938.7,1934.5,1935.1,76261
2025-05-21 11:25:00,1935.1,1937.7,1933.0,1934.3,157209
2025-05-21 11:35:00,1934.6,1934.6,1933.0,1933.1,60772
2025-05-21 11:45:00,1933.1,1933.7,1930.5,1931.2,52998
2025-05-21 11:55:00,1931.2,1933.0,1928.6,1928.6,257609
2025-05-21 12:05:00,1928.6,1930.3,1924.0,1925.0,81093
2025-05-21 12:15:00,1925.0,1927.5,1921.1,1926.2,139422
2025-05-21 12:25:00,1926.2,1927.8,1923.1,1926.1,212760
2025-05-21 12:35:00,1926.2,1929.8,1926.1,1927.1,92189
2025-05-21 12:45:00,1926.7,1928.3,1922.9,1923.1,122422
2025-05-21 12:55:00,1923.0,1928.8,1923.0,1928.5,145876
2025-05-21 13:05:00,1928.5,1929.0,1925.7,1927.9,172585
2025-05-21 13:15:00,1928.0,1931.0,1926.2,1926.9,125051
2025-05-21 13:25:00,1926.9,1927.0,1924.0,1925.0,77648
2025-05-21 13:35:00,1925.0,1926.0,1922.7,1923.3,115518
2025-05-21 13:45:00,1923.7,1926.0,1922.6,1924.9,57799
2025-05-21 13:55:00,1925.0,1926.2,1922.0,1922.6,76697
2025-05-21 14:05:00,1922.6,1926.4,1922.5,1926.4,71318
2025-05-21 14:15:00,1926.4,1928.4,1925.0,1927.5,91456
2025-05-21 14:25:00,1927.5,1929.3,1926.7,1928.1,86418
2025-05-21 14:35:00,1928.1,1929.8,1925.6,1925.9,254660
2025-05-21 14:45:00,1925.9,1928.8,1925.5,1928.5,197841
2025-05-21 14:55:00,1928.8,1930.0,1926.1,1926.8,500995
2025-05-21 15:05:00,1927.0,1928.6,1924.8,1924.8,563116
2025-05-21 15:15:00,1925.0,1927.7,1923.8,1924.2,584786
2025-05-21 15:25:00,1924.3,1926.5,1923.6,1925.2,199471
2025-05-22 09:15:00,1915.2,1922.5,1906.0,1906.7,887417
2025-05-22 09:25:00,1906.6,1912.5,1905.2,1908.7,533571
2025-05-22 09:35:00,1908.5,1912.1,1907.0,1910.3,290862
2025-05-22 09:45:00,1910.1,1912.6,1907.6,1911.2,179774
2025-05-22 09:55:00,1911.1,1913.9,1909.1,1911.7,124285
2025-05-22 10:05:00,1911.1,1913.0,1909.4,1913.0,130902
2025-05-22 10:15:00,1912.9,1913.9,1911.4,1912.2,94029
2025-05-22 10:25:00,1912.2,1913.6,1909.3,1913.4,329923
2025-05-22 10:35:00,1913.4,1918.1,1912.7,1915.5,205951
2025-05-22 10:45:00,1915.7,1919.0,1915.5,1917.5,104757
2025-05-22 10:55:00,1917.5,1919.9,1916.2,1919.4,121300
2025-05-22 11:05:00,1919.4,1920.5,1916.7,1917.7,100255
2025-05-22 11:15:00,1917.6,1919.6,1915.5,1915.7,103152
2025-05-22 11:25:00,1915.6,1916.3,1914.5,1915.4,101864
2025-05-22 11:35:00,1915.3,1915.4,1909.0,1911.0,246803
2025-05-22 11:45:00,1910.7,1913.4,1909.9,1912.9,155765
2025-05-22 11:55:00,1912.9,1915.9,1911.1,1914.0,139813
2025-05-22 12:05:00,1913.9,1915.2,1913.1,1914.3,108917
2025-05-22 12:15:00,1914.1,1914.5,1911.0,1912.8,183149
2025-05-22 12:25:00,1912.8,1914.0,1911.7,1912.6,162628
2025-05-22 12:35:00,1912.6,1915.0,1912.1,1913.5,187274
2025-05-22 12:45:00,1913.5,1914.3,1911.4,1911.7,194236
2025-05-22 12:55:00,1911.7,1912.8,1910.1,1911.7,194872
2025-05-22 13:05:00,1911.7,1912.9,1910.0,1912.4,192353
2025-05-22 13:15:00,1912.5,1913.8,1912.3,1913.3,103745
2025-05-22 13:25:00,1913.3,1914.8,1910.8,1912.2,180877
2025-05-22 13:35:00,1912.2,1914.8,1912.0,1914.0,67621
2025-05-22 13:45:00,1914.0,1914.7,1909.7,1910.0,294672
2025-05-22 13:55:00,1910.0,1912.5,1910.0,1912.4,71802
2025-05-22 14:05:00,1912.3,1912.7,1910.3,1911.6,62627
2025-05-22 14:15:00,1911.5,1912.8,1909.7,1910.2,365238
2025-05-22 14:25:00,1910.4,1913.7,1909.7,1913.0,238981
2025-05-22 14:35:00,1913.1,1919.7,1911.1,1914.3,519512
2025-05-22 14:45:00,1914.4,1918.2,1911.7,1915.6,514794
2025-05-22 14:55:00,1915.5,1924.2,1915.5,1921.1,942394
2025-05-22 15:05:00,1921.1,1922.0,1918.2,1918.3,856893
2025-05-22 15:15:00,1918.3,1921.1,1917.2,1919.3,950347
2025-05-22 15:25:00,1919.8,1924.0,1919.5,1924.0,159599
2025-05-23 09:15:00,1920.1,1923.8,1914.5,1920.9,201380
2025-05-23 09:25:00,1920.8,1922.8,1918.2,1922.4,116930
2025-05-23 09:35:00,1922.4,1930.0,1922.3,1929.9,151061
2025-05-23 09:45:00,1930.0,1932.3,1927.5,1929.3,136094
2025-05-23 09:55:00,1929.3,1931.4,1927.5,1930.7,97831
2025-05-23 10:05:00,1930.2,1933.0,1929.1,1930.9,74314
2025-05-23 10:15:00,1931.1,1931.5,1924.5,1924.6,73163
2025-05-23 10:25:00,1924.5,1927.4,1924.0,1924.8,61440
2025-05-23 10:35:00,1924.5,1925.6,1923.2,1925.0,177628
2025-05-23 10:45:00,1924.8,1934.0,1924.4,1930.0,180480
2025-05-23 10:55:00,1930.0,1933.8,1929.5,1931.2,119553
2025-05-23 11:05:00,1931.2,1933.4,1928.8,1932.7,120906
2025-05-23 11:15:00,1932.3,1932.7,1929.2,1932.1,53793
2025-05-23 11:25:00,1932.1,1937.0,1931.4,1933.9,119914
2025-05-23 11:35:00,1934.7,1934.8,1932.2,1933.1,94328
2025-05-23 11:45:00,1933.5,1933.5,1925.7,1927.9,180788
2025-05-23 11:55:00,1927.9,1929.3,1926.8,1927.6,79575
2025-05-23 12:05:00,1927.8,1928.7,1924.9,1927.7,163755
2025-05-23 12:15:00,1928.3,1933.0,1926.9,1932.4,220451
2025-05-23 12:25:00,1932.4,1933.8,1929.5,1932.8,111623
2025-05-23 12:35:00,1932.8,1934.6,1930.3,1930.6,68159
2025-05-23 12:45:00,1930.6,1932.9,1930.5,1931.4,48116
2025-05-23 12:55:00,1931.5,1933.1,1930.0,1933.0,65571
2025-05-23 13:05:00,1933.0,1935.8,1931.8,1932.9,103547
2025-05-23 13:15:00,1932.5,1934.7,1932.5,1934.0,59186
2025-05-23 13:25:00,1933.8,1934.5,1933.0,1933.8,71584
2025-05-23 13:35:00,1933.2,1934.5,1930.0,1930.5,95691
2025-05-23 13:45:00,1930.5,1933.1,1930.0,1931.8,86059
2025-05-23 13:55:00,1931.5,1933.0,1930.6,1932.4,49905
2025-05-23 14:05:00,1932.4,1933.0,1931.1,1932.0,76456
2025-05-23 14:15:00,1932.0,1933.5,1930.3,1933.0,62818
2025-05-23 14:25:00,1933.3,1933.8,1931.6,1932.1,70598
2025-05-23 14:35:00,1931.9,1933.5,1929.6,1929.9,163290
2025-05-23 14:45:00,1929.9,1932.3,1928.6,1929.7,113947
2025-05-23 14:55:00,1929.1,1933.9,1928.8,1933.9,234473
2025-05-23 15:05:00,1933.8,1934.4,1931.8,1933.6,337073
2025-05-23 15:15:00,1933.6,1935.0,1933.1,1934.8,314791
2025-05-23 15:25:00,1934.8,1935.0,1932.0,1932.2,107570
2025-05-26 09:15:00,1935.0,1948.5,1934.2,1943.2,509823
2025-05-26 09:25:00,1943.0,1947.9,1942.0,1946.1,176732
2025-05-26 09:35:00,1946.0,1947.5,1943.8,1947.0,124689
2025-05-26 09:45:00,1946.3,1949.9,1946.1,1947.6,239660
2025-05-26 09:55:00,1948.0,1948.7,1944.6,1945.0,196695
2025-05-26 10:05:00,1945.0,1945.8,1943.0,1944.3,176627
2025-05-26 10:15:00,1944.2,1944.9,1940.8,1943.4,122896
2025-05-26 10:25:00,1943.2,1943.4,1932.3,1935.7,172877
2025-05-26 10:35:00,1935.6,1936.0,1926.9,1934.2,154360
2025-05-26 10:45:00,1934.9,1936.9,1932.0,1934.9,104397
2025-05-26 10:55:00,1934.9,1937.9,1933.5,1935.9,62928
2025-05-26 11:05:00,1935.9,1936.1,1933.5,1934.3,45525
2025-05-26 11:15:00,1934.1,1938.6,1934.1,1936.5,121003
2025-05-26 11:25:00,1936.1,1937.0,1933.1,1934.6,60352
2025-05-26 11:35:00,1934.6,1935.8,1932.8,1935.8,81986
2025-05-26 11:45:00,1935.6,1937.8,1933.8,1937.4,125695
2025-05-26 11:55:00,1937.4,1938.5,1935.4,1938.0,90414
2025-05-26 12:05:00,1938.0,1939.7,1936.6,1939.2,90345
2025-05-26 12:15:00,1939.4,1939.8,1937.6,1939.1,60827
2025-05-26 12:25:00,1939.1,1942.8,1939.0,1940.3,97807
2025-05-26 12:35:00,1939.8,1939.9,1937.4,1937.7,68187
2025-05-26 12:45:00,1937.2,1938.7,1936.3,1936.8,48202
2025-05-26 12:55:00,1936.8,1938.7,1934.6,1937.8,79837
2025-05-26 13:05:00,1937.3,1939.7,1936.5,1936.9,89917
2025-05-26 13:15:00,1936.9,1938.0,1935.2,1936.1,88642
2025-05-26 13:25:00,1936.1,1936.9,1934.1,1935.9,89332
2025-05-26 13:35:00,1935.6,1938.1,1935.0,1937.4,65550
2025-05-26 13:45:00,1937.1,1937.9,1935.6,1937.8,84158
2025-05-26 13:55:00,1937.8,1938.4,1935.5,1935.8,60073
2025-05-26 14:05:00,1935.6,1937.4,1934.1,1937.3,126521
2025-05-26 14:15:00,1937.4,1937.4,1933.5,1934.9,89516
2025-05-26 14:25:00,1934.9,1938.0,1934.0,1937.8,89857
2025-05-26 14:35:00,1937.7,1938.0,1936.0,1936.5,100625
2025-05-26 14:45:00,1936.7,1938.8,1935.8,1938.4,106738
2025-05-26 14:55:00,1938.4,1940.5,1936.3,1938.8,350480
2025-05-26 15:05:00,1938.8,1940.4,1938.6,1940.1,295836
2025-05-26 15:15:00,1940.3,1941.4,1939.3,1941.0,356016
2025-05-26 15:25:00,1941.0,1942.5,1939.4,1940.3,145420
2025-05-27 09:15:00,1931.6,1934.8,1922.4,1923.0,890450
2025-05-27 09:25:00,1923.0,1928.6,1922.0,1925.8,326876
2025-05-27 09:35:00,1925.8,1931.2,1924.6,1928.8,208729
2025-05-27 09:45:00,1928.9,1929.4,1924.0,1924.2,224590
2025-05-27 09:55:00,1924.2,1926.3,1921.2,1925.0,175901
2025-05-27 10:05:00,1925.3,1926.6,1922.3,1922.7,174695
2025-05-27 10:15:00,1922.4,1922.8,1920.0,1920.3,112834
2025-05-27 10:25:00,1920.3,1921.4,1919.0,1920.0,161684
2025-05-27 10:35:00,1920.0,1922.5,1919.2,1919.7,152325
2025-05-27 10:45:00,1919.7,1921.1,1918.3,1920.7,141308
2025-05-27 10:55:00,1920.7,1926.5,1919.5,1925.8,345049
2025-05-27 11:05:00,1926.0,1936.6,1922.4,1929.8,493919
2025-05-27 11:15:00,1929.9,1938.4,1929.9,1936.5,291227
2025-05-27 11:25:00,1936.3,1948.0,1936.1,1944.8,366354
2025-05-27 11:35:00,1944.9,1945.7,1936.3,1939.7,155221
2025-05-27 11:45:00,1939.2,1940.4,1933.0,1938.0,99665
2025-05-27 11:55:00,1938.0,1941.8,1935.4,1940.6,78135
2025-05-27 12:05:00,1940.6,1942.0,1938.3,1940.3,54233
2025-05-27 12:15:00,1940.5,1940.9,1933.8,1935.9,244460
2025-05-27 12:25:00,1936.4,1936.5,1926.6,1932.0,490016
2025-05-27 12:35:00,1932.9,1933.5,1928.4,1931.9,237911
2025-05-27 12:45:00,1931.2,1934.1,1927.3,1930.5,162808
2025-05-27 12:55:00,1930.5,1930.5,1925.1,1926.7,400164
2025-05-27 13:05:00,1926.8,1930.0,1924.2,1929.1,215395
2025-05-27 13:15:00,1929.1,1930.9,1926.2,1926.7,132648
2025-05-27 13:25:00,1926.8,1930.7,1926.5,1928.7,158411
2025-05-27 13:35:00,1928.5,1931.9,1927.0,1931.8,137147
2025-05-27 13:45:00,1931.9,1935.0,1926.5,1927.4,138898
2025-05-27 13:55:00,1927.4,1927.6,1920.5,1923.0,314399
2025-05-27 14:05:00,1923.4,1924.9,1919.7,1921.5,290258
2025-05-27 14:15:00,1921.7,1923.0,1916.3,1919.1,457256
2025-05-27 14:25:00,1919.1,1921.4,1916.3,1920.8,332564
2025-05-27 14:35:00,1921.6,1924.1,1919.9,1923.2,265542
2025-05-27 14:45:00,1923.2,1927.2,1922.4,1925.5,442179
2025-05-27 14:55:00,1924.9,1928.0,1923.5,1924.1,937208
2025-05-27 15:05:00,1924.1,1928.0,1923.9,1928.0,1465336
2025-05-27 15:15:00,1928.6,1930.8,1924.7,1926.3,1273356
2025-05-27 15:25:00,1926.2,1927.4,1924.1,1926.8,363436
2025-05-28 09:15:00,1920.2,1934.5,1920.2,1925.9,642713
2025-05-28 09:25:00,1926.2,1927.8,1921.2,1922.8,351071
2025-05-28 09:35:00,1922.8,1927.3,1920.0,1927.3,234848
2025-05-28 09:45:00,1927.0,1928.8,1922.2,1924.9,946957
2025-05-28 09:55:00,1924.7,1925.9,1922.1,1922.5,103109
2025-05-28 10:05:00,1922.1,1923.0,1918.1,1921.8,185868
2025-05-28 10:15:00,1921.8,1922.6,1919.6,1922.1,105730
2025-05-28 10:25:00,1922.1,1923.0,1920.0,1922.9,79541
2025-05-28 10:35:00,1922.9,1923.2,1919.0,1919.7,217390
2025-05-28 10:45:00,1919.7,1922.2,1919.4,1921.8,207650
2025-05-28 10:55:00,1921.8,1923.0,1920.4,1922.6,91915
2025-05-28 11:05:00,1922.5,1922.5,1917.7,1918.8,122523
2025-05-28 11:15:00,1918.7,1923.0,1918.7,1920.0,169550
2025-05-28 11:25:00,1920.0,1921.6,1918.1,1919.4,156183
2025-05-28 11:35:00,1919.4,1920.3,1918.5,1919.9,111971
2025-05-28 11:45:00,1920.3,1923.9,1919.0,1923.4,170927
2025-05-28 11:55:00,1923.4,1924.8,1920.2,1921.0,209309
2025-05-28 12:05:00,1921.0,1921.8,1919.1,1919.5,388605
2025-05-28 12:15:00,1919.5,1920.5,1919.0,1920.5,151443
2025-05-28 12:25:00,1920.5,1923.3,1920.0,1922.3,97664
2025-05-28 12:35:00,1922.2,1923.8,1921.6,1923.1,131977
2025-05-28 12:45:00,1923.1,1926.0,1922.3,1924.6,194254
2025-05-28 12:55:00,1924.6,1926.1,1922.6,1926.1,128079
2025-05-28 13:05:00,1926.1,1926.1,1921.4,1921.7,169142
2025-05-28 13:15:00,1921.7,1923.1,1920.0,1921.0,195307
2025-05-28 13:25:00,1921.0,1923.8,1920.0,1922.3,326708
2025-05-28 13:35:00,1922.3,1923.8,1920.3,1921.3,289576
2025-05-28 13:45:00,1921.4,1922.9,1920.5,1922.8,138437
2025-05-28 13:55:00,1922.9,1924.3,1920.2,1921.2,141257
2025-05-28 14:05:00,1921.0,1923.2,1920.3,1921.9,116841
2025-05-28 14:15:00,1921.8,1923.6,1921.2,1922.8,109419
2025-05-28 14:25:00,1922.7,1922.8,1919.8,1921.5,327085
2025-05-28 14:35:00,1921.5,1924.1,1921.4,1923.7,255736
2025-05-28 14:45:00,1923.7,1925.3,1923.0,1923.2,151094
2025-05-28 14:55:00,1923.0,1924.6,1921.8,1922.9,310650
2025-05-28 15:05:00,1923.0,1924.6,1921.5,1922.1,437210
2025-05-28 15:15:00,1922.2,1926.0,1921.8,1925.8,563679
2025-05-28 15:25:00,1926.0,1928.9,1925.3,1928.4,169985
2025-05-29 09:15:00,1928.0,1940.8,1927.4,1928.6,555819
2025-05-29 09:25:00,1928.6,1931.8,1926.8,1927.2,215205
2025-05-29 09:35:00,1926.9,1927.8,1922.0,1925.9,475258
2025-05-29 09:45:00,1925.4,1926.2,1923.6,1925.3,89650
2025-05-29 09:55:00,1925.1,1927.5,1923.8,1925.7,157570
2025-05-29 10:05:00,1925.7,1927.9,1920.0,1922.0,343462
2025-05-29 10:15:00,1922.2,1923.4,1919.9,1921.7,92614
2025-05-29 10:25:00,1921.7,1923.6,1920.0,1923.2,296499
2025-05-29 10:35:00,1923.4,1923.7,1918.7,1919.2,323147
2025-05-29 10:45:00,1919.0,1922.1,1918.0,1919.7,203000
2025-05-29 10:55:00,1919.6,1922.1,1915.2,1915.7,180730
2025-05-29 11:05:00,1915.6,1918.1,1913.2,1913.2,223831
2025-05-29 11:15:00,1913.1,1914.1,1911.5,1912.4,115429
2025-05-29 11:25:00,1912.4,1914.4,1911.0,1912.2,107320
2025-05-29 11:35:00,1912.2,1914.1,1908.1,1908.2,246883
2025-05-29 11:45:00,1908.2,1910.0,1908.0,1909.3,88020
2025-05-29 11:55:00,1909.2,1911.5,1908.7,1910.5,102536
2025-05-29 12:05:00,1910.4,1911.5,1909.1,1909.4,111335
2025-05-29 12:15:00,1909.4,1912.1,1909.0,1911.8,239400
2025-05-29 12:25:00,1911.9,1915.8,1911.9,1913.2,156505
2025-05-29 12:35:00,1913.1,1914.9,1907.3,1910.1,440608
2025-05-29 12:45:00,1910.0,1911.8,1908.2,1909.7,376985
2025-05-29 12:55:00,1909.7,1915.6,1909.1,1913.8,321229
2025-05-29 13:05:00,1913.8,1914.9,1911.1,1914.3,173223
2025-05-29 13:15:00,1914.2,1914.9,1912.1,1914.1,261060
2025-05-29 13:25:00,1914.0,1916.7,1912.8,1913.9,224019
2025-05-29 13:35:00,1913.9,1915.3,1913.0,1914.6,190423
2025-05-29 13:45:00,1914.5,1916.7,1913.7,1916.0,256754
2025-05-29 13:55:00,1915.9,1917.0,1913.9,1913.9,318278
2025-05-29 14:05:00,1913.9,1915.5,1912.1,1912.3,329523
2025-05-29 14:15:00,1912.3,1914.5,1911.0,1913.8,261037
2025-05-29 14:25:00,1913.1,1916.9,1913.0,1914.2,273434
2025-05-29 14:35:00,1915.0,1917.0,1914.4,1915.9,297023
2025-05-29 14:45:00,1915.8,1916.9,1912.6,1915.3,410142
2025-05-29 14:55:00,1915.3,1922.5,1914.7,1921.4,1482196
2025-05-29 15:05:00,1921.5,1930.5,1920.3,1930.1,1890571
2025-05-29 15:15:00,1930.1,1935.6,1928.4,1935.6,1883826
2025-05-29 15:25:00,1935.5,1939.1,1933.4,1937.6,611050
2025-05-30 09:15:00,1931.9,1937.0,1925.4,1933.3,431192
2025-05-30 09:25:00,1932.9,1934.8,1931.6,1932.0,179437
2025-05-30 09:35:00,1931.8,1933.0,1930.4,1933.0,181889
2025-05-30 09:45:00,1933.0,1933.8,1928.6,1929.6,345146
2025-05-30 09:55:00,1929.7,1932.9,1928.9,1932.0,113906
2025-05-30 10:05:00,1932.0,1937.1,1931.1,1935.5,204550
2025-05-30 10:15:00,1935.5,1935.5,1931.3,1931.5,108868
2025-05-30 10:25:00,1931.5,1933.9,1929.1,1929.5,104447
2025-05-30 10:35:00,1929.5,1930.6,1928.1,1928.1,112294
2025-05-30 10:45:00,1928.1,1930.3,1926.3,1930.2,394667
2025-05-30 10:55:00,1929.6,1930.6,1928.2,1930.3,117424
2025-05-30 11:05:00,1930.2,1931.7,1929.2,1930.6,601225
2025-05-30 11:15:00,1930.6,1932.8,1930.5,1931.2,278824
2025-05-30 11:25:00,1931.6,1932.7,1930.6,1931.8,225701
2025-05-30 11:35:00,1931.6,1934.2,1931.1,1932.0,160764
2025-05-30 11:45:00,1932.0,1934.0,1931.8,1932.9,162950
2025-05-30 11:55:00,1932.9,1933.0,1930.3,1930.9,87873
2025-05-30 12:05:00,1931.8,1932.6,1930.1,1930.7,211312
2025-05-30 12:15:00,1930.7,1932.0,1930.2,1931.6,68438
2025-05-30 12:25:00,1931.8,1932.8,1929.6,1930.6,83586
2025-05-30 12:35:00,1930.7,1931.0,1929.6,1930.5,58861
2025-05-30 12:45:00,1930.5,1930.8,1929.9,1930.7,115050
2025-05-30 12:55:00,1930.2,1934.0,1930.2,1933.9,83317
2025-05-30 13:05:00,1933.9,1934.4,1932.3,1932.9,118088
2025-05-30 13:15:00,1933.0,1934.4,1931.1,1932.2,400859
2025-05-30 13:25:00,1932.2,1940.0,1932.1,1938.4,283671
2025-05-30 13:35:00,1938.6,1939.0,1935.6,1936.4,99463
2025-05-30 13:45:00,1936.3,1938.7,1934.6,1937.2,615717
2025-05-30 13:55:00,1937.5,1943.8,1936.8,1941.8,219400
2025-05-30 14:05:00,1941.8,1941.9,1938.6,1938.7,106014
2025-05-30 14:15:00,1938.7,1942.7,1938.2,1942.6,118974
2025-05-30 14:25:00,1942.6,1944.7,1941.8,1942.3,239154
2025-05-30 14:35:00,1942.3,1942.4,1939.4,1940.6,215219
2025-05-30 14:45:00,1940.5,1943.0,1939.1,1941.7,178102
2025-05-30 14:55:00,1941.8,1948.8,1940.7,1945.7,1692000
2025-05-30 15:05:00,1945.7,1947.2,1942.7,1945.1,2650849
2025-05-30 15:15:00,1945.0,1945.1,1944.9,1944.9,2044615
2025-05-30 15:25:00,1944.9,1945.1,1939.6,1941.4,821512
2025-06-02 09:15:00,1930.1,1935.8,1909.0,1910.1,812212
2025-06-02 09:25:00,1910.2,1914.5,1908.0,1912.6,314598
2025-06-02 09:35:00,1912.6,1916.8,1912.4,1914.2,169408
2025-06-02 09:45:00,1913.8,1916.4,1913.0,1915.5,537417
2025-06-02 09:55:00,1915.5,1917.8,1913.8,1916.5,142901
2025-06-02 10:05:00,1916.5,1918.6,1915.9,1918.2,102926
2025-06-02 10:15:00,1918.4,1919.9,1917.1,1919.0,125486
2025-06-02 10:25:00,1919.0,1919.5,1916.6,1917.6,93948
2025-06-02 10:35:00,1917.6,1920.0,1917.6,1919.5,86697
2025-06-02 10:45:00,1919.9,1922.7,1918.5,1920.3,123295
2025-06-02 10:55:00,1920.3,1922.4,1919.7,1921.9,77040
2025-06-02 11:05:00,1922.1,1923.0,1918.0,1918.8,98074
2025-06-02 11:15:00,1918.5,1922.6,1917.0,1921.4,162236
2025-06-02 11:25:00,1921.4,1922.3,1920.2,1921.9,114755
2025-06-02 11:35:00,1922.0,1922.5,1920.0,1920.6,109870
2025-06-02 11:45:00,1920.6,1923.5,1920.0,1922.2,106690
2025-06-02 11:55:00,1922.0,1925.9,1922.0,1925.3,119328
2025-06-02 12:05:00,1925.0,1925.7,1923.3,1924.1,298611
2025-06-02 12:15:00,1924.4,1927.3,1923.6,1925.8,117382
2025-06-02 12:25:00,1925.8,1928.4,1925.0,1928.4,121768
2025-06-02 12:35:00,1928.5,1931.0,1927.2,1930.7,164752
2025-06-02 12:45:00,1930.0,1931.9,1929.3,1931.8,100427
2025-06-02 12:55:00,1931.9,1931.9,1927.8,1929.3,166515
2025-06-02 13:05:00,1929.3,1929.3,1927.1,1928.9,79168
2025-06-02 13:15:00,1928.9,1931.7,1928.8,1931.6,58191
2025-06-02 13:25:00,1931.4,1931.7,1928.9,1928.9,91717
2025-06-02 13:35:00,1928.9,1931.7,1928.9,1931.7,55027
2025-06-02 13:45:00,1931.5,1932.0,1929.4,1930.0,60635
2025-06-02 13:55:00,1929.9,1930.6,1928.5,1928.9,68066
2025-06-02 14:05:00,1928.9,1929.4,1927.0,1928.3,70072
2025-06-02 14:15:00,1928.3,1929.1,1927.5,1927.5,77408
2025-06-02 14:25:00,1928.1,1929.9,1925.1,1926.2,116342
2025-06-02 14:35:00,1926.0,1929.1,1926.0,1929.0,135812
2025-06-02 14:45:00,1928.5,1929.5,1926.0,1929.0,98439
2025-06-02 14:55:00,1928.8,1935.0,1928.4,1934.7,290677
2025-06-02 15:05:00,1934.8,1936.0,1931.0,1932.1,777061
2025-06-02 15:15:00,1932.1,1933.3,1930.0,1930.8,406744
2025-06-02 15:25:00,1930.9,1933.6,1928.9,1931.0,307311
2025-06-03 09:15:00,1938.0,1945.0,1933.9,1937.6,748955
2025-06-03 09:25:00,1937.2,1938.3,1930.9,1934.2,271835
2025-06-03 09:35:00,1934.2,1942.9,1933.3,1939.7,248288
2025-06-03 09:45:00,1939.5,1944.5,1938.2,1940.6,411259
2025-06-03 09:55:00,1940.6,1942.0,1935.9,1936.5,271376
2025-06-03 10:05:00,1936.4,1942.0,1936.4,1941.7,122937
2025-06-03 10:15:00,1941.7,1951.5,1940.7,1950.7,576997
2025-06-03 10:25:00,1950.7,1952.0,1947.2,1949.0,329456
2025-06-03 10:35:00,1949.1,1949.2,1936.4,1938.9,305598
2025-06-03 10:45:00,1938.7,1941.2,1938.4,1939.9,239678
2025-06-03 10:55:00,1940.0,1940.5,1937.5,1938.5,227815
2025-06-03 11:05:00,1938.5,1940.8,1936.4,1936.8,239354
2025-06-03 11:15:00,1936.7,1939.0,1935.1,1937.8,165114
2025-06-03 11:25:00,1937.8,1943.2,1937.0,1942.1,643991
2025-06-03 11:35:00,1942.1,1942.6,1937.0,1937.7,174924
2025-06-03 11:45:00,1938.4,1939.2,1937.0,1938.5,102150
2025-06-03 11:55:00,1938.6,1939.0,1936.1,1937.8,106246
2025-06-03 12:05:00,1937.9,1938.0,1934.1,1934.8,123950
2025-06-03 12:15:00,1934.6,1934.6,1931.7,1931.7,130655
2025-06-03 12:25:00,1931.7,1936.0,1931.7,1935.6,231979
2025-06-03 12:35:00,1935.5,1937.2,1934.3,1935.0,187814
2025-06-03 12:45:00,1934.8,1934.9,1925.9,1928.8,318929
2025-06-03 12:55:00,1928.3,1930.0,1924.3,1926.2,221216
2025-06-03 13:05:00,1926.2,1926.8,1923.9,1926.5,322926
2025-06-03 13:15:00,1926.3,1928.6,1924.4,1925.5,289841
2025-06-03 13:25:00,1925.5,1928.8,1925.1,1928.6,187407
2025-06-03 13:35:00,1928.6,1931.2,1928.0,1928.8,411884
2025-06-03 13:45:00,1928.9,1930.3,1928.1,1930.3,255230
2025-06-03 13:55:00,1930.2,1932.7,1930.0,1931.0,342825
2025-06-03 14:05:00,1931.0,1932.6,1929.6,1929.9,332030
2025-06-03 14:15:00,1929.7,1930.7,1928.0,1929.3,294725
2025-06-03 14:25:00,1929.3,1930.4,1928.0,1930.4,321772
2025-06-03 14:35:00,1930.4,1932.1,1929.6,1930.5,340699
2025-06-03 14:45:00,1930.5,1930.7,1926.9,1928.0,479667
2025-06-03 14:55:00,1928.0,1928.5,1924.5,1925.2,543661
2025-06-03 15:05:00,1925.2,1925.3,1923.0,1924.2,573502
2025-06-03 15:15:00,1924.2,1926.4,1920.0,1922.9,680678
2025-06-03 15:25:00,1922.9,1924.2,1921.5,1923.5,146434
2025-06-04 09:15:00,1921.0,1934.6,1920.9,1930.2,691116
2025-06-04 09:25:00,1930.1,1932.8,1927.0,1927.0,123700
2025-06-04 09:35:00,1927.0,1927.6,1924.3,1926.0,269075
2025-06-04 09:45:00,1925.7,1927.5,1924.3,1927.5,236001
2025-06-04 09:55:00,1927.4,1927.9,1925.9,1927.1,127847
2025-06-04 10:05:00,1927.0,1929.9,1926.6,1928.4,93361
2025-06-04 10:15:00,1928.4,1930.2,1927.8,1928.2,219353
2025-06-04 10:25:00,1928.2,1931.8,1927.4,1931.1,137902
2025-06-04 10:35:00,1931.0,1934.0,1930.0,1933.3,147276
2025-06-04 10:45:00,1933.5,1938.0,1933.0,1935.5,161890
2025-06-04 10:55:00,1935.5,1937.0,1934.6,1935.9,121155
2025-06-04 11:05:00,1936.0,1936.3,1934.9,1935.9,72453
2025-06-04 11:15:00,1936.0,1938.0,1935.9,1937.7,107206
2025-06-04 11:25:00,1938.0,1940.5,1937.4,1938.8,167484
2025-06-04 11:35:00,1938.8,1939.8,1936.8,1938.1,55558
2025-06-04 11:45:00,1938.2,1938.9,1937.1,1937.9,66974
2025-06-04 11:55:00,1937.8,1939.4,1936.9,1939.1,63719
2025-06-04 12:05:00,1939.1,1940.5,1938.6,1940.0,100981
2025-06-04 12:15:00,1940.1,1941.0,1938.9,1941.0,52386
2025-06-04 12:25:00,1941.0,1941.0,1938.9,1940.1,73960
2025-06-04 12:35:00,1940.2,1941.0,1939.2,1939.6,60680
2025-06-04 12:45:00,1939.4,1940.9,1939.3,1940.1,50054
2025-06-04 12:55:00,1940.1,1941.0,1939.1,1941.0,97821
2025-06-04 13:05:00,1940.9,1941.0,1938.3,1938.6,45924
2025-06-04 13:15:00,1938.8,1939.9,1937.1,1939.0,62177
2025-06-04 13:25:00,1939.0,1941.5,1938.6,1940.6,89468
2025-06-04 13:35:00,1940.6,1941.5,1939.9,1941.1,59748
2025-06-04 13:45:00,1941.3,1941.9,1940.8,1941.5,58110
2025-06-04 13:55:00,1941.5,1942.0,1939.0,1939.4,99786
2025-06-04 14:05:00,1939.3,1940.9,1939.0,1940.0,72154
2025-06-04 14:15:00,1940.0,1940.5,1938.6,1940.3,51217
2025-06-04 14:25:00,1940.5,1940.5,1937.7,1940.0,129332
2025-06-04 14:35:00,1940.0,1941.5,1936.4,1938.7,602670
2025-06-04 14:45:00,1938.7,1939.8,1938.0,1939.2,136802
2025-06-04 14:55:00,1939.2,1943.3,1938.3,1941.9,351291
2025-06-04 15:05:00,1941.9,1942.1,1939.6,1941.4,532731
2025-06-04 15:15:00,1941.3,1941.5,1939.9,1939.9,504390
2025-06-04 15:25:00,1939.8,1941.2,1938.8,1939.5,188812
2025-06-05 09:15:00,1948.0,1951.0,1940.2,1944.4,956113
2025-06-05 09:25:00,1944.5,1949.9,1944.3,1949.5,443452
2025-06-05 09:35:00,1949.7,1954.5,1947.4,1954.0,423535
2025-06-05 09:45:00,1953.9,1958.7,1953.9,1955.7,384538
2025-06-05 09:55:00,1955.7,1958.9,1954.8,1954.8,175439
2025-06-05 10:05:00,1954.9,1956.9,1953.2,1955.0,98910
2025-06-05 10:15:00,1955.0,1956.2,1952.7,1955.5,179649
2025-06-05 10:25:00,1956.1,1956.4,1952.0,1954.6,166257
2025-06-05 10:35:00,1954.6,1955.9,1953.0,1955.1,187707
2025-06-05 10:45:00,1955.5,1956.1,1950.7,1951.6,105224
2025-06-05 10:55:00,1951.6,1953.0,1950.7,1952.1,148162
2025-06-05 11:05:00,1952.1,1952.8,1949.0,1949.6,140974
2025-06-05 11:15:00,1949.6,1953.2,1948.9,1953.2,167992
2025-06-05 11:25:00,1953.2,1954.1,1950.2,1950.5,199431
2025-06-05 11:35:00,1950.5,1951.0,1949.1,1950.8,105744
2025-06-05 11:45:00,1950.8,1950.8,1946.7,1949.0,94103
2025-06-05 11:55:00,1948.8,1952.4,1946.7,1952.4,146241
2025-06-05 12:05:00,1952.4,1955.8,1951.7,1955.3,270163
2025-06-05 12:15:00,1955.4,1957.9,1954.9,1955.1,299632
2025-06-05 12:25:00,1955.0,1955.1,1950.0,1951.8,137320
2025-06-05 12:35:00,1951.8,1953.5,1950.3,1951.7,121688
2025-06-05 12:45:00,1952.1,1953.7,1950.9,1953.7,124673
2025-06-05 12:55:00,1953.8,1954.0,1949.3,1950.3,159925
2025-06-05 13:05:00,1950.3,1953.0,1948.7,1949.5,125246
2025-06-05 13:15:00,1949.4,1951.1,1947.7,1950.3,173545
2025-06-05 13:25:00,1950.0,1950.5,1945.0,1945.7,191262
2025-06-05 13:35:00,1945.3,1949.0,1945.0,1945.9,178124
2025-06-05 13:45:00,1945.9,1949.8,1945.6,1949.1,88696
2025-06-05 13:55:00,1949.1,1949.6,1945.2,1947.2,137298
2025-06-05 14:05:00,1947.1,1948.5,1945.2,1947.8,107490
2025-06-05 14:15:00,1947.7,1949.2,1946.6,1947.5,173462
2025-06-05 14:25:00,1947.4,1949.8,1946.9,1949.3,254000
2025-06-05 14:35:00,1949.4,1950.0,1947.7,1949.0,235201
2025-06-05 14:45:00,1949.0,1950.9,1946.4,1947.1,286997
2025-06-05 14:55:00,1947.1,1948.5,1945.1,1947.3,756807
2025-06-05 15:05:00,1947.3,1949.0,1945.6,1948.5,1172949
2025-06-05 15:15:00,1948.7,1954.1,1948.7,1954.0,1274603
2025-06-05 15:25:00,1954.0,1955.1,1952.0,1952.0,500071
2025-06-06 09:15:00,1944.0,1952.4,1942.7,1951.6,487778
2025-06-06 09:25:00,1951.6,1952.0,1946.6,1946.9,100608
2025-06-06 09:35:00,1946.9,1946.9,1943.8,1945.6,92524
2025-06-06 09:45:00,1945.6,1949.4,1943.9,1947.2,224986
2025-06-06 09:55:00,1947.3,1948.4,1944.5,1945.6,47449
2025-06-06 10:05:00,1945.8,1958.8,1945.6,1946.7,720148
2025-06-06 10:15:00,1946.7,1957.6,1945.2,1957.3,414859
2025-06-06 10:25:00,1956.6,1967.5,1956.2,1963.5,908220
2025-06-06 10:35:00,1963.4,1972.8,1960.3,1969.3,498033
2025-06-06 10:45:00,1969.3,1974.8,1969.1,1971.0,373953
2025-06-06 10:55:00,1971.0,1980.1,1970.3,1979.6,1036616
2025-06-06 11:05:00,1979.7,1995.0,1979.5,1995.0,961724
2025-06-06 11:15:00,1994.6,1996.3,1988.7,1990.0,916889
2025-06-06 11:25:00,1989.6,1993.2,1988.9,1990.0,497336
2025-06-06 11:35:00,1990.1,1993.0,1987.7,1991.8,463685
2025-06-06 11:45:00,1991.8,1991.8,1988.6,1990.5,140511
2025-06-06 11:55:00,1990.5,1991.0,1988.1,1989.4,174464
2025-06-06 12:05:00,1989.5,1990.1,1987.0,1987.4,213125
2025-06-06 12:15:00,1987.0,1987.8,1980.1,1981.9,248424
2025-06-06 12:25:00,1981.9,1982.5,1978.8,1979.9,149386
2025-06-06 12:35:00,1979.8,1980.0,1976.0,1977.2,163919
2025-06-06 12:45:00,1977.0,1979.5,1976.0,1977.2,293526
2025-06-06 12:55:00,1977.2,1977.9,1975.6,1976.1,87197
2025-06-06 13:05:00,1976.5,1979.0,1975.3,1978.2,206000
2025-06-06 13:15:00,1978.3,1979.0,1978.1,1978.8,185815
2025-06-06 13:25:00,1978.8,1981.0,1977.8,1981.0,256879
2025-06-06 13:35:00,1980.9,1986.0,1980.9,1984.9,394311
2025-06-06 13:45:00,1984.9,1987.8,1984.6,1987.5,259092
2025-06-06 13:55:00,1987.4,1988.7,1985.0,1986.5,341556
2025-06-06 14:05:00,1986.5,1987.4,1982.8,1987.3,222411
2025-06-06 14:15:00,1987.3,1989.9,1987.0,1989.5,192674
2025-06-06 14:25:00,1989.7,1989.7,1984.8,1986.1,144269
2025-06-06 14:35:00,1986.1,1987.8,1984.2,1985.2,181432
2025-06-06 14:45:00,1984.5,1985.1,1980.2,1981.3,236338
2025-06-06 14:55:00,1981.3,1984.8,1978.8,1978.9,586518
2025-06-06 15:05:00,1979.2,1981.9,1976.7,1978.6,1173355
2025-06-06 15:15:00,1978.2,1980.0,1976.5,1978.4,888141
2025-06-06 15:25:00,1978.3,1979.8,1976.1,1979.0,357465
2025-06-09 09:15:00,1995.0,1995.0,1978.7,1978.9,1191525
2025-06-09 09:25:00,1978.7,1984.0,1978.6,1982.9,292624
2025-06-09 09:35:00,1983.0,1983.8,1977.6,1980.6,194032
2025-06-09 09:45:00,1980.8,1984.5,1977.7,1983.6,257936
2025-06-09 09:55:00,1983.5,1983.5,1979.0,1981.5,124986
2025-06-09 10:05:00,1981.8,1983.3,1980.3,1983.3,189147
2025-06-09 10:15:00,1983.2,1983.7,1980.8,1981.0,110458
2025-06-09 10:25:00,1981.0,1981.0,1978.8,1980.2,133733
2025-06-09 10:35:00,1980.3,1984.4,1980.1,1984.4,99817
2025-06-09 10:45:00,1984.5,1984.5,1982.0,1982.6,79689
2025-06-09 10:55:00,1982.6,1982.8,1981.1,1982.0,84319
2025-06-09 11:05:00,1982.2,1982.3,1980.4,1980.9,78650
2025-06-09 11:15:00,1981.0,1982.0,1979.6,1980.4,84301
2025-06-09 11:25:00,1980.5,1980.8,1978.9,1980.4,123929
2025-06-09 11:35:00,1980.4,1981.3,1979.6,1979.8,121255
2025-06-09 11:45:00,1979.9,1980.4,1978.0,1979.0,125335
2025-06-09 11:55:00,1979.0,1980.7,1978.5,1979.8,87945
2025-06-09 12:05:00,1979.7,1980.0,1978.8,1978.9,86261
2025-06-09 12:15:00,1978.9,1979.8,1978.3,1979.2,73706
2025-06-09 12:25:00,1979.2,1982.3,1979.0,1982.1,136820
2025-06-09 12:35:00,1982.2,1982.6,1979.8,1980.2,85269
2025-06-09 12:45:00,1980.2,1980.9,1978.5,1978.6,85690
2025-06-09 12:55:00,1978.6,1979.4,1978.3,1979.3,75352
2025-06-09 13:05:00,1979.4,1980.0,1978.3,1979.0,79029
2025-06-09 13:15:00,1978.9,1979.0,1977.1,1977.8,137734
2025-06-09 13:25:00,1977.7,1978.2,1977.3,1978.1,131223
2025-06-09 13:35:00,1978.0,1980.2,1977.6,1980.0,118161
2025-06-09 13:45:00,1980.0,1981.6,1978.5,1979.6,100903
2025-06-09 13:55:00,1979.5,1980.7,1979.2,1979.4,81088
2025-06-09 14:05:00,1979.1,1979.7,1978.0,1978.5,90626
2025-06-09 14:15:00,1978.4,1978.8,1977.1,1977.5,119739
2025-06-09 14:25:00,1977.4,1978.9,1975.9,1978.3,91744
2025-06-09 14:35:00,1978.4,1979.7,1977.8,1979.7,170334
2025-06-09 14:45:00,1979.7,1980.0,1977.8,1978.7,177142
2025-06-09 14:55:00,1978.7,1980.5,1977.0,1978.1,288898
2025-06-09 15:05:00,1978.1,1979.4,1977.9,1978.9,193957
2025-06-09 15:15:00,1978.8,1980.0,1978.1,1979.6,280542
2025-06-09 15:25:00,1979.9,1980.7,1978.1,1980.1,128323
2025-06-10 09:15:00,1982.8,1982.8,1970.1,1972.4,766394
2025-06-10 09:25:00,1972.4,1973.7,1963.0,1968.7,243176
2025-06-10 09:35:00,1968.7,1972.0,1968.0,1968.4,174856
2025-06-10 09:45:00,1968.2,1971.1,1966.1,1969.9,103670
2025-06-10 09:55:00,1969.8,1973.0,1969.3,1972.8,69440
2025-06-10 10:05:00,1972.8,1974.5,1971.6,1973.7,131810
2025-06-10 10:15:00,1973.7,1974.0,1971.6,1972.3,101462
2025-06-10 10:25:00,1972.2,1972.2,1968.6,1970.0,115413
2025-06-10 10:35:00,1970.0,1971.4,1968.9,1970.0,58583
2025-06-10 10:45:00,1969.9,1970.4,1967.0,1967.2,126963
2025-06-10 10:55:00,1967.5,1968.9,1966.0,1968.2,94054
2025-06-10 11:05:00,1968.1,1969.8,1967.0,1967.9,70041
2025-06-10 11:15:00,1967.6,1968.7,1967.1,1967.6,65407
2025-06-10 11:25:00,1967.5,1967.6,1964.0,1964.3,140432
2025-06-10 11:35:00,1964.1,1965.9,1964.1,1965.6,120066
2025-06-10 11:45:00,1965.6,1966.0,1963.2,1965.0,157208
2025-06-10 11:55:00,1964.9,1965.0,1961.1,1962.0,145988
2025-06-10 12:05:00,1961.8,1966.6,1961.6,1964.7,92785
2025-06-10 12:15:00,1964.7,1966.0,1963.1,1965.0,125146
2025-06-10 12:25:00,1965.0,1965.1,1963.3,1964.7,94380
2025-06-10 12:35:00,1964.8,1966.5,1964.3,1966.1,91379
2025-06-10 12:45:00,1966.1,1968.5,1965.5,1968.5,108133
2025-06-10 12:55:00,1968.5,1970.0,1967.6,1968.8,99292
2025-06-10 13:05:00,1968.8,1969.6,1967.4,1967.4,100300
2025-06-10 13:15:00,1968.0,1969.0,1966.9,1967.6,108199
2025-06-10 13:25:00,1967.6,1969.0,1966.8,1967.1,119936
2025-06-10 13:35:00,1967.0,1967.9,1966.2,1966.2,99275
2025-06-10 13:45:00,1966.3,1967.6,1966.0,1966.6,122410
2025-06-10 13:55:00,1966.8,1967.1,1963.6,1964.7,127640
2025-06-10 14:05:00,1964.6,1967.6,1964.3,1967.4,135473
2025-06-10 14:15:00,1967.4,1967.8,1966.3,1967.4,142995
2025-06-10 14:25:00,1967.4,1968.6,1966.5,1968.3,233137
2025-06-10 14:35:00,1968.4,1970.1,1966.1,1968.0,358598
2025-06-10 14:45:00,1967.9,1968.6,1965.9,1967.4,263659
2025-06-10 14:55:00,1967.5,1968.8,1964.9,1966.6,638490
2025-06-10 15:05:00,1966.7,1967.7,1965.1,1965.2,882423
2025-06-10 15:15:00,1965.0,1965.2,1962.1,1962.7,640198
2025-06-10 15:25:00,1962.7,1964.1,1962.6,1963.0,278349
2025-06-11 09:15:00,1967.6,1967.6,1956.6,1957.6,270713
2025-06-11 09:25:00,1957.5,1958.4,1955.3,1955.5,111184
2025-06-11 09:35:00,1955.3,1958.0,1955.1,1956.5,95974
2025-06-11 09:45:00,1956.5,1957.3,1953.4,1956.2,158504
2025-06-11 09:55:00,1956.2,1958.2,1956.2,1957.8,164386
2025-06-11 10:05:00,1957.8,1958.4,1957.0,1958.4,139935
2025-06-11 10:15:00,1958.4,1959.3,1957.5,1957.5,140142
2025-06-11 10:25:00,1957.7,1959.0,1956.2,1958.6,164450
2025-06-11 10:35:00,1958.1,1962.7,1958.0,1962.0,153422
2025-06-11 10:45:00,1962.0,1962.9,1959.6,1960.2,69081
2025-06-11 10:55:00,1959.6,1961.6,1959.0,1960.7,63597
2025-06-11 11:05:00,1960.7,1961.8,1959.8,1961.3,58916
2025-06-11 11:15:00,1961.3,1963.0,1960.8,1962.0,79940
2025-06-11 11:25:00,1961.8,1962.8,1961.6,1962.6,60628
2025-06-11 11:35:00,1962.5,1962.6,1961.4,1961.5,53743
2025-06-11 11:45:00,1961.7,1965.0,1961.4,1964.8,90726
2025-06-11 11:55:00,1964.8,1964.8,1962.0,1962.4,81643
2025-06-11 12:05:00,1962.5,1962.5,1961.3,1961.3,50501
2025-06-11 12:15:00,1961.6,1963.4,1961.0,1962.9,66367
2025-06-11 12:25:00,1962.8,1963.0,1960.1,1960.6,98417
2025-06-11 12:35:00,1960.6,1961.0,1958.9,1959.2,66086
2025-06-11 12:45:00,1959.2,1960.0,1959.0,1959.6,57421
2025-06-11 12:55:00,1959.6,1960.7,1959.4,1960.0,64964
2025-06-11 13:05:00,1959.9,1961.0,1959.9,1960.0,52855
2025-06-11 13:15:00,1960.1,1961.0,1959.2,1960.2,70344
2025-06-11 13:25:00,1959.9,1960.3,1955.6,1957.3,157485
2025-06-11 13:35:00,1957.2,1957.5,1955.9,1956.1,62338
2025-06-11 13:45:00,1956.0,1956.2,1953.1,1955.3,129828
2025-06-11 13:55:00,1955.1,1956.1,1954.6,1954.7,66088
2025-06-11 14:05:00,1954.6,1954.7,1953.4,1954.2,95391
2025-06-11 14:15:00,1954.3,1955.0,1953.7,1955.0,89273
2025-06-11 14:25:00,1955.0,1955.3,1953.1,1953.7,98314
2025-06-11 14:35:00,1953.4,1953.8,1951.5,1951.8,191570
2025-06-11 14:45:00,1951.7,1954.5,1951.1,1953.0,176587
2025-06-11 14:55:00,1952.7,1953.9,1951.0,1951.6,347495
2025-06-11 15:05:00,1951.6,1952.0,1950.1,1950.1,533072
2025-06-11 15:15:00,1950.2,1950.6,1948.3,1948.8,593508
2025-06-11 15:25:00,1948.8,1949.3,1947.0,1947.7,186756
2025-06-12 09:15:00,1950.0,1959.3,1945.1,1958.9,448146
2025-06-12 09:25:00,1958.9,1961.0,1956.2,1959.5,194662
2025-06-12 09:35:00,1959.1,1960.5,1952.8,1953.1,165517
2025-06-12 09:45:00,1952.9,1955.5,1950.1,1954.2,95272
2025-06-12 09:55:00,1954.2,1954.2,1949.2,1950.6,123985
2025-06-12 10:05:00,1950.6,1952.7,1949.9,1950.6,100838
2025-06-12 10:15:00,1950.6,1951.1,1948.3,1950.3,66417
2025-06-12 10:25:00,1950.7,1952.6,1949.9,1949.9,105864
2025-06-12 10:35:00,1949.9,1950.9,1945.7,1945.7,173982
2025-06-12 10:45:00,1946.0,1948.5,1945.0,1947.3,245987
2025-06-12 10:55:00,1947.3,1947.8,1945.8,1946.4,148538
2025-06-12 11:05:00,1946.5,1946.5,1944.0,1945.5,147012
2025-06-12 11:15:00,1945.6,1949.2,1945.4,1947.2,134471
2025-06-12 11:25:00,1947.2,1949.0,1944.2,1944.2,149387
2025-06-12 11:35:00,1944.2,1946.0,1943.6,1944.6,113724
2025-06-12 11:45:00,1944.6,1946.7,1944.2,1945.0,121399
2025-06-12 11:55:00,1945.0,1946.6,1943.9,1945.3,183690
2025-06-12 12:05:00,1946.0,1947.5,1945.1,1946.4,88114
2025-06-12 12:15:00,1946.4,1949.0,1945.9,1948.8,159083
2025-06-12 12:25:00,1948.6,1949.0,1946.4,1948.0,142065
2025-06-12 12:35:00,1947.8,1948.7,1945.6,1946.5,109281
2025-06-12 12:45:00,1946.5,1948.9,1945.2,1947.1,58361
2025-06-12 12:55:00,1947.1,1947.1,1943.3,1945.9,94784
2025-06-12 13:05:00,1945.7,1946.7,1944.0,1944.9,112520
2025-06-12 13:15:00,1944.8,1947.3,1944.1,1946.6,123793
2025-06-12 13:25:00,1946.6,1947.2,1937.5,1938.4,289182
2025-06-12 13:35:00,1938.8,1940.0,1937.0,1939.0,307413
2025-06-12 13:45:00,1939.2,1941.2,1937.5,1940.4,224802
2025-06-12 13:55:00,1940.5,1941.6,1936.6,1937.7,251134
2025-06-12 14:05:00,1937.7,1939.4,1935.3,1936.8,197940
2025-06-12 14:15:00,1936.8,1941.7,1936.6,1939.2,177798
2025-06-12 14:25:00,1939.3,1944.1,1938.8,1943.5,295304
2025-06-12 14:35:00,1943.5,1945.2,1942.1,1943.1,205198
2025-06-12 14:45:00,1943.2,1945.1,1941.3,1943.8,172095
2025-06-12 14:55:00,1943.8,1947.0,1943.4,1945.3,957772
2025-06-12 15:05:00,1945.7,1946.4,1941.0,1941.4,674872
2025-06-12 15:15:00,1941.3,1943.3,1940.3,1941.2,491742
2025-06-12 15:25:00,1941.2,1941.6,1939.8,1940.0,159495
2025-06-13 09:15:00,1920.0,1933.0,1920.0,1926.9,476759
2025-06-13 09:25:00,1926.9,1927.5,1922.0,1922.9,229625
2025-06-13 09:35:00,1922.9,1923.2,1919.1,1920.6,295099
2025-06-13 09:45:00,1920.3,1921.6,1919.1,1919.1,304373
2025-06-13 09:55:00,1919.1,1919.5,1914.7,1916.1,149523
2025-06-13 10:05:00,1916.1,1918.6,1915.5,1917.2,58313
2025-06-13 10:15:00,1917.1,1919.0,1915.1,1918.8,76090
2025-06-13 10:25:00,1918.8,1920.8,1918.0,1919.5,75179
2025-06-13 10:35:00,1919.5,1921.9,1919.4,1921.4,111391
2025-06-13 10:45:00,1921.1,1922.6,1919.6,1921.0,125347
2025-06-13 10:55:00,1921.0,1921.3,1920.0,1920.1,87189
2025-06-13 11:05:00,1920.1,1921.4,1917.9,1918.0,172979
2025-06-13 11:15:00,1917.9,1918.8,1916.9,1918.1,44848
2025-06-13 11:25:00,1918.1,1919.9,1917.4,1918.6,123356
2025-06-13 11:35:00,1918.6,1921.9,1918.3,1921.8,49463
2025-06-13 11:45:00,1921.7,1922.0,1920.0,1921.1,45619
2025-06-13 11:55:00,1921.1,1921.1,1918.3,1918.4,35154
2025-06-13 12:05:00,1918.4,1920.2,1918.1,1919.7,49804
2025-06-13 12:15:00,1919.7,1922.0,1919.2,1919.2,63046
2025-06-13 12:25:00,1919.2,1920.6,1917.1,1917.1,107645
2025-06-13 12:35:00,1917.5,1918.5,1917.0,1918.2,60069
2025-06-13 12:45:00,1918.2,1918.7,1917.3,1918.5,52214
2025-06-13 12:55:00,1918.5,1919.6,1918.1,1919.5,46479
2025-06-13 13:05:00,1919.5,1921.3,1918.7,1920.8,89697
2025-06-13 13:15:00,1920.7,1922.0,1920.7,1921.9,58554
2025-06-13 13:25:00,1921.7,1922.6,1918.4,1920.4,157659
2025-06-13 13:35:00,1921.0,1923.2,1920.2,1922.9,71158
2025-06-13 13:45:00,1922.7,1925.0,1922.0,1922.0,119686
2025-06-13 13:55:00,1922.1,1922.5,1919.4,1921.4,77094
2025-06-13 14:05:00,1921.4,1922.5,1920.5,1921.0,119815
2025-06-13 14:15:00,1920.9,1922.0,1920.2,1921.8,86696
2025-06-13 14:25:00,1921.8,1922.4,1920.2,1921.2,93582
2025-06-13 14:35:00,1921.2,1921.5,1918.0,1918.1,111974
2025-06-13 14:45:00,1918.5,1920.0,1915.2,1916.7,140737
2025-06-13 14:55:00,1916.7,1918.4,1913.0,1917.4,370977
2025-06-13 15:05:00,1917.4,1918.6,1916.5,1917.0,560860
2025-06-13 15:15:00,1917.1,1918.5,1916.3,1918.2,566720
2025-06-13 15:25:00,1918.1,1920.0,1917.1,1919.5,239010
2025-06-16 09:15:00,1924.0,1928.1,1920.1,1925.5,255877
2025-06-16 09:25:00,1925.6,1929.4,1925.6,1926.1,130766
2025-06-16 09:35:00,1926.5,1931.0,1926.1,1927.6,253001
2025-06-16 09:45:00,1928.1,1928.1,1923.7,1925.9,157176
2025-06-16 09:55:00,1925.6,1929.4,1925.6,1928.6,76435
2025-06-16 10:05:00,1928.3,1929.4,1927.3,1928.3,63687
2025-06-16 10:15:00,1928.0,1930.0,1927.7,1930.0,175776
2025-06-16 10:25:00,1930.1,1933.2,1928.8,1931.2,258321
2025-06-16 10:35:00,1931.2,1933.8,1930.8,1933.4,86109
2025-06-16 10:45:00,1933.6,1934.4,1929.5,1930.5,178277
2025-06-16 10:55:00,1930.5,1933.8,1929.2,1933.0,138359
2025-06-16 11:05:00,1933.0,1937.8,1931.8,1934.5,263405
2025-06-16 11:15:00,1934.8,1935.0,1932.4,1932.5,260116
2025-06-16 11:25:00,1932.5,1935.2,1931.6,1933.0,138375
2025-06-16 11:35:00,1933.0,1934.9,1932.3,1934.5,161894
2025-06-16 11:45:00,1934.5,1935.6,1933.6,1934.3,153371
2025-06-16 11:55:00,1934.3,1934.6,1932.9,1933.3,99614
2025-06-16 12:05:00,1933.1,1933.7,1932.2,1933.4,104135
2025-06-16 12:15:00,1933.4,1933.4,1930.6,1931.9,101526
2025-06-16 12:25:00,1931.9,1934.5,1930.0,1934.0,195392
2025-06-16 12:35:00,1933.6,1935.2,1932.6,1934.6,118841
2025-06-16 12:45:00,1934.6,1935.1,1933.9,1934.7,91042
2025-06-16 12:55:00,1934.7,1936.2,1934.1,1936.1,174520
2025-06-16 13:05:00,1936.1,1938.9,1936.0,1938.3,171185
2025-06-16 13:15:00,1938.2,1938.5,1936.1,1937.7,131929
2025-06-16 13:25:00,1937.7,1938.0,1936.5,1937.7,244837
2025-06-16 13:35:00,1937.7,1938.8,1936.2,1937.0,112139
2025-06-16 13:45:00,1937.0,1937.3,1932.6,1934.0,693247
2025-06-16 13:55:00,1934.0,1936.1,1934.0,1934.8,108747
2025-06-16 14:05:00,1934.8,1936.0,1934.4,1934.8,99198
2025-06-16 14:15:00,1934.8,1935.6,1934.3,1934.7,106804
2025-06-16 14:25:00,1934.7,1935.8,1934.2,1934.9,119340
2025-06-16 14:35:00,1934.8,1934.9,1932.3,1933.2,172774
2025-06-16 14:45:00,1933.2,1934.8,1932.5,1934.6,162388
2025-06-16 14:55:00,1934.6,1934.6,1933.1,1934.6,378051
2025-06-16 15:05:00,1934.6,1937.0,1934.1,1936.5,547374
2025-06-16 15:15:00,1936.6,1938.4,1934.0,1935.5,1025399
2025-06-16 15:25:00,1935.4,1937.5,1935.0,1936.9,377802
2025-06-17 09:15:00,1937.0,1941.6,1927.3,1928.3,865463
2025-06-17 09:25:00,1927.9,1928.8,1922.3,1924.5,270171
2025-06-17 09:35:00,1924.5,1925.5,1920.1,1922.2,175277
2025-06-17 09:45:00,1922.4,1922.5,1919.1,1919.1,118660
2025-06-17 09:55:00,1919.5,1923.0,1919.2,1921.7,157229
2025-06-17 10:05:00,1921.7,1922.0,1920.0,1922.0,81064
2025-06-17 10:15:00,1921.7,1924.2,1920.9,1923.8,68994
2025-06-17 10:25:00,1923.8,1926.1,1922.1,1925.6,73888
2025-06-17 10:35:00,1925.6,1926.8,1924.0,1924.1,87591
2025-06-17 10:45:00,1924.4,1924.5,1921.6,1921.9,107723
2025-06-17 10:55:00,1921.9,1922.7,1920.5,1920.7,138760
2025-06-17 11:05:00,1920.7,1923.0,1920.2,1923.0,137795
2025-06-17 11:15:00,1923.0,1923.0,1921.5,1922.2,128169
2025-06-17 11:25:00,1922.1,1924.0,1921.1,1922.7,168687
2025-06-17 11:35:00,1922.7,1922.7,1920.5,1921.8,130100
2025-06-17 11:45:00,1921.8,1922.5,1920.5,1921.8,118205
2025-06-17 11:55:00,1921.8,1922.8,1921.4,1922.5,99029
2025-06-17 12:05:00,1922.5,1923.0,1920.7,1921.3,106411
2025-06-17 12:15:00,1921.3,1922.5,1920.6,1921.1,132399
2025-06-17 12:25:00,1921.1,1923.7,1921.0,1923.5,122258
2025-06-17 12:35:00,1923.5,1926.0,1922.9,1925.6,148263
2025-06-17 12:45:00,1925.6,1926.3,1924.5,1925.0,209773
2025-06-17 12:55:00,1925.0,1925.7,1922.0,1922.1,224032
2025-06-17 13:05:00,1922.1,1924.5,1922.0,1923.5,140686
2025-06-17 13:15:00,1923.5,1926.0,1923.3,1925.3,109577
2025-06-17 13:25:00,1925.3,1926.0,1924.5,1925.3,135489
2025-06-17 13:35:00,1925.3,1925.4,1924.2,1925.1,138561
2025-06-17 13:45:00,1925.3,1927.3,1925.0,1926.7,118597
2025-06-17 13:55:00,1926.7,1926.8,1925.6,1925.7,120625
2025-06-17 14:05:00,1925.7,1927.0,1925.5,1926.8,172379
2025-06-17 14:15:00,1926.8,1929.5,1926.7,1928.9,159199
2025-06-17 14:25:00,1928.9,1931.4,1928.0,1931.3,172542
2025-06-17 14:35:00,1931.3,1932.0,1929.6,1930.8,199933
2025-06-17 14:45:00,1930.9,1933.3,1930.1,1931.2,216200
2025-06-17 14:55:00,1931.2,1934.4,1930.0,1930.7,634987
2025-06-17 15:05:00,1930.7,1931.3,1928.0,1929.9,928420
2025-06-17 15:15:00,1929.9,1930.0,1926.8,1928.2,912689
2025-06-17 15:25:00,1928.1,1929.0,1925.9,1928.1,286744
2025-06-18 09:15:00,1917.0,1925.1,1917.0,1925.1,961641
2025-06-18 09:25:00,1925.0,1930.9,1923.9,1927.5,233128
2025-06-18 09:35:00,1927.6,1931.1,1927.5,1929.6,151388
2025-06-18 09:45:00,1929.7,1930.4,1926.1,1926.6,184763
2025-06-18 09:55:00,1926.6,1928.5,1925.0,1928.0,195406
2025-06-18 10:05:00,1927.9,1930.7,1927.4,1928.4,119056
2025-06-18 10:15:00,1928.4,1929.4,1925.8,1926.3,150162
2025-06-18 10:25:00,1926.4,1927.0,1925.9,1926.7,102428
2025-06-18 10:35:00,1926.7,1930.7,1925.8,1930.3,264202
2025-06-18 10:45:00,1930.3,1930.8,1926.2,1927.0,266538
2025-06-18 10:55:00,1927.0,1927.1,1924.2,1924.3,177149
2025-06-18 11:05:00,1924.2,1926.9,1924.0,1925.7,201901
2025-06-18 11:15:00,1925.5,1925.6,1923.3,1923.9,81561
2025-06-18 11:25:00,1923.7,1925.2,1922.0,1922.5,115050
2025-06-18 11:35:00,1922.4,1924.2,1922.1,1922.8,138629
2025-06-18 11:45:00,1922.8,1922.8,1921.0,1921.8,92084
2025-06-18 11:55:00,1921.8,1922.3,1920.0,1922.1,137694
2025-06-18 12:05:00,1922.2,1923.8,1921.6,1922.5,119954
2025-06-18 12:15:00,1922.8,1923.3,1922.0,1922.8,90017
2025-06-18 12:25:00,1922.8,1925.7,1922.4,1925.4,145009
2025-06-18 12:35:00,1925.4,1927.9,1925.1,1927.0,87701
2025-06-18 12:45:00,1927.0,1927.1,1925.4,1927.1,125429
2025-06-18 12:55:00,1927.1,1927.7,1926.4,1927.1,103164
2025-06-18 13:05:00,1927.1,1927.8,1926.6,1927.2,106594
2025-06-18 13:15:00,1927.0,1928.1,1926.9,1928.1,105188
2025-06-18 13:25:00,1928.1,1928.7,1927.5,1928.4,88671
2025-06-18 13:35:00,1928.4,1930.5,1928.0,1928.0,207856
2025-06-18 13:45:00,1928.2,1928.2,1924.4,1926.0,157352
2025-06-18 13:55:00,1925.7,1927.7,1925.5,1927.5,112126
2025-06-18 14:05:00,1927.5,1927.7,1926.0,1927.1,106366
2025-06-18 14:15:00,1927.1,1927.1,1925.4,1925.5,108204
2025-06-18 14:25:00,1925.5,1928.1,1924.3,1928.1,167988
2025-06-18 14:35:00,1928.1,1928.2,1926.3,1926.9,112809
2025-06-18 14:45:00,1926.9,1935.2,1926.5,1932.2,1343650
2025-06-18 14:55:00,1932.7,1935.4,1932.0,1935.0,463479
2025-06-18 15:05:00,1935.0,1935.4,1932.9,1932.9,731525
2025-06-18 15:15:00,1933.2,1936.3,1930.8,1931.0,707754
2025-06-18 15:25:00,1931.5,1934.1,1930.4,1932.5,208266
2025-06-19 09:15:00,1933.9,1939.0,1925.6,1933.3,398543
2025-06-19 09:25:00,1933.3,1937.1,1933.2,1936.0,134089
2025-06-19 09:35:00,1936.3,1939.4,1935.6,1938.8,107068
2025-06-19 09:45:00,1938.9,1939.8,1934.2,1937.3,102998
2025-06-19 09:55:00,1937.5,1942.8,1936.8,1942.0,138298
2025-06-19 10:05:00,1942.0,1945.4,1941.9,1943.0,172394
2025-06-19 10:15:00,1943.0,1946.8,1942.1,1944.0,179160
2025-06-19 10:25:00,1944.0,1945.0,1942.2,1942.5,84206
2025-06-19 10:35:00,1942.6,1945.0,1942.3,1943.9,108847
2025-06-19 10:45:00,1944.0,1944.0,1941.5,1942.0,93561
2025-06-19 10:55:00,1942.0,1942.5,1939.2,1940.0,145242
2025-06-19 11:05:00,1939.5,1940.6,1938.7,1939.0,165354
2025-06-19 11:15:00,1939.0,1939.5,1936.2,1936.5,160037
2025-06-19 11:25:00,1935.7,1938.5,1934.5,1937.6,220889
2025-06-19 11:35:00,1937.6,1938.5,1935.2,1938.3,86789
2025-06-19 11:45:00,1938.0,1939.9,1937.7,1938.8,92356
2025-06-19 11:55:00,1938.8,1939.9,1937.0,1937.9,160797
2025-06-19 12:05:00,1937.3,1938.1,1935.4,1936.0,212742
2025-06-19 12:15:00,1936.0,1936.9,1935.6,1936.9,219526
2025-06-19 12:25:00,1937.0,1937.0,1935.0,1936.0,140510
2025-06-19 12:35:00,1936.0,1936.1,1933.8,1936.0,186690
2025-06-19 12:45:00,1935.9,1939.6,1935.2,1939.4,113478
2025-06-19 12:55:00,1939.5,1940.7,1938.1,1940.6,132965
2025-06-19 13:05:00,1940.0,1942.0,1939.2,1940.0,216285
2025-06-19 13:15:00,1940.0,1941.3,1938.8,1939.9,130102
2025-06-19 13:25:00,1939.9,1941.0,1938.8,1940.0,121487
2025-06-19 13:35:00,1939.9,1940.8,1939.4,1940.5,123636
2025-06-19 13:45:00,1940.3,1941.7,1940.1,1940.9,93275
2025-06-19 13:55:00,1940.9,1944.6,1940.0,1942.3,208036
2025-06-19 14:05:00,1942.3,1945.6,1941.0,1941.9,461574
2025-06-19 14:15:00,1941.9,1942.1,1937.7,1937.7,207218
2025-06-19 14:25:00,1937.8,1939.9,1936.5,1938.7,174145
2025-06-19 14:35:00,1938.7,1939.0,1936.3,1937.5,368315
2025-06-19 14:45:00,1937.7,1938.5,1936.5,1937.0,118431
2025-06-19 14:55:00,1937.1,1937.9,1935.2,1936.2,588257
2025-06-19 15:05:00,1936.1,1937.3,1933.5,1933.6,727052
2025-06-19 15:15:00,1933.7,1937.1,1933.1,1934.2,1047114
2025-06-19 15:25:00,1934.3,1935.7,1933.1,1933.1,237271
2025-06-20 09:15:00,1931.6,1945.0,1931.6,1944.3,464669
2025-06-20 09:25:00,1944.1,1946.0,1942.2,1943.2,259874
2025-06-20 09:35:00,1943.6,1945.9,1943.1,1945.0,185075
2025-06-20 09:45:00,1944.8,1947.9,1944.4,1947.4,271863
2025-06-20 09:55:00,1947.6,1949.9,1947.1,1949.6,138274
2025-06-20 10:05:00,1949.6,1951.8,1949.0,1951.5,210212
2025-06-20 10:15:00,1951.5,1957.9,1951.3,1955.0,222447
2025-06-20 10:25:00,1955.1,1961.8,1955.1,1958.8,309590
2025-06-20 10:35:00,1958.8,1960.0,1957.0,1957.0,160560
2025-06-20 10:45:00,1957.0,1957.1,1954.3,1954.5,175438
2025-06-20 10:55:00,1954.7,1955.3,1950.3,1951.6,346827
2025-06-20 11:05:00,1951.2,1954.8,1951.2,1954.7,127291
2025-06-20 11:15:00,1954.5,1955.0,1951.7,1952.9,93861
2025-06-20 11:25:00,1952.7,1954.5,1952.0,1954.0,85086
2025-06-20 11:35:00,1953.7,1956.8,1953.0,1954.2,159392
2025-06-20 11:45:00,1954.2,1955.1,1953.1,1954.5,100783
2025-06-20 11:55:00,1954.7,1954.7,1950.9,1951.4,154724
2025-06-20 12:05:00,1951.4,1955.5,1951.4,1955.1,146523
2025-06-20 12:15:00,1955.1,1955.8,1954.0,1954.5,132199
2025-06-20 12:25:00,1954.8,1955.0,1951.8,1952.1,226795
2025-06-20 12:35:00,1952.1,1955.7,1951.8,1955.0,143975
2025-06-20 12:45:00,1955.0,1958.4,1955.0,1957.8,93572
2025-06-20 12:55:00,1957.8,1958.3,1955.3,1957.4,117839
2025-06-20 13:05:00,1957.4,1959.9,1956.2,1959.3,98356
2025-06-20 13:15:00,1959.3,1962.8,1959.1,1960.4,254749
2025-06-20 13:25:00,1960.4,1962.6,1959.9,1960.8,156475
2025-06-20 13:35:00,1960.7,1961.7,1958.8,1959.6,158897
2025-06-20 13:45:00,1959.0,1961.5,1958.6,1961.4,112655
2025-06-20 13:55:00,1961.5,1961.8,1959.4,1960.8,171494
2025-06-20 14:05:00,1960.8,1961.8,1960.3,1961.1,152504
2025-06-20 14:15:00,1961.1,1962.0,1958.7,1961.4,134877
2025-06-20 14:25:00,1961.7,1961.8,1958.8,1959.1,116909
2025-06-20 14:35:00,1958.9,1959.7,1957.7,1958.8,288701
2025-06-20 14:45:00,1958.8,1959.9,1957.5,1958.1,213934
2025-06-20 14:55:00,1958.2,1965.0,1957.4,1964.7,1851284
2025-06-20 15:05:00,1964.7,1966.9,1962.0,1964.3,3302595
2025-06-20 15:15:00,1964.3,1968.8,1962.8,1967.9,3849838
2025-06-20 15:25:00,1968.5,1969.9,1963.1,1963.1,1165642
2025-06-23 09:15:00,1948.4,1957.9,1948.4,1952.0,464022
2025-06-23 09:25:00,1952.1,1952.9,1949.2,1950.0,151286
2025-06-23 09:35:00,1950.3,1952.6,1949.9,1950.1,109313
2025-06-23 09:45:00,1950.1,1951.0,1948.4,1949.2,81379
2025-06-23 09:55:00,1949.2,1949.9,1947.1,1947.9,86587
2025-06-23 10:05:00,1948.0,1949.0,1947.0,1947.2,48328
2025-06-23 10:15:00,1947.5,1950.7,1947.1,1949.9,85027
2025-06-23 10:25:00,1950.4,1951.8,1948.2,1950.9,99552
2025-06-23 10:35:00,1951.2,1952.1,1949.0,1949.9,58241
2025-06-23 10:45:00,1950.0,1952.3,1949.8,1951.0,111791
2025-06-23 10:55:00,1951.0,1951.4,1946.3,1947.9,166716
2025-06-23 11:05:00,1947.8,1949.2,1944.9,1944.9,214505
2025-06-23 11:15:00,1945.0,1948.0,1944.4,1948.0,260318
2025-06-23 11:25:00,1948.0,1948.4,1946.5,1947.7,60330
2025-06-23 11:35:00,1947.2,1949.0,1946.7,1948.0,71455
2025-06-23 11:45:00,1948.0,1948.2,1944.3,1944.9,225108
2025-06-23 11:55:00,1944.9,1946.3,1944.5,1944.8,134197
2025-06-23 12:05:00,1944.8,1945.3,1944.6,1945.0,84735
2025-06-23 12:15:00,1945.0,1946.9,1941.8,1943.5,370380
2025-06-23 12:25:00,1943.0,1945.0,1942.8,1943.8,63779
2025-06-23 12:35:00,1943.8,1945.3,1943.1,1945.0,52473
2025-06-23 12:45:00,1945.2,1946.0,1944.1,1945.4,58597
2025-06-23 12:55:00,1945.2,1945.6,1943.7,1944.0,80496
2025-06-23 13:05:00,1944.0,1945.8,1943.4,1945.5,106158
2025-06-23 13:15:00,1945.5,1950.0,1944.4,1948.9,131636
2025-06-23 13:25:00,1948.9,1951.9,1948.5,1950.0,147084
2025-06-23 13:35:00,1950.4,1952.0,1950.0,1950.8,102819
2025-06-23 13:45:00,1950.8,1952.0,1950.1,1951.7,120429
2025-06-23 13:55:00,1951.5,1954.0,1950.3,1953.9,145783
2025-06-23 14:05:00,1953.9,1954.8,1949.3,1950.1,101974
2025-06-23 14:15:00,1950.1,1950.1,1946.0,1946.7,108440
2025-06-23 14:25:00,1946.8,1948.8,1945.7,1947.5,115251
2025-06-23 14:35:00,1947.5,1948.0,1946.0,1947.4,186579
2025-06-23 14:45:00,1947.5,1948.0,1945.0,1945.9,146376
2025-06-23 14:55:00,1945.9,1948.6,1945.7,1948.5,255574
2025-06-23 15:05:00,1948.5,1949.1,1948.3,1948.6,267299
2025-06-23 15:15:00,1948.6,1949.9,1946.5,1947.7,410737
2025-06-23 15:25:00,1947.7,1949.1,1947.3,1948.1,149833
2025-06-24 09:15:00,1965.0,1974.4,1956.3,1972.0,599090
2025-06-24 09:25:00,1972.0,1972.0,1965.7,1968.9,180919
2025-06-24 09:35:00,1968.9,1969.2,1961.1,1964.0,190937
2025-06-24 09:45:00,1963.7,1964.0,1960.0,1962.8,81023
2025-06-24 09:55:00,1963.0,1969.2,1962.9,1967.9,108808
2025-06-24 10:05:00,1967.9,1972.0,1967.2,1969.8,135793
2025-06-24 10:15:00,1969.8,1972.7,1967.4,1968.8,104909
2025-06-24 10:25:00,1968.8,1972.0,1967.3,1967.6,98198
2025-06-24 10:35:00,1967.8,1969.9,1966.0,1968.8,126435
2025-06-24 10:45:00,1968.8,1969.8,1964.2,1968.3,64735
2025-06-24 10:55:00,1968.3,1969.8,1966.4,1969.3,66019
2025-06-24 11:05:00,1969.5,1973.9,1969.2,1972.9,145027
2025-06-24 11:15:00,1973.0,1974.7,1969.8,1971.5,120962
2025-06-24 11:25:00,1971.5,1975.9,1971.0,1974.2,208745
2025-06-24 11:35:00,1973.9,1976.0,1973.8,1975.9,77340
2025-06-24 11:45:00,1975.8,1976.0,1974.3,1974.8,63450
2025-06-24 11:55:00,1974.8,1977.2,1974.5,1977.2,105369
2025-06-24 12:05:00,1977.1,1979.0,1976.1,1978.0,126266
2025-06-24 12:15:00,1977.6,1979.0,1974.9,1978.5,111878
2025-06-24 12:25:00,1978.5,1979.0,1973.2,1977.4,113326
2025-06-24 12:35:00,1977.5,1977.5,1963.8,1966.4,492246
2025-06-24 12:45:00,1966.4,1977.0,1964.9,1974.9,170168
2025-06-24 12:55:00,1974.9,1975.9,1968.5,1971.6,118195
2025-06-24 13:05:00,1971.8,1973.7,1966.4,1966.4,187813
2025-06-24 13:15:00,1966.6,1968.6,1961.6,1961.6,254467
2025-06-24 13:25:00,1961.6,1966.7,1959.3,1961.3,338113
2025-06-24 13:35:00,1961.8,1962.0,1956.5,1958.2,523276
2025-06-24 13:45:00,1958.9,1961.9,1955.6,1961.9,388388
2025-06-24 13:55:00,1961.9,1964.0,1958.2,1958.5,211310
2025-06-24 14:05:00,1958.5,1961.6,1956.5,1960.7,303666
2025-06-24 14:15:00,1960.8,1963.5,1959.2,1961.3,216117
2025-06-24 14:25:00,1961.5,1964.4,1959.2,1961.3,202118
2025-06-24 14:35:00,1961.7,1964.0,1960.5,1961.2,396583
2025-06-24 14:45:00,1961.3,1963.5,1959.3,1961.8,354032
2025-06-24 14:55:00,1961.8,1963.0,1959.2,1960.4,735235
2025-06-24 15:05:00,1960.1,1962.7,1957.5,1961.0,1749080
2025-06-24 15:15:00,1961.2,1962.9,1959.2,1962.8,1261951
2025-06-24 15:25:00,1962.8,1965.5,1960.8,1962.0,445201
2025-06-25 09:15:00,1966.0,1970.0,1963.9,1969.2,653428
2025-06-25 09:25:00,1969.2,1978.0,1969.2,1975.7,286378
2025-06-25 09:35:00,1975.7,1977.5,1974.4,1976.2,146872
2025-06-25 09:45:00,1976.2,1977.5,1973.2,1974.1,113866
2025-06-25 09:55:00,1974.0,1976.0,1972.1,1976.0,122372
2025-06-25 10:05:00,1975.7,1978.0,1975.2,1976.2,124882
2025-06-25 10:15:00,1976.2,1979.3,1975.0,1978.9,258634
2025-06-25 10:25:00,1978.9,1981.0,1977.6,1978.1,253134
2025-06-25 10:35:00,1978.2,1981.3,1978.1,1980.9,197050
2025-06-25 10:45:00,1980.6,1981.1,1978.9,1980.9,106870
2025-06-25 10:55:00,1980.6,1981.0,1978.2,1978.2,124206
2025-06-25 11:05:00,1978.0,1978.9,1975.0,1976.0,286794
2025-06-25 11:15:00,1976.0,1977.0,1975.6,1977.0,114971
2025-06-25 11:25:00,1977.0,1977.0,1975.5,1975.9,114732
2025-06-25 11:35:00,1975.9,1976.7,1974.1,1974.4,89303
2025-06-25 11:45:00,1974.7,1976.0,1974.1,1974.7,79882
2025-06-25 11:55:00,1974.9,1975.0,1973.1,1973.9,92429
2025-06-25 12:05:00,1974.0,1976.7,1973.0,1976.0,114674
2025-06-25 12:15:00,1976.0,1976.4,1974.0,1975.4,143714
2025-06-25 12:25:00,1975.5,1977.0,1974.7,1976.9,186158
2025-06-25 12:35:00,1976.9,1977.2,1975.8,1977.0,145169
2025-06-25 12:45:00,1977.0,1977.3,1976.2,1977.0,187874
2025-06-25 12:55:00,1976.8,1978.7,1976.5,1978.5,272911
2025-06-25 13:05:00,1978.7,1979.0,1975.2,1977.1,199225
2025-06-25 13:15:00,1977.6,1978.4,1976.4,1977.8,143675
2025-06-25 13:25:00,1977.8,1980.5,1976.9,1980.0,392908
2025-06-25 13:35:00,1979.6,1980.3,1977.5,1978.6,160239
2025-06-25 13:45:00,1978.6,1979.0,1975.9,1977.0,125322
2025-06-25 13:55:00,1977.1,1978.0,1976.3,1977.4,199563
2025-06-25 14:05:00,1977.4,1979.0,1976.8,1978.5,145568
2025-06-25 14:15:00,1978.5,1980.3,1977.9,1980.1,446209
2025-06-25 14:25:00,1980.3,1980.3,1977.1,1978.9,199797
2025-06-25 14:35:00,1979.0,1981.0,1978.6,1980.8,268274
2025-06-25 14:45:00,1980.7,1982.0,1979.6,1981.4,278948
2025-06-25 14:55:00,1981.4,1981.9,1979.7,1981.6,449989
2025-06-25 15:05:00,1981.6,1981.7,1979.0,1980.7,647130
2025-06-25 15:15:00,1980.7,1981.3,1978.6,1979.1,733153
2025-06-25 15:25:00,1978.9,1980.2,1977.3,1980.0,247382
2025-06-26 09:15:00,1981.4,1985.0,1980.0,1983.5,719404
2025-06-26 09:25:00,1983.5,1991.0,1983.5,1989.1,705771
2025-06-26 09:35:00,1989.1,1993.0,1988.0,1990.9,351376
2025-06-26 09:45:00,1990.9,1994.9,1990.7,1992.9,306517
2025-06-26 09:55:00,1993.0,1997.8,1993.0,1994.0,424317
2025-06-26 10:05:00,1994.0,1995.2,1991.0,1994.5,239602
2025-06-26 10:15:00,1994.4,1996.9,1992.8,1995.6,214215
2025-06-26 10:25:00,1995.6,1998.8,1995.6,1998.1,249243
2025-06-26 10:35:00,1998.7,1999.9,1994.9,1995.4,268610
2025-06-26 10:45:00,1995.3,1997.9,1994.0,1994.9,192933
2025-06-26 10:55:00,1994.9,1996.5,1994.0,1995.6,205962
2025-06-26 11:05:00,1995.7,1995.8,1993.5,1995.4,180040
2025-06-26 11:15:00,1995.4,1996.9,1993.9,1995.9,155779
2025-06-26 11:25:00,1995.8,1999.0,1994.8,1999.0,196229
2025-06-26 11:35:00,1999.0,1999.0,1994.5,1996.9,211673
2025-06-26 11:45:00,1996.9,1999.0,1996.8,1998.9,166420
2025-06-26 11:55:00,1999.0,2004.8,1998.0,2004.6,542023
2025-06-26 12:05:00,2004.7,2006.8,2003.5,2006.3,444557
2025-06-26 12:15:00,2006.1,2008.0,2004.8,2006.0,375271
2025-06-26 12:25:00,2005.8,2006.0,2003.2,2003.7,319873
2025-06-26 12:35:00,2003.8,2006.0,2003.1,2005.0,258554
2025-06-26 12:45:00,2005.0,2005.9,2002.3,2003.4,228044
2025-06-26 12:55:00,2003.4,2007.8,2003.1,2007.0,298992
2025-06-26 13:05:00,2007.4,2007.5,2002.8,2004.2,368193
2025-06-26 13:15:00,2004.2,2007.7,2003.7,2005.8,402198
2025-06-26 13:25:00,2005.8,2008.0,2004.7,2006.2,484716
2025-06-26 13:35:00,2006.2,2008.4,2006.1,2007.7,369870
2025-06-26 13:45:00,2007.2,2009.7,2007.2,2009.4,478351
2025-06-26 13:55:00,2009.4,2013.6,2008.2,2013.5,704590
2025-06-26 14:05:00,2013.3,2015.2,2010.2,2015.0,790620
2025-06-26 14:15:00,2015.3,2017.5,2014.7,2015.5,808793
2025-06-26 14:25:00,2015.4,2018.8,2015.0,2016.3,967155
2025-06-26 14:35:00,2016.5,2017.8,2015.1,2016.6,914993
2025-06-26 14:45:00,2017.0,2017.8,2015.5,2017.2,784662
2025-06-26 14:55:00,2017.2,2024.9,2016.9,2023.3,2404489
2025-06-26 15:05:00,2023.2,2025.5,2019.0,2021.0,2858279
2025-06-26 15:15:00,2020.9,2027.1,2017.2,2021.6,3947235
2025-06-26 15:25:00,2021.4,2025.4,2017.2,2017.7,1153566
2025-06-27 09:15:00,2013.0,2013.0,1993.4,2000.8,1232096
2025-06-27 09:25:00,2000.4,2002.4,1995.0,2001.5,642073
2025-06-27 09:35:00,2002.0,2003.8,2000.0,2001.1,245149
2025-06-27 09:45:00,2001.0,2004.3,2000.8,2002.3,169656
2025-06-27 09:55:00,2002.3,2003.1,1999.7,2001.0,148490
2025-06-27 10:05:00,2001.0,2004.5,2001.0,2004.1,109159
2025-06-27 10:15:00,2004.1,2007.2,2004.0,2006.5,224724
2025-06-27 10:25:00,2006.5,2009.0,2005.2,2008.4,187954
2025-06-27 10:35:00,2008.4,2009.5,2005.8,2009.4,208859
2025-06-27 10:45:00,2009.4,2014.7,2009.1,2014.7,394807
2025-06-27 10:55:00,2014.7,2016.9,2012.6,2014.1,359937
2025-06-27 11:05:00,2014.0,2015.0,2013.0,2014.9,113608
2025-06-27 11:15:00,2015.0,2015.4,2013.0,2015.3,220844
2025-06-27 11:25:00,2015.0,2016.7,2013.9,2014.5,119264
2025-06-27 11:35:00,2014.5,2016.0,2014.3,2015.9,57111
2025-06-27 11:45:00,2016.0,2016.0,2012.8,2013.5,137647
2025-06-27 11:55:00,2013.6,2014.5,2013.1,2013.8,95048
2025-06-27 12:05:00,2013.8,2015.3,2013.6,2015.2,117559
2025-06-27 12:15:00,2015.2,2016.3,2014.8,2015.9,102044
2025-06-27 12:25:00,2015.7,2016.0,2014.0,2014.6,146065
2025-06-27 12:35:00,2014.6,2016.5,2014.4,2015.9,83475
2025-06-27 12:45:00,2015.8,2017.8,2014.9,2017.2,123404
2025-06-27 12:55:00,2017.2,2017.2,2015.6,2015.6,111039
2025-06-27 13:05:00,2015.7,2016.0,2015.1,2015.3,93415
2025-06-27 13:15:00,2015.7,2016.0,2015.0,2015.4,89372
2025-06-27 13:25:00,2015.5,2017.7,2015.5,2016.8,102142
2025-06-27 13:35:00,2016.9,2019.8,2016.8,2018.7,154868
2025-06-27 13:45:00,2018.8,2019.0,2015.0,2016.2,181628
2025-06-27 13:55:00,2016.2,2017.7,2015.0,2015.3,132608
2025-06-27 14:05:00,2015.2,2015.5,2012.2,2012.8,161228
2025-06-27 14:15:00,2012.9,2013.0,2008.9,2010.0,183725
2025-06-27 14:25:00,2010.0,2012.4,2009.2,2012.1,184830
2025-06-27 14:35:00,2012.1,2015.2,2011.3,2014.8,308366
2025-06-27 14:45:00,2014.8,2014.8,2011.5,2012.1,266781
2025-06-27 14:55:00,2012.0,2017.1,2011.7,2016.2,1498843
2025-06-27 15:05:00,2015.8,2016.3,2013.1,2014.6,2250221
2025-06-27 15:15:00,2014.4,2016.4,2011.9,2012.6,2198559
2025-06-27 15:25:00,2012.5,2014.6,2011.2,2011.5,644501
2025-06-30 09:15:00,2011.5,2013.8,2004.0,2004.3,419972
2025-06-30 09:25:00,2004.3,2005.8,2001.1,2002.2,231051
2025-06-30 09:35:00,2002.0,2006.0,2001.6,2003.0,165293
2025-06-30 09:45:00,2003.1,2003.5,2000.0,2001.0,166812
2025-06-30 09:55:00,2001.2,2002.3,1999.5,2002.2,226297
2025-06-30 10:05:00,2002.2,2004.9,2001.1,2003.0,152404
2025-06-30 10:15:00,2002.9,2003.6,1999.2,1999.8,114920
2025-06-30 10:25:00,1999.7,1999.8,1998.4,1999.2,126179
2025-06-30 10:35:00,1999.2,2001.0,1998.1,1999.0,113428
2025-06-30 10:45:00,1999.0,1999.2,1996.6,1998.8,75873
2025-06-30 10:55:00,1998.7,2000.0,1998.7,1999.7,55951
2025-06-30 11:05:00,1999.7,2000.0,1999.0,1999.1,54276
2025-06-30 11:15:00,1999.3,1999.3,1997.4,1998.9,61629
2025-06-30 11:25:00,1998.9,1999.7,1996.1,1997.2,100757
2025-06-30 11:35:00,1997.2,1998.2,1995.5,1997.2,97590
2025-06-30 11:45:00,1997.2,2002.0,1997.1,2001.1,138052
2025-06-30 11:55:00,2000.9,2001.8,2000.0,2000.6,75321
2025-06-30 12:05:00,2000.6,2004.0,2000.0,2004.0,111374
2025-06-30 12:15:00,2003.9,2004.7,2002.5,2003.6,124489
2025-06-30 12:25:00,2003.6,2003.8,2001.5,2002.6,76302
2025-06-30 12:35:00,2002.5,2002.7,2000.0,2001.5,59134
2025-06-30 12:45:00,2001.0,2002.0,2000.0,2000.2,65723
2025-06-30 12:55:00,2000.2,2000.8,1998.6,2000.6,138707
2025-06-30 13:05:00,2000.5,2000.8,2000.0,2000.3,63305
2025-06-30 13:15:00,2000.3,2001.0,1998.5,2000.8,100081
2025-06-30 13:25:00,2000.6,2001.1,2000.0,2000.4,65409
2025-06-30 13:35:00,2000.4,2000.5,1999.7,2000.0,102862
2025-06-30 13:45:00,2000.1,2000.3,1997.1,1998.0,105975
2025-06-30 13:55:00,1998.1,1998.5,1996.4,1996.9,105958
2025-06-30 14:05:00,1996.9,1998.4,1996.6,1997.5,86258
2025-06-30 14:15:00,1997.4,1998.0,1996.8,1998.0,119243
2025-06-30 14:25:00,1997.9,1998.3,1996.6,1996.6,86879
2025-06-30 14:35:00,1996.7,1997.2,1995.6,1997.1,142150
2025-06-30 14:45:00,1997.1,1999.3,1996.5,1998.5,354822
2025-06-30 14:55:00,1998.4,2001.5,1997.6,2001.5,734047
2025-06-30 15:05:00,2001.5,2003.0,2001.3,2003.0,711188
2025-06-30 15:15:00,2003.0,2003.0,2000.1,2002.5,752909
2025-06-30 15:25:00,2002.5,2002.5,1997.0,2000.0,230797
2025-07-01 09:15:00,2005.0,2014.0,2004.0,2007.2,445694
2025-07-01 09:25:00,2007.6,2009.5,2007.0,2008.5,149635
2025-07-01 09:35:00,2008.5,2008.9,2007.2,2007.2,95840
2025-07-01 09:45:00,2007.0,2010.0,2006.1,2006.2,238500
2025-07-01 09:55:00,2006.3,2007.9,2004.9,2006.7,180804
2025-07-01 10:05:00,2006.2,2006.5,2004.2,2005.0,107609
2025-07-01 10:15:00,2004.9,2008.0,2004.2,2004.9,151291
2025-07-01 10:25:00,2004.9,2008.0,2004.5,2007.1,99659
2025-07-01 10:35:00,2007.1,2008.0,2005.5,2007.9,55743
2025-07-01 10:45:00,2007.9,2010.0,2007.9,2009.9,126763
2025-07-01 10:55:00,2010.0,2010.0,2006.7,2009.7,210015
2025-07-01 11:05:00,2009.6,2010.0,2006.0,2006.0,145951
2025-07-01 11:15:00,2006.1,2008.0,2006.1,2007.7,64170
2025-07-01 11:25:00,2007.7,2010.0,2007.0,2008.9,120481
2025-07-01 11:35:00,2008.9,2011.0,2008.5,2009.2,219098
2025-07-01 11:45:00,2009.8,2010.0,2008.6,2009.3,115061
2025-07-01 11:55:00,2008.9,2012.0,2008.4,2012.0,103525
2025-07-01 12:05:00,2011.9,2014.0,2009.5,2011.4,110290
2025-07-01 12:15:00,2011.7,2012.8,2010.9,2011.2,81912
2025-07-01 12:25:00,2011.3,2012.6,2008.2,2008.2,161730
2025-07-01 12:35:00,2008.2,2009.5,2007.6,2007.9,107307
2025-07-01 12:45:00,2007.8,2013.0,2007.6,2010.8,229673
2025-07-01 12:55:00,2010.8,2011.7,2009.2,2010.2,105858
2025-07-01 13:05:00,2010.2,2010.5,2008.5,2008.8,88834
2025-07-01 13:15:00,2008.8,2009.8,2008.0,2008.2,100022
2025-07-01 13:25:00,2008.2,2008.5,2007.9,2008.0,107352
2025-07-01 13:35:00,2008.0,2009.9,2008.0,2008.4,101677
2025-07-01 13:45:00,2008.6,2009.3,2007.6,2009.0,112701
2025-07-01 13:55:00,2008.9,2012.0,2007.7,2011.9,275208
2025-07-01 14:05:00,2011.9,2014.0,2010.0,2014.0,196928
2025-07-01 14:15:00,2013.8,2015.0,2012.5,2014.1,244106
2025-07-01 14:25:00,2014.1,2014.8,2013.1,2013.1,148801
2025-07-01 14:35:00,2013.1,2016.0,2012.1,2014.1,353545
2025-07-01 14:45:00,2014.1,2014.5,2009.7,2011.6,172340
2025-07-01 14:55:00,2012.0,2013.3,2010.4,2011.5,398324
2025-07-01 15:05:00,2011.6,2014.0,2009.1,2011.8,632223
2025-07-01 15:15:00,2011.8,2013.4,2009.3,2011.5,471761
2025-07-01 15:25:00,2011.5,2014.0,2011.1,2011.5,175205
2025-07-02 09:15:00,2019.9,2019.9,1997.6,2001.2,592057
2025-07-02 09:25:00,2001.5,2001.5,1998.2,1999.1,150077
2025-07-02 09:35:00,2000.2,2001.1,1998.4,1998.4,107725
2025-07-02 09:45:00,1998.2,2002.5,1996.8,2001.7,144441
2025-07-02 09:55:00,2001.7,2005.0,2000.1,2000.5,136037
2025-07-02 10:05:00,2000.1,2001.2,1998.1,2000.0,125576
2025-07-02 10:15:00,2000.0,2001.4,1993.8,1998.0,278153
2025-07-02 10:25:00,1998.0,1999.6,1997.6,1999.0,88761
2025-07-02 10:35:00,1999.0,1999.8,1995.9,1996.5,58782
2025-07-02 10:45:00,1996.5,1996.9,1995.1,1995.9,85803
2025-07-02 10:55:00,1995.7,1997.8,1994.9,1996.2,164750
2025-07-02 11:05:00,1995.8,1996.5,1993.3,1994.6,136386
2025-07-02 11:15:00,1994.6,1995.0,1992.2,1993.4,232944
2025-07-02 11:25:00,1993.6,1995.0,1992.1,1992.7,253953
2025-07-02 11:35:00,1992.7,1994.0,1991.1,1993.7,110256
2025-07-02 11:45:00,1993.7,1993.8,1991.0,1992.1,172465
2025-07-02 11:55:00,1992.1,1993.0,1991.5,1992.9,94835
2025-07-02 12:05:00,1992.9,1993.1,1992.3,1993.0,101742
2025-07-02 12:15:00,1992.7,1993.1,1991.7,1992.8,124220
2025-07-02 12:25:00,1992.9,1995.5,1992.5,1992.8,286793
2025-07-02 12:35:00,1992.9,1993.6,1992.0,1993.3,88464
2025-07-02 12:45:00,1992.9,1993.6,1988.1,1990.8,274105
2025-07-02 12:55:00,1990.8,1990.8,1988.0,1990.2,195482
2025-07-02 13:05:00,1990.2,1991.0,1989.1,1989.4,127468
2025-07-02 13:15:00,1989.1,1990.6,1986.5,1987.2,188267
2025-07-02 13:25:00,1987.2,1988.0,1984.0,1984.2,269855
2025-07-02 13:35:00,1984.3,1985.6,1981.6,1983.2,361791
2025-07-02 13:45:00,1983.1,1985.9,1983.0,1983.3,260809
2025-07-02 13:55:00,1983.2,1983.4,1980.9,1981.2,253858
2025-07-02 14:05:00,1981.2,1982.9,1980.9,1980.9,296164
2025-07-02 14:15:00,1980.8,1982.3,1980.0,1981.3,240780
2025-07-02 14:25:00,1981.4,1981.5,1980.0,1980.5,212020
2025-07-02 14:35:00,1980.5,1981.4,1977.9,1979.1,474345
2025-07-02 14:45:00,1979.2,1981.9,1979.0,1980.7,367457
2025-07-02 14:55:00,1980.7,1985.3,1980.5,1984.6,593009
2025-07-02 15:05:00,1984.4,1989.4,1984.1,1986.7,773465
2025-07-02 15:15:00,1986.7,1987.0,1984.3,1984.5,565573
2025-07-02 15:25:00,1984.5,1986.7,1984.1,1985.5,170566
2025-07-03 09:15:00,1994.9,1994.9,1987.5,1989.0,479555
2025-07-03 09:25:00,1989.1,1991.6,1987.9,1989.8,106605
2025-07-03 09:35:00,1989.8,1993.6,1989.3,1992.2,91157
2025-07-03 09:45:00,1992.5,1997.7,1992.2,1995.7,240428
2025-07-03 09:55:00,1995.4,2000.5,1995.0,1999.3,171732
2025-07-03 10:05:00,1999.4,2001.0,1996.6,1997.7,214335
2025-07-03 10:15:00,1997.7,2002.1,1997.6,2001.6,170607
2025-07-03 10:25:00,2001.7,2003.4,2000.2,2003.0,117097
2025-07-03 10:35:00,2003.0,2004.0,2002.2,2002.3,68981
2025-07-03 10:45:00,2002.3,2003.5,2001.0,2002.0,120215
2025-07-03 10:55:00,2002.0,2003.2,2002.0,2002.9,59560
2025-07-03 11:05:00,2002.9,2008.0,2002.8,2006.0,183494
2025-07-03 11:15:00,2006.0,2007.6,2005.0,2007.4,180153
2025-07-03 11:25:00,2007.1,2007.9,2004.3,2005.9,122964
2025-07-03 11:35:00,2005.9,2006.2,2000.2,2000.3,227859
2025-07-03 11:45:00,2000.3,2001.8,1997.8,1997.8,134798
2025-07-03 11:55:00,1997.8,1999.9,1997.3,1998.1,89679
2025-07-03 12:05:00,1998.1,1999.0,1998.1,1998.5,59375
2025-07-03 12:15:00,1998.5,2000.0,1997.7,1999.7,54641
2025-07-03 12:25:00,1999.7,2000.0,1998.1,1999.9,80529
2025-07-03 12:35:00,1999.3,2003.2,1999.2,2001.3,122857
2025-07-03 12:45:00,2001.3,2003.6,2000.7,2002.4,44697
2025-07-03 12:55:00,2002.4,2002.9,1999.1,2000.2,45853
2025-07-03 13:05:00,2000.0,2000.9,1998.2,1999.5,46551
2025-07-03 13:15:00,1999.4,1999.8,1996.8,1997.8,85320
2025-07-03 13:25:00,1997.8,1999.9,1997.0,1998.7,48152
2025-07-03 13:35:00,1998.7,2005.0,1998.1,2002.5,207586
2025-07-03 13:45:00,2002.4,2003.0,1995.4,1997.4,73037
2025-07-03 13:55:00,1997.4,1998.0,1994.0,1997.2,76057
2025-07-03 14:05:00,1997.2,1997.5,1994.7,1995.0,41959
2025-07-03 14:15:00,1994.9,1996.1,1991.7,1994.6,304921
2025-07-03 14:25:00,1994.0,1995.6,1989.5,1990.5,214104
2025-07-03 14:35:00,1990.5,1990.8,1986.9,1988.9,203455
2025-07-03 14:45:00,1989.0,1991.9,1986.1,1988.4,302570
2025-07-03 14:55:00,1988.4,1990.0,1984.8,1985.1,1087908
2025-07-03 15:05:00,1985.0,1990.0,1984.3,1986.2,1168473
2025-07-03 15:15:00,1986.4,1989.9,1985.6,1988.4,784235
2025-07-03 15:25:00,1988.5,1988.5,1985.1,1986.1,235504
2025-07-04 09:15:00,1987.1,2003.5,1987.1,1997.0,454107
2025-07-04 09:25:00,1997.1,1997.9,1989.7,1989.7,279992
2025-07-04 09:35:00,1989.7,1989.8,1983.0,1987.0,348451
2025-07-04 09:45:00,1987.0,1988.5,1984.5,1988.0,91908
2025-07-04 09:55:00,1987.9,1991.2,1987.1,1989.4,45271
2025-07-04 10:05:00,1989.3,1991.6,1989.0,1989.7,34586
2025-07-04 10:15:00,1989.9,1990.7,1987.0,1990.4,38255
2025-07-04 10:25:00,1990.7,1991.7,1989.5,1991.5,36694
2025-07-04 10:35:00,1991.1,1992.1,1991.1,1991.2,20043
2025-07-04 10:45:00,1991.6,1992.1,1989.1,1990.7,31423
2025-07-04 10:55:00,1990.7,1991.7,1990.3,1990.8,19717
2025-07-04 11:05:00,1990.9,1991.0,1988.0,1989.7,21918
2025-07-04 11:15:00,1989.7,1990.0,1986.4,1986.9,27007
2025-07-04 11:25:00,1987.0,1987.1,1986.3,1986.5,37893
2025-07-04 11:35:00,1986.5,1987.0,1985.0,1985.7,32628
2025-07-04 11:45:00,1985.9,1985.9,1983.0,1983.2,70029
2025-07-04 11:55:00,1983.1,1983.5,1980.5,1980.8,92736
2025-07-04 12:05:00,1980.8,1983.2,1980.0,1980.4,104227
2025-07-04 12:15:00,1980.4,1983.7,1980.2,1982.1,169905
2025-07-04 12:25:00,1981.8,1982.5,1980.0,1981.4,97888
2025-07-04 12:35:00,1981.4,1982.0,1981.2,1981.9,27782
2025-07-04 12:45:00,1981.9,1983.9,1981.8,1982.2,56921
2025-07-04 12:55:00,1982.2,1982.2,1981.5,1981.8,40922
2025-07-04 13:05:00,1982.0,1983.1,1981.8,1982.9,45537
2025-07-04 13:15:00,1982.4,1984.6,1982.4,1984.2,85166
2025-07-04 13:25:00,1984.3,1986.0,1983.5,1985.7,98540
2025-07-04 13:35:00,1985.7,1986.9,1985.0,1985.2,35293
2025-07-04 13:45:00,1985.2,1986.4,1983.9,1985.4,39963
2025-07-04 13:55:00,1985.4,1987.5,1984.9,1985.2,42067
2025-07-04 14:05:00,1985.1,1988.1,1985.0,1987.3,58683
2025-07-04 14:15:00,1987.3,1987.9,1982.1,1984.4,128121
2025-07-04 14:25:00,1984.4,1985.2,1982.2,1984.2,204483
2025-07-04 14:35:00,1984.0,1989.9,1983.6,1989.8,156568
2025-07-04 14:45:00,1990.0,1990.3,1987.4,1987.6,74634
2025-07-04 14:55:00,1987.6,1989.5,1987.5,1989.0,111327
2025-07-04 15:05:00,1989.1,1989.5,1986.5,1988.2,183488
2025-07-04 15:15:00,1988.5,1990.8,1987.8,1990.0,255235
2025-07-04 15:25:00,1990.5,1994.0,1990.1,1992.7,133253
2025-07-07 09:15:00,1989.0,1998.4,1987.0,1995.6,265310
2025-07-07 09:25:00,1996.0,1997.4,1993.1,1993.6,351924
2025-07-07 09:35:00,1993.6,1995.9,1993.4,1994.3,29863
2025-07-07 09:45:00,1994.4,1994.6,1990.5,1992.1,61465
2025-07-07 09:55:00,1992.1,1992.8,1988.1,1988.1,62715
2025-07-07 10:05:00,1988.0,1988.8,1984.6,1988.2,147464
2025-07-07 10:15:00,1988.2,1991.7,1985.6,1985.8,329649
2025-07-07 10:25:00,1985.7,1986.9,1984.1,1985.7,47424
2025-07-07 10:35:00,1985.6,1988.0,1984.3,1987.6,162602
2025-07-07 10:45:00,1988.0,1990.6,1986.7,1989.9,125639
2025-07-07 10:55:00,1989.9,1994.9,1989.0,1993.0,166219
2025-07-07 11:05:00,1993.1,1993.3,1989.6,1991.0,119043
2025-07-07 11:15:00,1991.0,1991.8,1989.4,1990.0,78378
2025-07-07 11:25:00,1989.8,1990.0,1989.0,1989.1,37959
2025-07-07 11:35:00,1989.1,1990.0,1989.0,1989.7,51153
2025-07-07 11:45:00,1990.0,1990.0,1986.8,1987.0,66402
2025-07-07 11:55:00,1987.0,1988.0,1984.6,1984.8,132542
2025-07-07 12:05:00,1985.0,1986.8,1984.0,1984.9,85216
2025-07-07 12:15:00,1984.9,1988.7,1983.8,1988.4,117686
2025-07-07 12:25:00,1988.3,1989.8,1987.8,1989.8,40016
2025-07-07 12:35:00,1989.8,1990.9,1988.2,1990.4,157724
2025-07-07 12:45:00,1990.9,1992.0,1990.0,1992.0,34976
2025-07-07 12:55:00,1992.0,1992.6,1985.4,1989.1,215496
2025-07-07 13:05:00,1989.1,1995.0,1989.1,1992.0,222107
2025-07-07 13:15:00,1991.5,1992.9,1991.5,1992.3,63213
2025-07-07 13:25:00,1992.3,1992.3,1989.6,1990.4,43148
2025-07-07 13:35:00,1990.4,1991.8,1989.9,1991.3,111035
2025-07-07 13:45:00,1991.5,1993.0,1988.6,1990.1,133146
2025-07-07 13:55:00,1989.3,1995.0,1989.2,1993.3,204998
2025-07-07 14:05:00,1993.3,1993.8,1989.9,1990.4,95363
2025-07-07 14:15:00,1990.6,1991.0,1989.1,1989.7,106125
2025-07-07 14:25:00,1990.0,1990.8,1986.3,1988.9,193979
2025-07-07 14:35:00,1988.4,1988.9,1984.4,1985.0,143472
2025-07-07 14:45:00,1985.0,1986.9,1984.9,1985.7,227368
2025-07-07 14:55:00,1985.2,1989.4,1985.1,1987.6,274486
2025-07-07 15:05:00,1987.5,1987.9,1986.0,1987.1,355070
2025-07-07 15:15:00,1987.2,1988.8,1985.6,1986.7,427925
2025-07-07 15:25:00,1987.0,1987.9,1985.2,1985.5,140206
2025-07-08 09:15:00,1977.0,1987.7,1977.0,1986.9,458544
2025-07-08 09:25:00,1987.1,1990.0,1984.4,1986.0,157674
2025-07-08 09:35:00,1985.6,1989.5,1985.6,1989.0,159907
2025-07-08 09:45:00,1989.0,1989.8,1987.0,1987.0,106672
2025-07-08 09:55:00,1987.0,1988.0,1984.4,1986.7,91640
2025-07-08 10:05:00,1986.6,1987.8,1986.1,1987.0,74234
2025-07-08 10:15:00,1986.9,1989.9,1986.9,1988.6,83351
2025-07-08 10:25:00,1989.0,1989.2,1987.7,1988.6,62214
2025-07-08 10:35:00,1989.0,1989.6,1987.8,1988.0,74448
2025-07-08 10:45:00,1988.0,1989.3,1984.4,1986.4,252273
2025-07-08 10:55:00,1986.4,1988.7,1986.2,1986.5,80604
2025-07-08 11:05:00,1986.3,1989.3,1985.7,1987.3,176974
2025-07-08 11:15:00,1987.3,1988.5,1986.4,1987.0,144882
2025-07-08 11:25:00,1986.9,1994.9,1986.6,1992.1,236826
2025-07-08 11:35:00,1992.1,1992.7,1990.3,1990.4,54362
2025-07-08 11:45:00,1990.4,1991.6,1989.9,1990.9,82588
2025-07-08 11:55:00,1990.6,1993.0,1990.6,1992.7,149239
2025-07-08 12:05:00,1992.7,1994.0,1989.0,1989.3,107320
2025-07-08 12:15:00,1989.2,1992.3,1989.2,1991.5,80065
2025-07-08 12:25:00,1991.5,1992.9,1991.1,1991.6,66343
2025-07-08 12:35:00,1991.6,1991.9,1987.5,1989.1,307066
2025-07-08 12:45:00,1989.5,1990.0,1987.9,1988.0,56226
2025-07-08 12:55:00,1988.0,1990.1,1987.5,1989.7,95599
2025-07-08 13:05:00,1989.7,1992.7,1988.8,1992.3,173778
2025-07-08 13:15:00,1992.0,1992.7,1991.1,1991.9,99142
2025-07-08 13:25:00,1991.9,1993.9,1991.4,1993.3,105106
2025-07-08 13:35:00,1993.3,1994.0,1992.6,1992.8,80085
2025-07-08 13:45:00,1992.8,1994.9,1992.7,1994.9,83919
2025-07-08 13:55:00,1994.9,1994.9,1994.1,1994.7,79167
2025-07-08 14:05:00,1994.7,1994.9,1991.4,1993.0,128234
2025-07-08 14:15:00,1993.0,1994.3,1992.0,1994.1,90109
2025-07-08 14:25:00,1993.5,1996.7,1993.5,1996.0,168851
2025-07-08 14:35:00,1996.2,1997.0,1991.8,1992.1,223483
2025-07-08 14:45:00,1992.7,1999.9,1991.2,1998.0,679243
2025-07-08 14:55:00,1997.8,2003.4,1997.2,2001.4,659687
2025-07-08 15:05:00,2001.3,2005.0,2000.0,2002.7,726251
2025-07-08 15:15:00,2002.7,2002.9,1998.5,1998.9,652780
2025-07-08 15:25:00,1999.0,2000.9,1998.9,1999.4,197021
